{"type": "FeatureCollection", "features": [{"type": "Feature", "geometry": {"type": "MultiPolygon", "coordinates": [[[[-74.0257288705164, 40.6410403252575], [-74.0255660575646, 40.6409426517541], [-74.0257453086573, 40.6407707828336], [-74.0259106350158, 40.6408660467447], [-74.0257288705164, 40.6410403252575]]], [[[-74.026144072887, 40.6409287906267], [-74.0261384527413, 40.6409104456609], [-74.0260159115544, 40.640510514332], [-74.0263158010664, 40.6402220748439], [-74.0264552187847, 40.6400879790247], [-74.0272100588949, 40.6405462767055], [-74.0284068778733, 40.6412728976539], [-74.0277631093094, 40.6418909204949], [-74.0277545159715, 40.6418991704803], [-74.0271355115814, 40.642493405584], [-74.0273593378183, 40.6426279692527], [-74.0274057486053, 40.6425848710735], [-74.0286328940888, 40.6414453224005], [-74.0307269913325, 40.6427006532104], [-74.0322688276489, 40.643627712716], [-74.032239730343, 40.6436557852891], [-74.0325298401658, 40.6438317594424], [-74.0324491386032, 40.6439078021913], [-74.0321563824966, 40.6437361987876], [-74.0321418087192, 40.643747305376], [-74.0321328437958, 40.6437567038749], [-74.032122756523, 40.6437652490063], [-74.0321115476375, 40.6437772101712], [-74.0321014595612, 40.6437866080612], [-74.0320868898235, 40.6438011329565], [-74.0320733700315, 40.6438137367785], [-74.0323605933516, 40.6439923876471], [-74.0322787705601, 40.6440684332671], [-74.0319855728699, 40.6438984145183], [-74.0319714425028, 40.6439122071565], [-74.0319400384739, 40.6438985478138], [-74.0319209805134, 40.6439122211756], [-74.0318761368219, 40.6439352959206], [-74.0318638060186, 40.6439446944099], [-74.0315959168673, 40.6441899128772], [-74.031576861462, 40.6442044380195], [-74.0315017584133, 40.6442651031355], [-74.0314367377366, 40.6443044123398], [-74.0313403535065, 40.6444188954871], [-74.0313011125955, 40.6444308668027], [-74.0312618768644, 40.6444565008181], [-74.031192384548, 40.6445308313521], [-74.0312013637084, 40.6445462044265], [-74.0310500459005, 40.6446905966331], [-74.0310366016306, 40.6447187891584], [-74.0309906343624, 40.6447375917829], [-74.0309434181006, 40.6447825820243], [-74.0309368320727, 40.6447888574677], [-74.0309962841711, 40.6448289866295], [-74.0309312758246, 40.6448964817609], [-74.0308965175494, 40.6449084508942], [-74.0308471677029, 40.6448862555194], [-74.0307306062044, 40.6450203901403], [-74.0306487690237, 40.6450716604182], [-74.0306465357327, 40.6450921613576], [-74.0306936488784, 40.6451246061658], [-74.0306039758323, 40.6452074840362], [-74.030568107183, 40.6452399500288], [-74.0305131818107, 40.6452903603755], [-74.0303460486827, 40.6451887612454], [-74.0301419033092, 40.6450658149607], [-74.0297459471828, 40.6448233382646], [-74.0290763089045, 40.6444177819784], [-74.0289877559131, 40.6445015137468], [-74.0282564374436, 40.6440609497084], [-74.0277789210304, 40.6445086444043], [-74.0276107800777, 40.6446624330595], [-74.0274359174714, 40.6448367243346], [-74.0272857116053, 40.6449811131561], [-74.0268810498991, 40.645369849614], [-74.0265357951052, 40.645698781031], [-74.0261905378231, 40.6460328371534], [-74.0261782126267, 40.6460567550179], [-74.0262017773575, 40.6460986039317], [-74.0262242137207, 40.6461182463164], [-74.0261883416881, 40.6461515655399], [-74.0260616692956, 40.6462694685231], [-74.0260499633929, 40.6462807681994], [-74.0272775717839, 40.6470165742086], [-74.0296692323887, 40.6484798903322], [-74.0293558428954, 40.6487829670549], [-74.0264208132267, 40.6470167742473], [-74.0257238885736, 40.646595587099], [-74.0254111110537, 40.6468975643983], [-74.0250672432014, 40.646690980979], [-74.024948294119, 40.6466195201079], [-74.0248268962612, 40.646546588209], [-74.023919713609, 40.646001568955], [-74.0240558794708, 40.6458874755202], [-74.0218456675637, 40.6445211902503], [-74.025125704082, 40.6413667129276], [-74.0251779397866, 40.641316472374], [-74.0266169144593, 40.6421816213733], [-74.0264428756474, 40.6419039560579], [-74.026144072887, 40.6409287906267]]]]}, "properties": {"campus_name": "NYC Design & Construction / public buildings cluster (4 lots)", "owner_key": "DSBS", "owner_label": "NYC Design & Construction / public buildings", "lot_count": 4, "bldg_area_sqft": 5359400, "derivation": "contiguous lots, owner=DSBS, snap=0.0003deg", "kind": "campus", "owner_kind": "public"}}, {"type": "Feature", "geometry": {"type": "MultiPolygon", "coordinates": [[[[-73.9058365999832, 40.6637462829004], [-73.9055721173154, 40.6637854438705], [-73.905408943678, 40.6631697030213], [-73.9087774483232, 40.6626797336775], [-73.9091200428542, 40.6640278515631], [-73.905767907404, 40.664524250587], [-73.9056676833261, 40.6641460639676], [-73.9059321685773, 40.6641069018604], [-73.9058365999832, 40.6637462829004]]], [[[-73.9087650844234, 40.6652703628266], [-73.9088663720519, 40.6656701779248], [-73.9073693951091, 40.665890754304], [-73.9073591530373, 40.6658503281437], [-73.9064876073445, 40.6659792172448], [-73.9064978489083, 40.6660196444022], [-73.906127664209, 40.6660743860516], [-73.9057877736313, 40.6647545433774], [-73.906163119184, 40.6646981734624], [-73.9061733591444, 40.6647386006539], [-73.907044399946, 40.6646077801129], [-73.9070341594765, 40.6645673539185], [-73.907943116785, 40.6644308316946], [-73.9079533577832, 40.6644712587289], [-73.9087857960311, 40.6643462222737], [-73.9087755533393, 40.664305795312], [-73.9091727890181, 40.664246127151], [-73.9093738532944, 40.6650397723191], [-73.908730944917, 40.6651356076325], [-73.9087650844234, 40.6652703628266]]], [[[-73.9082671401679, 40.6667170365976], [-73.908275711588, 40.6667000074479], [-73.9082815339085, 40.6666800503121], [-73.9082831668713, 40.6666578620258], [-73.908279983463, 40.6666362335255], [-73.9082723730287, 40.6666157515819], [-73.9082602875721, 40.6665961673506], [-73.908243825503, 40.6665780656156], [-73.9082243047693, 40.6665627655044], [-73.90820153803, 40.6665499537247], [-73.9081759798011, 40.666540041161], [-73.908153166509, 40.6665343208626], [-73.908121153366, 40.6665305257836], [-73.908091171913, 40.666531136655], [-73.9080635009427, 40.6665353109841], [-73.908033489066, 40.6665441994076], [-73.9080204063643, 40.66654974329], [-73.908006644957, 40.6665569058027], [-73.9079950391575, 40.6665120013239], [-73.9071394229198, 40.6666409657404], [-73.9071804191425, 40.6667995914823], [-73.906349091735, 40.6669248882774], [-73.9061771376475, 40.6662619653054], [-73.9066308364797, 40.6661944571156], [-73.9066411371757, 40.6662348743523], [-73.9074760361254, 40.6661106427361], [-73.907465734834, 40.6660702246534], [-73.9083607724938, 40.6659370351371], [-73.9083710743058, 40.665977454059], [-73.9091988933532, 40.6658542615264], [-73.9091885910574, 40.665813843598], [-73.9095565081808, 40.6657590893124], [-73.9098928247947, 40.6670784433062], [-73.9095355403633, 40.6671317211215], [-73.9095246588713, 40.667089032548], [-73.9086721146087, 40.6672118062192], [-73.9086830448652, 40.6672546866646], [-73.9083115782908, 40.6673100755821], [-73.9081933720068, 40.6668180552758], [-73.9081951225056, 40.6668050109034], [-73.9081997781294, 40.6667924100775], [-73.9082577471913, 40.6667303486151], [-73.9082671401679, 40.6667170365976]]], [[[-73.9070408329073, 40.6683571388073], [-73.9070244165422, 40.6682934050297], [-73.907006996914, 40.6682257658115], [-73.9069896526013, 40.6681584282472], [-73.9069529631653, 40.6680159801352], [-73.9068849110591, 40.6677517522895], [-73.9096410488587, 40.6673414514216], [-73.9096600307074, 40.6674144090536], [-73.9096845964217, 40.6675088330507], [-73.9097121457304, 40.6676147293116], [-73.909884920891, 40.6682788316436], [-73.9095267863085, 40.6683316252015], [-73.909489143288, 40.6681862477647], [-73.9092847512008, 40.6682176463155], [-73.9093540129229, 40.6685033491238], [-73.9092612086975, 40.6685171268016], [-73.9091920590197, 40.6682318850814], [-73.9091080788846, 40.6682447861402], [-73.9090210030692, 40.6682581611394], [-73.9089286704628, 40.6682723460165], [-73.9088431678412, 40.6682854798429], [-73.9087505074521, 40.6682997137616], [-73.9085703297935, 40.6683273903472], [-73.9083637223271, 40.6683591267544], [-73.9080999495577, 40.6683996440477], [-73.9080081701069, 40.6684137421233], [-73.9079153248463, 40.6684280031634], [-73.9076450288527, 40.6684695218066], [-73.9074499894169, 40.6684994791934], [-73.9072630787451, 40.668528188473], [-73.9071741770219, 40.6685418451332], [-73.9070916688349, 40.6685545163421], [-73.9070743831535, 40.6684874012957], [-73.907057706852, 40.6684226586971], [-73.9070408329073, 40.6683571388073]]]]}, "properties": {"campus_name": "NYC Housing Authority cluster (4 lots)", "owner_key": "NYCHA", "owner_label": "NYC Housing Authority", "lot_count": 4, "bldg_area_sqft": 4041054, "derivation": "contiguous lots, owner=NYCHA, snap=0.0003deg", "kind": "campus", "owner_kind": "public"}}, {"type": "Feature", "geometry": {"type": "Polygon", "coordinates": [[[-73.8466877691653, 40.8513450354903], [-73.846801296502, 40.8513259644255], [-73.846933283306, 40.851301856882], [-73.8470425966083, 40.8512788195764], [-73.8472328408444, 40.8512543144053], [-73.847375276672, 40.8512419725912], [-73.8474575481341, 40.8512413808469], [-73.8478429157006, 40.8512386074097], [-73.8478956223281, 40.8512458313383], [-73.8479356806549, 40.8512553672986], [-73.8479667507917, 40.8512665959497], [-73.847989573829, 40.8512779010659], [-73.8480089617411, 40.8512926704], [-73.8480256751771, 40.851311193997], [-73.8480404692823, 40.8513366533109], [-73.8480474832141, 40.8513644985334], [-73.8480474780444, 40.8513906344785], [-73.8480351334738, 40.8516690263178], [-73.8480712422144, 40.8516721742742], [-73.8480471504849, 40.8520292752924], [-73.847725910071, 40.8520012642929], [-73.8477162475564, 40.8520933007991], [-73.8477099807678, 40.8521529987686], [-73.8477034789345, 40.8522149225048], [-73.8476973989112, 40.8522728243116], [-73.8476910691536, 40.8523331102333], [-73.8476848569926, 40.8523922689221], [-73.8476782858396, 40.8524548534673], [-73.8476714250637, 40.8525202084952], [-73.8476641980222, 40.8525890380588], [-73.8476502071697, 40.8527222798549], [-73.8476446629111, 40.8527751026792], [-73.8476387464447, 40.8528314449592], [-73.8476316540355, 40.8528989959699], [-73.8476241723784, 40.8529702394166], [-73.8476185990396, 40.8530233295746], [-73.8476125102747, 40.8530813268119], [-73.8476058263696, 40.8531449755882], [-73.8475906013916, 40.853310002331], [-73.8475854952531, 40.8533817053515], [-73.8475822516678, 40.853427255231], [-73.8475785866006, 40.853478737888], [-73.8475750120387, 40.8535289472934], [-73.847571447418, 40.8535789982603], [-73.8475681927636, 40.853624706573], [-73.8475644675802, 40.8536770265729], [-73.8475611075675, 40.8537242322379], [-73.847557513402, 40.8537747145107], [-73.8475541925915, 40.853821348501], [-73.8475504404137, 40.8538740439253], [-73.8475468867665, 40.8539239544409], [-73.8475434005536, 40.8539728997046], [-73.8475400306511, 40.8540202251538], [-73.8475364806123, 40.8540700924201], [-73.8475329294044, 40.854119987628], [-73.8475308498076, 40.8541491905952], [-73.847529865819, 40.8541697502095], [-73.84753089066, 40.8542172606614], [-73.8475351352303, 40.8542679712184], [-73.8475474010052, 40.8543836349664], [-73.8479094731977, 40.8543335898648], [-73.8479414055315, 40.8544367095039], [-73.8479814967806, 40.8545255805717], [-73.8480195486748, 40.8545919898043], [-73.8480787915077, 40.8546760387875], [-73.8481694351459, 40.854777368054], [-73.8499313619235, 40.8563589342831], [-73.8492466491999, 40.8568352114682], [-73.849238421334, 40.8574052365363], [-73.8467887536306, 40.8573737862968], [-73.846286784759, 40.8573335716847], [-73.8441612215024, 40.8571234133927], [-73.8439787925615, 40.8570914731202], [-73.8440090075245, 40.856982714709], [-73.8440446493246, 40.8568316062541], [-73.8440680879944, 40.8567098616776], [-73.8440846513576, 40.8566042725231], [-73.8441060930126, 40.8564100410732], [-73.8441123051605, 40.8563159732161], [-73.8441173422562, 40.8561711970808], [-73.844113885876, 40.8560417933984], [-73.844111604804, 40.855965053102], [-73.8441084563887, 40.8559152912643], [-73.8441034052765, 40.8558525372343], [-73.8440892684159, 40.8557239755271], [-73.8440744708574, 40.8556202718902], [-73.8440549588111, 40.8555130707091], [-73.8440320771742, 40.8554055237232], [-73.8440210382083, 40.8553564049205], [-73.8437709326547, 40.8544489013975], [-73.8435217864496, 40.8535448518333], [-73.8434951889989, 40.8534259875648], [-73.8434635670501, 40.8532535723779], [-73.8434608833217, 40.8531673879882], [-73.8434620066302, 40.8530987386383], [-73.843470884289, 40.8530152371454], [-73.8434963036624, 40.8528942877071], [-73.8435340986258, 40.8527782141209], [-73.8435862918564, 40.8526767669621], [-73.8443684449413, 40.8514043457968], [-73.84516755584, 40.8513877938941], [-73.84653481857, 40.8513594597124], [-73.8466877691653, 40.8513450354903]]]}, "properties": {"campus_name": "HHC cluster (6 lots)", "owner_key": "HHC", "owner_label": "HHC", "lot_count": 6, "bldg_area_sqft": 3251148, "derivation": "contiguous lots, owner=HHC, snap=0.0003deg", "kind": "campus", "owner_kind": "public"}}, {"type": "Feature", "geometry": {"type": "MultiPolygon", "coordinates": [[[[-73.9752854487625, 40.7190977066044], [-73.9753935773657, 40.7191134760835], [-73.9766639169251, 40.7193770379835], [-73.9767967573205, 40.7194045979858], [-73.9767944145084, 40.7194095412612], [-73.9767887183232, 40.7194085279891], [-73.9767830313135, 40.719408635769], [-73.976777925253, 40.7194092398542], [-73.9767722945622, 40.7194105526067], [-73.9767650004362, 40.7194134624351], [-73.9767613064262, 40.7194172663998], [-73.9767591175655, 40.7194218477063], [-73.9767573341191, 40.7194283139639], [-73.976602147066, 40.7198620878949], [-73.9766001226452, 40.719876782022], [-73.9766028436987, 40.7198904468365], [-73.9766131555262, 40.719902062841], [-73.9766234017665, 40.7199122694881], [-73.9769253404738, 40.7200408592717], [-73.9774578183154, 40.7202676294156], [-73.9776873188989, 40.7199557131913], [-73.9778383054394, 40.719750504369], [-73.9779365257428, 40.7197913100407], [-73.9785460707489, 40.7200445369735], [-73.9768440310791, 40.7223789436818], [-73.9749075358628, 40.721562351993], [-73.9750354747202, 40.7204753086769], [-73.9750514926358, 40.7202966510101], [-73.9750454191286, 40.720127655516], [-73.9750637864991, 40.7197809181536], [-73.9751333228025, 40.7191609671693], [-73.9751519514411, 40.7191243186251], [-73.9751843565623, 40.7191040280814], [-73.9752081527146, 40.719098584234], [-73.9752200868475, 40.7190976583403], [-73.9752854487625, 40.7190977066044]]], [[[-73.9744159104258, 40.7228683619212], [-73.9744739780095, 40.72276569696], [-73.9745282843285, 40.7226620035361], [-73.974578781958, 40.722557398934], [-73.9746013390388, 40.7225083315563], [-73.974644088223, 40.7224074109591], [-73.9746824466225, 40.7223053187179], [-73.9747163192605, 40.7222023141659], [-73.9747455119585, 40.7220989906653], [-73.97476888924, 40.7220149160627], [-73.9747893836008, 40.7219300016239], [-73.9748068409331, 40.721844703771], [-73.9748242825197, 40.7217412939301], [-73.976709165124, 40.7225353125204], [-73.9758547577136, 40.723706133879], [-73.9751175741534, 40.7247162809879], [-73.9747127257092, 40.7245392841097], [-73.9747148457466, 40.7245140271682], [-73.9747140646951, 40.7244887262525], [-73.974710388312, 40.7244635732814], [-73.9747038450113, 40.7244387592597], [-73.9746944821172, 40.7244144740194], [-73.9746823740074, 40.7243909023844], [-73.9746676118919, 40.724368222485], [-73.9746503068766, 40.7243466091129], [-73.9746305914128, 40.724326223593], [-73.9746086171906, 40.7243072242416], [-73.9745845484461, 40.7242897544899], [-73.9745585721775, 40.7242739457228], [-73.9745308813278, 40.7242599204609], [-73.9745016912731, 40.7242477850842], [-73.9744712198205, 40.7242376304106], [-73.9744397023717, 40.7242295350484], [-73.9744073769731, 40.7242235611247], [-73.9743744906971, 40.7242197527848], [-73.9743412924903, 40.7242181388617], [-73.9743080364705, 40.7242187338845], [-73.974274974899, 40.7242215307165], [-73.9742423588282, 40.7242265085815], [-73.9742104377803, 40.7242336308084], [-73.9741794546869, 40.7242428441604], [-73.9741496436888, 40.724254074068], [-73.97412123343, 40.7242672394299], [-73.9740960482116, 40.724281258262], [-73.9736491017334, 40.7240920481262], [-73.974301665035, 40.7230518846635], [-73.9743674489892, 40.7229462101238], [-73.9744159104258, 40.7228683619212]]], [[[-73.9734466431901, 40.724275325477], [-73.973922790001, 40.7244762046841], [-73.9739184476281, 40.7245022184857], [-73.9739186862457, 40.7245216272495], [-73.9739201547428, 40.7245378772753], [-73.9739226673942, 40.7245534827664], [-73.9739273400252, 40.7245729258313], [-73.9739337702523, 40.7245923323986], [-73.9739401962158, 40.7246077460211], [-73.9739490123305, 40.7246252872499], [-73.973958326341, 40.7246409456464], [-73.9739672116286, 40.7246539950801], [-73.9739771836085, 40.7246670196598], [-73.9739882989328, 40.7246799768986], [-73.9739978636513, 40.724690071012], [-73.9740062100563, 40.7246982126343], [-73.9740081777253, 40.7247000500942], [-73.9740112506091, 40.7247028621953], [-73.9740225542339, 40.7247126424699], [-73.9740351751732, 40.7247226247467], [-73.9740452085631, 40.724729941854], [-73.9740586052539, 40.7247389553493], [-73.9740740779327, 40.7247484042582], [-73.9740851462156, 40.7247545932685], [-73.9740964751256, 40.7247604806574], [-73.9741086087885, 40.7247663160206], [-73.9741196575588, 40.7247712334691], [-73.9741320082626, 40.7247763105819], [-73.9741454798533, 40.7247813735547], [-73.9741619932385, 40.7247869361595], [-73.9741763717986, 40.7247912356812], [-73.9741940597637, 40.7247958646434], [-73.9742194861503, 40.7248013076794], [-73.9742430536441, 40.7248051355639], [-73.9742628032606, 40.7248074786215], [-73.9742811825935, 40.7248089658591], [-73.9743030135367, 40.7248098793691], [-73.974323084817, 40.7248099099479], [-73.9743384572442, 40.7248094082331], [-73.9743538060921, 40.7248084507296], [-73.9743696936425, 40.7248069738961], [-73.9743855128714, 40.7248050079678], [-73.9744052184208, 40.7248018470574], [-73.9744241370767, 40.7247980502351], [-73.9744430063189, 40.7247934869861], [-73.9744687869565, 40.7247859329839], [-73.9744947741044, 40.72477665085], [-73.9745173086393, 40.7247671077627], [-73.9745435695034, 40.7247540147802], [-73.9745595642217, 40.7247448447853], [-73.974977899162, 40.7249213282729], [-73.9739428133193, 40.7263456331298], [-73.9733108305317, 40.7260806505127], [-73.9731350393664, 40.7263225386248], [-73.9737670225399, 40.7265875213614], [-73.9736281084889, 40.7267786622781], [-73.9722543238381, 40.7262026430827], [-73.972412117733, 40.7259062279372], [-73.9734466431901, 40.724275325477]]]]}, "properties": {"campus_name": "NYC Housing Authority cluster (4 lots)", "owner_key": "NYCHA", "owner_label": "NYC Housing Authority", "lot_count": 4, "bldg_area_sqft": 3108858, "derivation": "contiguous lots, owner=NYCHA, snap=0.0003deg", "kind": "campus", "owner_kind": "public"}}, {"type": "Feature", "geometry": {"type": "MultiPolygon", "coordinates": [[[[-73.9291890080924, 40.8245138483671], [-73.9291126694808, 40.8246311099219], [-73.9289062895173, 40.8245895528536], [-73.9287401406853, 40.8245560959847], [-73.9287189883346, 40.8245512525999], [-73.9286947415575, 40.8245445397742], [-73.9286598629858, 40.8245331061737], [-73.9286296127874, 40.8245213530884], [-73.9285949356188, 40.8245055513285], [-73.9285755682403, 40.8244955231586], [-73.928540795355, 40.824475040512], [-73.9285185456261, 40.8244600172659], [-73.9284946406648, 40.8244419016155], [-73.9282917177773, 40.824109492473], [-73.9285526140054, 40.8236548769177], [-73.9290624635393, 40.824342408866], [-73.9291890080924, 40.8245138483671]]], [[[-73.9281707810815, 40.8242761188776], [-73.9295986071005, 40.8265280447268], [-73.928134540457, 40.8259696005599], [-73.9273178049873, 40.8256986689001], [-73.9281707810815, 40.8242761188776]]], [[[-73.9303236719813, 40.827746396442], [-73.9302771598669, 40.8277673507055], [-73.9302343646738, 40.8277924333492], [-73.9301959233728, 40.8278212709742], [-73.9301624077991, 40.827853437102], [-73.9301343175959, 40.8278884511691], [-73.93011206941, 40.8279257911454], [-73.9300959944609, 40.8279649043318], [-73.9300863330293, 40.8280052064372], [-73.9300832445785, 40.8280392784161], [-73.9300831766459, 40.8280463851332], [-73.9300845007372, 40.8280713026285], [-73.930088257677, 40.8280960775383], [-73.9300944273431, 40.8281205738204], [-73.9301029755174, 40.8281446573455], [-73.9301138561947, 40.828168196661], [-73.9301270089362, 40.8281910618869], [-73.9301423617349, 40.82821312791], [-73.930159830357, 40.8282342740428], [-73.9301863421665, 40.8282609248936], [-73.9302162324778, 40.8282854445601], [-73.9302492004324, 40.8283075897436], [-73.9302849204751, 40.8283271394675], [-73.9303230368482, 40.8283438990919], [-73.9303631680955, 40.8283577036584], [-73.9304049197387, 40.8283684132168], [-73.9304478732503, 40.8283759222686], [-73.9303175721143, 40.8284113798219], [-73.9301564623834, 40.8284590230141], [-73.9299727203518, 40.8285186729658], [-73.9297737521252, 40.8285899414661], [-73.9295771584836, 40.8286675505919], [-73.9293952552915, 40.8287461129718], [-73.9292342687697, 40.8288214019382], [-73.9290894918489, 40.8288940198748], [-73.928997006613, 40.8289429815115], [-73.9289058012213, 40.8289933233179], [-73.9288933601285, 40.8289980738423], [-73.9288821968383, 40.82900077835], [-73.928868504864, 40.8290023728148], [-73.9288555000046, 40.8290022504302], [-73.928845119719, 40.8290010085488], [-73.9288353297684, 40.8289988449399], [-73.9288270032249, 40.8289961643835], [-73.9288187037299, 40.8289926014073], [-73.9275714024811, 40.8282225594804], [-73.9292582957557, 40.827478593265], [-73.9297138049104, 40.8267682753281], [-73.9305293135265, 40.8270758331665], [-73.9305294334619, 40.8270903933547], [-73.9305301497612, 40.8271775473461], [-73.9305339491462, 40.8272502862169], [-73.9305404453774, 40.827323174453], [-73.9305483558674, 40.827386991044], [-73.93055872874, 40.8274529594894], [-73.9305715545726, 40.8275198785235], [-73.9305863181343, 40.8275851301403], [-73.930549456507, 40.8276476833724], [-73.9305260146371, 40.8276874648874], [-73.9305255503638, 40.8276882515892], [-73.9305207121099, 40.8276964639156], [-73.9305129868171, 40.8277095714039], [-73.9304639090823, 40.8277126953537], [-73.9304155975405, 40.8277199431337], [-73.9303686570369, 40.8277312231707], [-73.9303236719813, 40.827746396442]]], [[[-73.9314790919798, 40.8280413562063], [-73.9314843470111, 40.8280451188846], [-73.9314896648733, 40.8280488303181], [-73.9314950443569, 40.8280524904207], [-73.9315004832565, 40.8280560991914], [-73.9315059826748, 40.8280596549579], [-73.9315115401919, 40.8280631584716], [-73.9315171547043, 40.828066607139], [-73.9315228286363, 40.8280700026328], [-73.931528555823, 40.8280733432794], [-73.9315343400059, 40.8280766281583], [-73.9315401776625, 40.8280798581037], [-73.9315460662607, 40.8280830321953], [-73.9315520095455, 40.8280861496829], [-73.9315580037748, 40.8280892085538], [-73.9315640479541, 40.8280922108178], [-73.9315701418649, 40.8280951545496], [-73.9315762845181, 40.8280980397484], [-73.9315824747006, 40.8281008664975], [-73.9315887110928, 40.8281036329557], [-73.9315949913807, 40.8281063390367], [-73.9316013181006, 40.828108984827], [-73.9316076886059, 40.8281115703252], [-73.9316140995944, 40.828114094609], [-73.9316205532709, 40.8281165568422], [-73.9316270461091, 40.8281189577766], [-73.9316335793222, 40.8281212957376], [-73.9316401518091, 40.8281235707272], [-73.931646761038, 40.8281257817401], [-73.931653404693, 40.8281279306123], [-73.9316600852001, 40.8281300156754], [-73.9316667989265, 40.8281320358383], [-73.9316684652304, 40.8281325258129], [-73.9316285958801, 40.8281347831487], [-73.9316311306686, 40.8281623371081], [-73.9315438532082, 40.8281669345207], [-73.9313894776248, 40.828176321442], [-73.9312623252488, 40.8281862511027], [-73.9311523614022, 40.8281995083875], [-73.9310187557574, 40.8282190530513], [-73.9308995972901, 40.8282412959408], [-73.9308329164618, 40.8282551172775], [-73.9308057366518, 40.8282607552404], [-73.9306880633162, 40.827904181092], [-73.9309843542178, 40.8280186712577], [-73.9314485967287, 40.8279730489965], [-73.9314606828019, 40.8280283979334], [-73.9314619646271, 40.8280291965513], [-73.931468769524, 40.8280336823808], [-73.9314738986766, 40.8280375440387], [-73.9314790919798, 40.8280413562063]]], [[[-73.9313401488677, 40.8283983047664], [-73.9314810412517, 40.8291889298527], [-73.9308744058298, 40.8284692178431], [-73.9308729002619, 40.828464652333], [-73.931009308597, 40.8284397507321], [-73.9310969308664, 40.8284264180786], [-73.931170617939, 40.8284162379351], [-73.9312888067269, 40.8284022435616], [-73.9313401488677, 40.8283983047664]]], [[[-73.9293697757873, 40.8289912355832], [-73.9294766163132, 40.8289398799887], [-73.9295875208046, 40.8288895227372], [-73.9297011677102, 40.8288408995471], [-73.9298342046744, 40.8287876406137], [-73.9300179842487, 40.8287202421519], [-73.9301987452777, 40.8286605795333], [-73.9303887655782, 40.8286045880779], [-73.9304940950667, 40.8285764048665], [-73.9305717707399, 40.8285568893121], [-73.9305844604695, 40.8285886304367], [-73.9312510328762, 40.8293628397613], [-73.9308787141519, 40.8295497401658], [-73.9306796120576, 40.8296496882203], [-73.9306007669507, 40.8296821387585], [-73.9305400344203, 40.8297053736436], [-73.9304651134474, 40.8297320219329], [-73.9303963152312, 40.8297546089592], [-73.9303551338431, 40.8297680527915], [-73.9303156944578, 40.8297787097228], [-73.9302787402373, 40.8297868513432], [-73.9302490218203, 40.8297921669744], [-73.9302262704552, 40.8297955174784], [-73.9302058981252, 40.8297980003666], [-73.9301888366264, 40.8297997082302], [-73.9301683917493, 40.8298013167478], [-73.9301249034208, 40.8298010166742], [-73.9300810143631, 40.8297974033584], [-73.9300375686062, 40.8297904540546], [-73.9299842281786, 40.8297769952378], [-73.929946672668, 40.8297638990282], [-73.9299040529934, 40.8297448186884], [-73.9298610942542, 40.8297200685504], [-73.929281371042, 40.8293671292121], [-73.9290698240611, 40.8291565850599], [-73.9291502716073, 40.8291078735573], [-73.9292487731314, 40.8290536422897], [-73.9293697757873, 40.8289912355832]]], [[[-73.9323040422314, 40.8302853500808], [-73.9323045713664, 40.8302569641157], [-73.9323020503666, 40.830182921177], [-73.9323020227626, 40.8301821224674], [-73.9322983711899, 40.8301356763204], [-73.9322939771427, 40.8301070056157], [-73.93228931992, 40.8300794729384], [-73.9322884581908, 40.8300769798951], [-73.9322808126446, 40.8300548735983], [-73.9322734892945, 40.8300354393098], [-73.9322660881754, 40.8300178600322], [-73.932259987137, 40.8300041868906], [-73.9322550676994, 40.8299931988947], [-73.9322494875898, 40.8299790218449], [-73.9322437017774, 40.8299654578947], [-73.9322370747022, 40.8299514791706], [-73.932223069443, 40.8299265164419], [-73.9322127392338, 40.8299073792973], [-73.932198597824, 40.8298822355305], [-73.9321757684755, 40.8298493495273], [-73.9321439767476, 40.8298104438274], [-73.9318277411997, 40.8294332532826], [-73.9318071439982, 40.8293176562063], [-73.9317950948724, 40.8292500372291], [-73.9317764886415, 40.8291456146634], [-73.9316893869133, 40.8286567967377], [-73.9316452088467, 40.8284088614668], [-73.9319461640168, 40.8283898975813], [-73.9320141640272, 40.8283856125967], [-73.932126930455, 40.8285374395502], [-73.9321511390525, 40.828571696969], [-73.9321583098459, 40.828581231967], [-73.932195840731, 40.8286311270732], [-73.9322408810352, 40.828691006776], [-73.9323325844269, 40.8288381754694], [-73.932403163445, 40.8289632037936], [-73.9324048853274, 40.8289662530064], [-73.9324317790917, 40.829020653281], [-73.93247225479, 40.8291025284555], [-73.9325223399551, 40.8292197941042], [-73.9325625224344, 40.8293302921913], [-73.9325889329043, 40.8294009506178], [-73.9326388738401, 40.8295710284305], [-73.9326709734641, 40.8297018071558], [-73.9326866682313, 40.8297841846201], [-73.9327055096802, 40.8298874040636], [-73.9327223229025, 40.8300444971755], [-73.9327257306514, 40.8301037346399], [-73.9327291419237, 40.8301630873885], [-73.9327313861623, 40.830220474555], [-73.9327296772, 40.8302668048734], [-73.9327298598723, 40.8303125006521], [-73.9327297929362, 40.830315304698], [-73.9327276523824, 40.8304074466381], [-73.9327105369227, 40.8305702434758], [-73.9326986037337, 40.8306893729652], [-73.9326697362005, 40.8308331074871], [-73.9326004793481, 40.8311371552602], [-73.9325833159094, 40.8311326643655], [-73.9323868847038, 40.8310812679598], [-73.9321614417047, 40.8310222800841], [-73.9322923461239, 40.8303374044229], [-73.9323009786894, 40.8303064522884], [-73.9323040422314, 40.8302853500808]]], [[[-73.9282135079081, 40.8297348531205], [-73.928311439655, 40.829652062096], [-73.9284377311579, 40.8295516768459], [-73.9285114936359, 40.8294971471701], [-73.9285852807938, 40.8294426003105], [-73.9286328668561, 40.8294101038677], [-73.9287473650103, 40.8293319144328], [-73.9292772891297, 40.82968521043], [-73.9292982244827, 40.8297018077596], [-73.9293148842419, 40.8297200628461], [-73.9293259672794, 40.8297405415182], [-73.9293282399456, 40.8297472336289], [-73.9293318740737, 40.8297579400353], [-73.9293345527969, 40.8297774139975], [-73.9293334402656, 40.8297957834275], [-73.929329104204, 40.8298130864051], [-73.9293242667499, 40.8298247205854], [-73.9293164325201, 40.8298383150707], [-73.9293078230947, 40.8298496587329], [-73.9292965765739, 40.8298613339936], [-73.9292947836856, 40.8298628213567], [-73.9292848128849, 40.8298710962375], [-73.9292721234212, 40.8298796620887], [-73.929256835515, 40.8298879408181], [-73.9292439056832, 40.8298939509017], [-73.9292223849204, 40.8299005212472], [-73.9292005355954, 40.8299050318679], [-73.9286784741087, 40.8299804761249], [-73.9278835064469, 40.8302118484187], [-73.9277688116411, 40.8301794975402], [-73.9278144279066, 40.8301275999151], [-73.9278884237511, 40.8300469141073], [-73.9279992740479, 40.8299333219651], [-73.928105647535, 40.8298315873547], [-73.9282135079081, 40.8297348531205]]], [[[-73.9302343409447, 40.8300561085113], [-73.9303096705246, 40.8300472608451], [-73.9303652503267, 40.8300395077647], [-73.9304198956092, 40.8300286709226], [-73.930474043263, 40.8300164658444], [-73.9305276125518, 40.8300028888856], [-73.9305805714039, 40.8299879608596], [-73.9306116625809, 40.829978286662], [-73.9306328263956, 40.8299717005326], [-73.9306843487587, 40.8299541286365], [-73.930735067542, 40.8299352604396], [-73.9307849387725, 40.8299151228541], [-73.9308338900766, 40.8298937240358], [-73.9308950879145, 40.8298643289561], [-73.930938320945, 40.8298421684657], [-73.9309757834267, 40.8298229689638], [-73.9310269992391, 40.8297967293998], [-73.9309075643465, 40.8300093819471], [-73.9308088225602, 40.8301851911948], [-73.9306214320462, 40.8305188354844], [-73.9301898427597, 40.8304690415147], [-73.929829338566, 40.8304274467978], [-73.9300955655891, 40.8300828241626], [-73.9301049511434, 40.8300706740196], [-73.9302343409447, 40.8300561085113]]], [[[-73.931932770887, 40.8300164453789], [-73.9319487637587, 40.8300499064008], [-73.9319547898506, 40.8300649707643], [-73.9319586294266, 40.8300745642084], [-73.9319657630335, 40.8300951771607], [-73.9319718110033, 40.8301166448856], [-73.9319787989023, 40.8301522348176], [-73.9319829577304, 40.8301882777671], [-73.9319844230517, 40.8302148738509], [-73.9319838002639, 40.8302442350574], [-73.931981182166, 40.8302725306925], [-73.9319810251242, 40.8302742369937], [-73.9319771727473, 40.8303003140151], [-73.9318438344853, 40.8309392373927], [-73.9318326526071, 40.830935590109], [-73.9316269699866, 40.8308684922472], [-73.9316624079725, 40.8308053623682], [-73.9308714229599, 40.830547322349], [-73.9310527135489, 40.8302243809477], [-73.9311642418358, 40.8300257119218], [-73.9313499750409, 40.8296948509997], [-73.9313761794803, 40.8296481714427], [-73.9315538875597, 40.8295600140384], [-73.9318712857684, 40.8299249565687], [-73.9318915931699, 40.8299511270827], [-73.9319159330908, 40.8299871333467], [-73.931932770887, 40.8300164453789]]], [[[-73.929596605467, 40.8304121622488], [-73.9288146438961, 40.8303285206093], [-73.928619390833, 40.830307634489], [-73.9286314162508, 40.8302861929992], [-73.9287517003839, 40.8302398667023], [-73.9298276408935, 40.8301126443651], [-73.929596605467, 40.8304121622488]]], [[[-73.9271616346515, 40.824406593595], [-73.92713315294, 40.8244125225129], [-73.9270937935137, 40.8242964317618], [-73.9269195556369, 40.8243311383255], [-73.9270383536056, 40.8241319048857], [-73.9275409573591, 40.8242557275552], [-73.9278516305222, 40.8243322655102], [-73.9273488909363, 40.825175405813], [-73.9273171687307, 40.8251643916737], [-73.9273131564069, 40.8251151949725], [-73.9272786242352, 40.8248202895872], [-73.9271620871686, 40.8244589217639], [-73.9271785184862, 40.8244555444471], [-73.9271616346515, 40.824406593595]]], [[[-73.9273004100124, 40.8252567098541], [-73.9270799733502, 40.8256263916953], [-73.9270441079321, 40.825614043929], [-73.9266964889709, 40.8254943592374], [-73.9269529907937, 40.8250641975028], [-73.9270704397061, 40.8248672279344], [-73.927088469312, 40.8252510650024], [-73.9273004100124, 40.8252567098541]]], [[[-73.9265134867334, 40.8259063231824], [-73.9266636916843, 40.8256476649291], [-73.9270030208875, 40.8257614642364], [-73.9268528157885, 40.8260201220884], [-73.9265134867334, 40.8259063231824]]], [[[-73.9270138878734, 40.8278713127495], [-73.926181247338, 40.827632020934], [-73.9272336621734, 40.8258552561983], [-73.9280454103018, 40.8261266913882], [-73.9295511766887, 40.8266959545971], [-73.9291799044318, 40.8273403857205], [-73.9274114552325, 40.8281235449078], [-73.9270138878734, 40.8278713127495]]], [[[-73.9258993426304, 40.8281031190222], [-73.9261838496237, 40.8281939561595], [-73.9273104684336, 40.828553657833], [-73.9283543077536, 40.8292153196993], [-73.9283873641618, 40.8292411952395], [-73.9283978701445, 40.8292544102785], [-73.9284041926219, 40.829267533539], [-73.9284072567537, 40.829281176139], [-73.928407184976, 40.8292938397379], [-73.9284036722334, 40.8293082572055], [-73.9284002996861, 40.8293157246971], [-73.9283938764559, 40.8293257054205], [-73.9283847842051, 40.8293372513394], [-73.9283408036432, 40.8293672275989], [-73.9283112138682, 40.8293873964814], [-73.9281988080541, 40.829469484212], [-73.9281242260488, 40.8295274593462], [-73.928033048299, 40.8296025208985], [-73.927935336828, 40.8296886192877], [-73.9278636961081, 40.8297558954656], [-73.9278138259285, 40.829805017822], [-73.9277522922026, 40.8298684741066], [-73.9276920650937, 40.8299339221814], [-73.9276604262004, 40.8299662130659], [-73.9266163373708, 40.8310463267713], [-73.9263671426358, 40.8313128153977], [-73.9244292445896, 40.8306464669148], [-73.9246038496984, 40.8303589198823], [-73.9246497517403, 40.8302830849017], [-73.9248274080667, 40.8299731666443], [-73.9248276776701, 40.8299726959019], [-73.9249639603342, 40.8297349494054], [-73.9258993426304, 40.8281031190222]], [[-73.9251017804905, 40.8301957882114], [-73.9249670526858, 40.8301445101468], [-73.92495514126, 40.8301595586886], [-73.9248838079506, 40.8301384343442], [-73.9247765634066, 40.8303220465686], [-73.9247765600022, 40.8303250578749], [-73.9251133958369, 40.8304427133456], [-73.9252166785405, 40.8302560870184], [-73.925093832497, 40.8302138505662], [-73.9251017804905, 40.8301957882114]]], [[[-73.9244493275092, 40.8286095588132], [-73.9244547690088, 40.8286126195327], [-73.9244596538588, 40.828615304425], [-73.9244645583142, 40.8286183774245], [-73.9244689876514, 40.8286212429717], [-73.9244739138826, 40.8286250238257], [-73.9244783006609, 40.828628901536], [-73.9244829275666, 40.8286331431546], [-73.9244873850639, 40.8286373046], [-73.9244918667569, 40.8286421746541], [-73.9244969383196, 40.8286484283124], [-73.9245015859486, 40.8286543071521], [-73.9245065123642, 40.8286621041437], [-73.9245122136913, 40.828672341057], [-73.9245284092499, 40.8287148217836], [-73.9248292801445, 40.829504005285], [-73.9241817987781, 40.8305703063473], [-73.9234152874471, 40.8303094451463], [-73.9243814728268, 40.82866481468], [-73.9244206322675, 40.8285981540909], [-73.9244356503364, 40.82860333373], [-73.9244436842244, 40.8286067059374], [-73.9244493275092, 40.8286095588132]]], [[[-73.923328229626, 40.8304621049413], [-73.9240923769165, 40.8307232218225], [-73.9234168695847, 40.831865263087], [-73.9226559463817, 40.8315986446195], [-73.9228099536239, 40.8313382904479], [-73.9231891490282, 40.8314678681478], [-73.9233747225942, 40.8311541402588], [-73.9235591884269, 40.8308422834453], [-73.9231799958645, 40.8307127077834], [-73.923328229626, 40.8304621049413]]], [[[-73.9236635458388, 40.8319408179048], [-73.9243327448859, 40.8308082793457], [-73.9262387862589, 40.831450820689], [-73.9253207451021, 40.832442216042], [-73.9252811628699, 40.8325136041098], [-73.9236635458388, 40.8319408179048]]], [[[-73.9258379828199, 40.8328191961177], [-73.9258755183524, 40.8328339434035], [-73.9258364218185, 40.8328847430605], [-73.9258355809821, 40.8329147758652], [-73.9264454229879, 40.8330977786103], [-73.9264265319981, 40.8331223266794], [-73.9257124606136, 40.8329000112868], [-73.9254648317793, 40.8328207314], [-73.925611618118, 40.8325431008991], [-73.9260965931065, 40.8320219234985], [-73.9263691511384, 40.8321290109175], [-73.9258379828199, 40.8328191961177]]], [[[-73.9232339687873, 40.8344007250822], [-73.9231913879144, 40.8343789939098], [-73.9224027921274, 40.8341134594364], [-73.9235720385595, 40.8321169526403], [-73.925183490495, 40.8326781521766], [-73.9242211879817, 40.8344857587663], [-73.9239799095268, 40.8348166559527], [-73.9233154120677, 40.8345959353423], [-73.9233239381433, 40.8345503336265], [-73.9233169644272, 40.8345019436247], [-73.9232949854804, 40.8344578651343], [-73.9232674409809, 40.8344263628276], [-73.9232339687873, 40.8344007250822]]]]}, "properties": {"campus_name": "NYC Parks cluster (22 lots)", "owner_key": "PARKS", "owner_label": "NYC Parks", "lot_count": 22, "bldg_area_sqft": 3089286, "derivation": "contiguous lots, owner=PARKS, snap=0.0003deg", "kind": "campus", "owner_kind": "public"}}, {"type": "Feature", "geometry": {"type": "MultiPolygon", "coordinates": [[[[-73.9889100307369, 40.7559145034503], [-73.9892614972169, 40.7554297766741], [-73.9905209255517, 40.7559604694173], [-73.9901694654348, 40.7564451991623], [-73.9889100307369, 40.7559145034503]]], [[[-73.9892904286526, 40.7569020857753], [-73.9890753498229, 40.7568114531744], [-73.9881288155566, 40.7564126013654], [-73.9884935140492, 40.7559096151792], [-73.9892779184407, 40.7562401511017], [-73.9891014434463, 40.756483548383], [-73.9892635687688, 40.7565518614655], [-73.9894786470183, 40.7566424928808], [-73.9892904286526, 40.7569020857753]]], [[[-73.9882957449796, 40.756745769436], [-73.9895587202157, 40.7572795293062], [-73.9893723724629, 40.7575404930819], [-73.9891896064344, 40.7577964392068], [-73.9886397934087, 40.7575640793885], [-73.9888225597022, 40.7573081341271], [-73.9883574632914, 40.7571115725566], [-73.9881746956399, 40.7573675171711], [-73.987878244955, 40.7572422279276], [-73.9871821283905, 40.7569480250838], [-73.9873648985947, 40.7566920820284], [-73.9872661778762, 40.7566503579434], [-73.9874525301803, 40.7563893975408], [-73.9876682400351, 40.7564805645694], [-73.9877283759826, 40.7565059805442], [-73.9880601317073, 40.756646192606], [-73.9882957449796, 40.756745769436]]], [[[-73.9884172694895, 40.7558774865256], [-73.9882372744145, 40.7561257330849], [-73.988062053606, 40.7560518961388], [-73.9878773482236, 40.7563066343269], [-73.9878086180198, 40.7562776722594], [-73.9877371654783, 40.7562475617111], [-73.9876594266421, 40.7562148028568], [-73.987844131395, 40.755960065097], [-73.9877606521494, 40.7559248860879], [-73.9879406484579, 40.7556766402661], [-73.9884172694895, 40.7558774865256]]]]}, "properties": {"campus_name": "NYC Economic Development Corp cluster (13 lots)", "owner_key": "EDC", "owner_label": "NYC Economic Development Corp", "lot_count": 13, "bldg_area_sqft": 2932737, "derivation": "contiguous lots, owner=EDC, snap=0.0003deg", "kind": "campus", "owner_kind": "public"}}, {"type": "Feature", "geometry": {"type": "MultiPolygon", "coordinates": [[[[-73.8356589294534, 40.7512860888506], [-73.8355571681985, 40.7513026930679], [-73.832287903728, 40.7518360751163], [-73.8323218699306, 40.7516778684494], [-73.833028965325, 40.7483841303533], [-73.8330294061188, 40.7483825928977], [-73.8330452626937, 40.7483270996002], [-73.8330814572529, 40.7482624730513], [-73.8331246327317, 40.7482069868687], [-73.8331727788083, 40.7481652046432], [-73.8332209146048, 40.7481279878901], [-73.8332720317724, 40.7480983856738], [-73.8333384769585, 40.7480705669957], [-73.8333998114065, 40.7480513659282], [-73.8334659710048, 40.7480368472409], [-73.8335271499323, 40.7480282178607], [-73.8336079620576, 40.7480237843472], [-73.833686089671, 40.7480294236137], [-73.8337660106521, 40.7480447368765], [-73.8338422828025, 40.7480655712492], [-73.8339039964196, 40.7480946737222], [-73.8339693278485, 40.748130690042], [-73.8340201064408, 40.7481722109473], [-73.8340618078222, 40.7482109567938], [-73.8341034425646, 40.7482759533615], [-73.8341486587246, 40.7483735524557], [-73.8341603208187, 40.7483987276457], [-73.83435068279, 40.7483525218514], [-73.8342812052458, 40.7480552588127], [-73.8340832123306, 40.7475805113807], [-73.8341574991296, 40.7475363484443], [-73.8341592340346, 40.7475353163156], [-73.8342396129734, 40.7474848630646], [-73.8343179232885, 40.7474263148252], [-73.8343862133927, 40.7473703726166], [-73.8344481036641, 40.7473158277488], [-73.8345100281445, 40.7472555304999], [-73.8345675519634, 40.7471907549207], [-73.8346221320099, 40.7471259733281], [-73.8346845021271, 40.7470362768126], [-73.8347089568572, 40.7470523157018], [-73.8347384467701, 40.7470767293443], [-73.834765924995, 40.7471049483921], [-73.8348212974972, 40.7471655320129], [-73.8348612492462, 40.7472140781259], [-73.8349082528467, 40.7472928796137], [-73.8349411984693, 40.7473644451542], [-73.8349501724926, 40.7474079318229], [-73.8349527273283, 40.7474525080046], [-73.8349504061549, 40.7475057426443], [-73.8349406629718, 40.7475633549651], [-73.8347743968384, 40.7481452949966], [-73.8350155697252, 40.7481847227572], [-73.8351917167897, 40.747549380109], [-73.8351960441664, 40.7474571301876], [-73.8351971743997, 40.7473960962828], [-73.8351872576189, 40.7473310807383], [-73.8351624865007, 40.7472557429296], [-73.8351438313774, 40.7472113464184], [-73.8351042763798, 40.7471478859341], [-73.8350736200213, 40.7470995342553], [-73.8350320377255, 40.7470534317721], [-73.8349894594193, 40.7470088369935], [-73.8349300212421, 40.7469566709604], [-73.8348695759738, 40.7469105413826], [-73.8347989125461, 40.7468629517183], [-73.8355673266957, 40.7454365980545], [-73.835712313324, 40.7452305309553], [-73.8357976538611, 40.7451335913129], [-73.8358485625873, 40.7450795063852], [-73.8359236438311, 40.7450078167676], [-73.8359788656299, 40.7449576272091], [-73.8360490940611, 40.7448995841259], [-73.8361299399919, 40.7448432111586], [-73.8362549195453, 40.7447648330562], [-73.8370607876025, 40.7442818626128], [-73.8371241823564, 40.7442432736106], [-73.8371718315984, 40.7442228643702], [-73.8372486737741, 40.7441970815364], [-73.8373259435671, 40.7441784142301], [-73.8374029568996, 40.7441693071254], [-73.8374931160735, 40.7441665104427], [-73.8379433301367, 40.7441892558731], [-73.8383865561978, 40.7442116466473], [-73.838478344104, 40.7442154378038], [-73.8386171434879, 40.7442184770726], [-73.8386984411621, 40.7442104845234], [-73.8387743706779, 40.7441975442628], [-73.8388606620712, 40.7441765139414], [-73.8389400051888, 40.744151244058], [-73.8390165836152, 40.7441196235329], [-73.8390959559158, 40.7440827190281], [-73.8391516774291, 40.7440478976279], [-73.8392329139372, 40.7440003642472], [-73.8411557298537, 40.7425878759094], [-73.8413060124827, 40.7424742479878], [-73.8414600578247, 40.742372328959], [-73.8416040415378, 40.7422793099775], [-73.8417688158759, 40.7421795989465], [-73.8419738924981, 40.7420631376333], [-73.8421497702095, 40.7419698862306], [-73.8422338133442, 40.7419276180618], [-73.8423320772824, 40.7418781994433], [-73.8422721574635, 40.7417994679074], [-73.8423922733876, 40.7417411073445], [-73.8465045059268, 40.7397429277178], [-73.84655942283, 40.7397231509751], [-73.8466055126464, 40.7397124908806], [-73.8466556247509, 40.7397052472902], [-73.8467077989495, 40.7397053167473], [-73.8467489181601, 40.7397077055945], [-73.8468072125116, 40.7397147836814], [-73.8468630388553, 40.7397283925797], [-73.8469182344809, 40.7397485356565], [-73.8469667904019, 40.7397744429502], [-73.8470049842259, 40.7398005976455], [-73.8470451180952, 40.7398371981418], [-73.8470665206225, 40.7398662985329], [-73.8470928782984, 40.739902475467], [-73.8471257117935, 40.7399449474801], [-73.8471640327712, 40.7399874257621], [-73.8472169656849, 40.7400403567795], [-73.8472598730646, 40.7400772751063], [-73.8473386949882, 40.7401364484982], [-73.8474013919255, 40.7401816722801], [-73.8474414300629, 40.7402044586824], [-73.8475110870625, 40.7402337751598], [-73.8475781605629, 40.7402590889619], [-73.8495101498698, 40.7408744402326], [-73.8496117979507, 40.7409009741155], [-73.8497441283652, 40.740946805377], [-73.8498258879785, 40.7409789106668], [-73.8498971098838, 40.7410181152996], [-73.8499741382747, 40.7410751043494], [-73.8500359695561, 40.741132074565], [-73.8500802427399, 40.7411917908808], [-73.8530199816774, 40.746795497352], [-73.8533622658414, 40.7474478931432], [-73.853573502735, 40.7477919793522], [-73.8537621020777, 40.7480822616259], [-73.8540346241556, 40.7483953761751], [-73.8543024543193, 40.7487744299689], [-73.853800969143, 40.7489240027946], [-73.8535234679869, 40.749006767089], [-73.8535249991536, 40.7490093715377], [-73.8530733243342, 40.7491475699303], [-73.852364681228, 40.7493799231601], [-73.8518440452888, 40.749549082242], [-73.8515644132027, 40.749642659604], [-73.8513241284754, 40.7497274999125], [-73.8512176429883, 40.749769037922], [-73.8510345102635, 40.749835466626], [-73.8509502177414, 40.7498660423932], [-73.8499957912669, 40.7502122417009], [-73.8499510991491, 40.7501393099224], [-73.8495654888384, 40.7502852565051], [-73.8494363230839, 40.750334141992], [-73.8468273895279, 40.7513215170625], [-73.8415350738991, 40.7531726854402], [-73.8410778218479, 40.7532820353639], [-73.8408413427136, 40.7533385875915], [-73.8406579821891, 40.7533824364069], [-73.8400272715469, 40.7535582408458], [-73.8399896205238, 40.7535687361786], [-73.839310446786, 40.7540792158575], [-73.839140739553, 40.7541150766943], [-73.8390938852746, 40.754060071362], [-73.8388386349266, 40.7540813167676], [-73.8381358420417, 40.7541398126016], [-73.8380056481581, 40.7541506490552], [-73.8379856078306, 40.7541523174154], [-73.8379066542748, 40.7541588881167], [-73.8378807178419, 40.7541610470278], [-73.837675803499, 40.7541781013794], [-73.8376026465101, 40.7541841901254], [-73.8375945178707, 40.754184866687], [-73.8374982610506, 40.7541928777679], [-73.8366438656925, 40.7532908127567], [-73.8362099634532, 40.752359017034], [-73.8360071876331, 40.7520928987854], [-73.8361749006975, 40.7520735270598], [-73.8362212896766, 40.7520681692506], [-73.8356589294534, 40.7512860888506]]], [[[-73.8538488887173, 40.7475246675487], [-73.8551114008177, 40.7471476954927], [-73.8553767762778, 40.7476576803179], [-73.8541119081741, 40.7480329053723], [-73.8538488887173, 40.7475246675487]]], [[[-73.849774691742, 40.7505982199469], [-73.8501547210877, 40.7504619332664], [-73.8501056238456, 40.7503836476742], [-73.8509303669247, 40.750092232335], [-73.8510006756143, 40.7500673900512], [-73.8510698881525, 40.7500429334854], [-73.8522859965311, 40.7524592456866], [-73.85198398359, 40.752550949295], [-73.8512884827722, 40.7525540057766], [-73.8509998416566, 40.7525129451505], [-73.8493910616577, 40.7522840719291], [-73.8494111584608, 40.7521936810315], [-73.8465204674145, 40.7517651846592], [-73.8496528090033, 40.7506419309165], [-73.849774691742, 40.7505982199469]]], [[[-73.8316366371125, 40.7521463891038], [-73.8316112594116, 40.7521342897102], [-73.8315559933049, 40.7521079384268], [-73.8312704441951, 40.7519717896598], [-73.8316458156187, 40.7518309465867], [-73.8321536692629, 40.7520730867819], [-73.8322210748176, 40.7523046604279], [-73.8320793045938, 40.7523574478264], [-73.8318962623889, 40.752270175642], [-73.8317304067045, 40.7521910985306], [-73.8316366371125, 40.7521463891038]]], [[[-73.8491596392919, 40.7524486700414], [-73.849307654245, 40.7527283316235], [-73.8464510506036, 40.7535957170525], [-73.8465971300488, 40.7538908168968], [-73.846724290324, 40.7541476937245], [-73.8433669367752, 40.7551670089396], [-73.8430452045672, 40.7545170065346], [-73.8477043001581, 40.7531010032754], [-73.8475819545891, 40.7528698334355], [-73.8485834604356, 40.7525454587868], [-73.8491596392919, 40.7524486700414]]], [[[-73.8397629544941, 40.7541301278074], [-73.8396490580433, 40.7543712878657], [-73.8396442019066, 40.7543729218494], [-73.8397566081727, 40.7541342108829], [-73.8393283932362, 40.7542750129146], [-73.8388056180196, 40.7544653314656], [-73.838332299081, 40.7546496079445], [-73.8383307323019, 40.7546471816085], [-73.8388041932091, 40.7544629700875], [-73.839326392762, 40.754272719257], [-73.8397629544941, 40.7541301278074]]], [[[-73.8477284313033, 40.7543468082949], [-73.8474760631869, 40.7545394836105], [-73.8474091897185, 40.7544888325157], [-73.8473307291335, 40.7545487347316], [-73.847300818866, 40.754574615265], [-73.8472753432845, 40.7546030870194], [-73.8472546906343, 40.7546337201664], [-73.8472391746582, 40.7546660457905], [-73.8472290309276, 40.7546995734551], [-73.8472244146479, 40.7547337911163], [-73.8472253968789, 40.7547681791714], [-73.8472319621069, 40.7548022144738], [-73.8472746790418, 40.7547967420159], [-73.8473373352048, 40.7549204844079], [-73.847222024088, 40.7549587787318], [-73.8471084234711, 40.7549999018367], [-73.8469966541332, 40.7550438097973], [-73.8468868357595, 40.7550904560146], [-73.8471315280372, 40.7552853706695], [-73.8471651209677, 40.7552602910942], [-73.8472003674264, 40.755236550007], [-73.8472371750813, 40.7552142086889], [-73.8472754465387, 40.7551933271617], [-73.8473150823293, 40.7551739602564], [-73.8473559767245, 40.7551561591993], [-73.8473980221356, 40.7551399697762], [-73.847441108117, 40.7551254350076], [-73.84752387408, 40.7552888902092], [-73.8477004580093, 40.7555501987855], [-73.8476686360692, 40.7555439611738], [-73.8476363714627, 40.7555392007405], [-73.8476037848282, 40.7555359356316], [-73.8475709947414, 40.7555341767961], [-73.8475655482791, 40.7555933005018], [-73.8476213374811, 40.7555973842256], [-73.847676123287, 40.7556063491705], [-73.847657777781, 40.7556487217011], [-73.8476984028299, 40.755659215871], [-73.847737299906, 40.7556729612855], [-73.8477740191902, 40.755689797981], [-73.8478081326131, 40.7557095307977], [-73.8479449202953, 40.7559119436971], [-73.8479461525729, 40.7559448255192], [-73.8479426862194, 40.7559776147166], [-73.8479345621434, 40.7560099294379], [-73.8479218748341, 40.7560413889818], [-73.8479764606149, 40.7560546345759], [-73.8479538907637, 40.7560935174647], [-73.8479256132481, 40.7561301956487], [-73.8479922667832, 40.7561618328647], [-73.8480101197186, 40.7561401722133], [-73.848026092894, 40.7561176860306], [-73.8480401219579, 40.7560944669283], [-73.8480521476119, 40.7560706121262], [-73.8482900174338, 40.7564225645283], [-73.8480806879745, 40.7565043644445], [-73.848229609801, 40.7567247715457], [-73.8483617353372, 40.7566731394191], [-73.8485697071592, 40.756979748214], [-73.8486505432342, 40.7569560765625], [-73.8486686199964, 40.7569880998088], [-73.8486815102435, 40.7570215309343], [-73.8486890314402, 40.7570558897396], [-73.8486910745677, 40.7570906825727], [-73.8486876099446, 40.7571254114492], [-73.8486786884276, 40.7571595766513], [-73.8486644379688, 40.7571926894348], [-73.8486450631821, 40.7572242735396], [-73.8486239677241, 40.7572589323982], [-73.8486074143322, 40.7572949777831], [-73.8485955599034, 40.7573320702393], [-73.8485885153717, 40.7573698597149], [-73.8481348348661, 40.7575044592204], [-73.8483805746792, 40.7580089323761], [-73.848262404117, 40.758163956522], [-73.8480683333287, 40.7583115243178], [-73.8477688424721, 40.7584767986527], [-73.8463874617384, 40.759256321734], [-73.8463735576587, 40.7592627841735], [-73.845612655841, 40.7596164368084], [-73.8434127461839, 40.755420477433], [-73.8434326113015, 40.755381634919], [-73.8486191994668, 40.7538600867702], [-73.8486207813366, 40.7538628074696], [-73.8486686451868, 40.7539573487944], [-73.847678079781, 40.7542473482585], [-73.8477284313033, 40.7543468082949]]], [[[-73.8078385061728, 40.7421048736904], [-73.8079462921065, 40.7421073939597], [-73.8081035745764, 40.7421165837777], [-73.8082817230514, 40.7421349951149], [-73.8099946642558, 40.7424061737843], [-73.8097873323515, 40.7453466293557], [-73.810050995572, 40.7453591745719], [-73.8102391259113, 40.7425359656314], [-73.8102451319946, 40.7424458219319], [-73.8141041500941, 40.7430566360571], [-73.8136798666903, 40.7443094886492], [-73.8135932035326, 40.744686019602], [-73.8135363841656, 40.74501211178], [-73.8134856573779, 40.745744594368], [-73.813772694421, 40.7460007069769], [-73.8139133956883, 40.74612624827], [-73.8138057032805, 40.7461908262347], [-73.812231736769, 40.7471346390087], [-73.812284097393, 40.7471836336841], [-73.8075246503852, 40.7500372957027], [-73.8030678017903, 40.7496922883837], [-73.803057589065, 40.7495976932788], [-73.803023128273, 40.7492785112594], [-73.8029423051335, 40.7485204554605], [-73.8029367314146, 40.7484100336232], [-73.8029396796, 40.7482307654665], [-73.8029479500978, 40.7481291940614], [-73.8029657171417, 40.7480066832412], [-73.8029861074783, 40.7479035594953], [-73.8030061007897, 40.7478217752269], [-73.8030347468843, 40.7477233112488], [-73.8037584397547, 40.745985099455], [-73.8038783544444, 40.7456970687741], [-73.8043758698415, 40.7445020379403], [-73.8044457184785, 40.7443304862329], [-73.8044976419085, 40.74415616376], [-73.8045189458011, 40.7440572952064], [-73.8045395985703, 40.7439147409391], [-73.8045477278961, 40.7438001352531], [-73.8045579441115, 40.743628366966], [-73.8045692165322, 40.7434388009691], [-73.8045835625166, 40.7431975590626], [-73.8045950065211, 40.7430051333282], [-73.8046086112602, 40.7427763496037], [-73.804637967551, 40.7422826978564], [-73.8076244935035, 40.7421089370314], [-73.8077376297851, 40.7421052861898], [-73.8078385061728, 40.7421048736904]]], [[[-73.8156394341585, 40.746838699495], [-73.8154343033276, 40.746793338299], [-73.8149572533372, 40.7466878446378], [-73.814108771095, 40.7459261420551], [-73.8140589201557, 40.7458813900661], [-73.8139722541123, 40.745803586648], [-73.8138665482859, 40.7457086895353], [-73.8140053355943, 40.7457392923943], [-73.8161317375988, 40.7462081515353], [-73.816166690202, 40.746214253375], [-73.8162055485937, 40.7462157832085], [-73.8162279133225, 40.7462147013597], [-73.8162483420974, 40.7462110805902], [-73.8162745567795, 40.7462042083022], [-73.8163021615476, 40.7461947420775], [-73.8163265677333, 40.7461820270667], [-73.816344955795, 40.7461704488539], [-73.8163775865658, 40.7461400042646], [-73.8163897661553, 40.74612307067], [-73.8164026094264, 40.746096858445], [-73.8167552891936, 40.7451261980415], [-73.8167646885515, 40.7450962810011], [-73.8167665420185, 40.7450659737273], [-73.8167586698002, 40.7450292574058], [-73.8167447657515, 40.7450017472596], [-73.8167288701408, 40.7449811677937], [-73.8167013573326, 40.7449565356528], [-73.8166535815205, 40.7449301250936], [-73.8166061539957, 40.7449161061679], [-73.8147448124869, 40.7445132555118], [-73.8147142283954, 40.7445077086584], [-73.8146744612375, 40.7445029350181], [-73.8146321093528, 40.7445007659853], [-73.8139818484878, 40.7444893896487], [-73.8139338723261, 40.7444885494219], [-73.8139452963894, 40.7444548131854], [-73.8139642141073, 40.7443989699248], [-73.8143961493826, 40.7431236798049], [-73.8144050049823, 40.7430975333963], [-73.8144417688304, 40.7431069254485], [-73.8166117782015, 40.743661328084], [-73.8178657994334, 40.7440762247135], [-73.8178905026286, 40.7440843989071], [-73.8178812534761, 40.7441098642114], [-73.8177251330686, 40.7445396777499], [-73.8177111872129, 40.7445965677989], [-73.817710109754, 40.7446316328263], [-73.8177190854156, 40.7446819350934], [-73.8177370029522, 40.7447269933741], [-73.8177605175145, 40.7447659271184], [-73.8177748771891, 40.74478500281], [-73.817794575036, 40.7448068866391], [-73.8178242314821, 40.7448326989253], [-73.817857978725, 40.7448559304783], [-73.8178975577739, 40.7448781320965], [-73.8179492744182, 40.7449010858351], [-73.8191743235547, 40.7453089469502], [-73.8190418226802, 40.7455366125974], [-73.8190109863712, 40.7455895914898], [-73.8191163799835, 40.7456255018482], [-73.8191897858878, 40.7456505143346], [-73.819238531196, 40.7456671232973], [-73.8192376132123, 40.7456824998794], [-73.8192468140491, 40.7456856786869], [-73.8193191496975, 40.7457106750219], [-73.8193907674389, 40.7457354225499], [-73.8194601909069, 40.7457594119781], [-73.8195330673039, 40.7457845945851], [-73.8196050638041, 40.7458094722462], [-73.8196764616353, 40.7458341427035], [-73.8197465348043, 40.7458583571851], [-73.8198193748214, 40.7458835269195], [-73.8199097541029, 40.7459147565279], [-73.8199984738893, 40.7459454143301], [-73.8200698780533, 40.7459700873128], [-73.820141353158, 40.7459947846231], [-73.820214607571, 40.7460200969759], [-73.8202815568219, 40.7460432311369], [-73.8203533527686, 40.7460680386622], [-73.8204199165928, 40.7460910387861], [-73.8204945835296, 40.746116838559], [-73.820567383886, 40.7461419951242], [-73.8206468371514, 40.7461694484398], [-73.8196295643345, 40.7478529480309], [-73.8195846882498, 40.7479272110928], [-73.8180404737774, 40.7473758950952], [-73.8171056766794, 40.7471640800618], [-73.8171221861734, 40.7471109321188], [-73.8169159691078, 40.7470642049165], [-73.816894230323, 40.7471161666644], [-73.8157585598303, 40.746865040901], [-73.8156394341585, 40.746838699495]]], [[[-73.825533105512, 40.7509912842352], [-73.8252625778124, 40.7511434742232], [-73.8252253037757, 40.7511087373216], [-73.8250491367393, 40.7512078417804], [-73.8250864118393, 40.7512425787401], [-73.8243204842147, 40.7516734551257], [-73.8212248005931, 40.7484804363963], [-73.8197598694671, 40.7479590671143], [-73.8198077015332, 40.7478810165398], [-73.8209795146296, 40.7459688284423], [-73.8231811362766, 40.746694511857], [-73.8232197380287, 40.7467072340171], [-73.8232151733851, 40.7467505928307], [-73.8231428274043, 40.7474376759075], [-73.8231217354956, 40.7476379895091], [-73.8233647890025, 40.7477218206638], [-73.8240232313008, 40.747948917355], [-73.8258164596173, 40.7483741191559], [-73.825678592462, 40.749647539654], [-73.8255427259814, 40.7509024195822], [-73.825533105512, 40.7509912842352]]], [[[-73.8282533722321, 40.7510569994573], [-73.8282132317002, 40.7510569089809], [-73.8281806239388, 40.7510598509497], [-73.8281193430667, 40.7510731707625], [-73.827905236238, 40.7511520633557], [-73.8279897760112, 40.7511864070866], [-73.8264648084151, 40.751739923004], [-73.8264166552369, 40.751684084712], [-73.8264089180486, 40.7516750256999], [-73.8263524389397, 40.7516088919011], [-73.8261781105776, 40.7513782817919], [-73.8260561863311, 40.7511420728715], [-73.8259449887254, 40.7508672977548], [-73.8259000304789, 40.7506450726968], [-73.8258795598782, 40.7504705171004], [-73.8258873759677, 40.750239526138], [-73.8259470663822, 40.7496823252477], [-73.8259602263054, 40.7495577715718], [-73.8259668385481, 40.7495019113968], [-73.8260450366682, 40.7495258794713], [-73.8271550775059, 40.7499169175053], [-73.8272281851883, 40.749938927517], [-73.8272944220628, 40.7499556781682], [-73.8273494152629, 40.7499644685542], [-73.827405315923, 40.7499689737741], [-73.8274715508173, 40.7499687191187], [-73.8275300818101, 40.7499634352818], [-73.8276112619239, 40.7499478618075], [-73.8280313022052, 40.7498428727063], [-73.8283579398359, 40.749747725102], [-73.8285631844789, 40.7496555053622], [-73.8286831647981, 40.7495937640717], [-73.8288462781662, 40.7494983554412], [-73.8290050351768, 40.74942307379], [-73.8291037989049, 40.7493886939434], [-73.8292176008196, 40.7493602535999], [-73.8296894587527, 40.7492461393334], [-73.8307662565723, 40.7490981403049], [-73.8308798435169, 40.7490755134786], [-73.8309689054553, 40.7490472791159], [-73.8310919623269, 40.748989727194], [-73.8311418748239, 40.7489585887397], [-73.8311832336395, 40.7489283266179], [-73.8312251401456, 40.7488931105886], [-73.8312655379579, 40.7488532592296], [-73.831314062721, 40.7487944226867], [-73.8313522131566, 40.7487344363331], [-73.8313850167963, 40.7486629416994], [-73.8314001407778, 40.7486148677188], [-73.8314106086517, 40.7485631875229], [-73.831415492337, 40.7484843732307], [-73.831398220765, 40.7482487858188], [-73.8313961971382, 40.7482211768916], [-73.8314397989224, 40.7482153496029], [-73.8316300932659, 40.7481899175336], [-73.8327943091673, 40.7479964202454], [-73.8328186454327, 40.7479935649404], [-73.8328296956659, 40.747994321205], [-73.8328396942312, 40.7479961402681], [-73.8328496837541, 40.7479991525639], [-73.8328593516609, 40.7480034223905], [-73.8328643885728, 40.7480063023428], [-73.8328704568831, 40.748010542684], [-73.8328755846637, 40.7480149995126], [-73.8328804449828, 40.7480203069444], [-73.8328847667159, 40.74802649253], [-73.8328863544588, 40.748029367392], [-73.8328889171481, 40.7480353640299], [-73.8328906308774, 40.748041822245], [-73.8328913556459, 40.7480492975038], [-73.832890572896, 40.74805783231], [-73.8320822650501, 40.7513826527463], [-73.8320745054572, 40.7514145725362], [-73.8320308839723, 40.7514307207827], [-73.8307388041065, 40.7519090268304], [-73.8307176175906, 40.7519150381397], [-73.8306983702592, 40.7519188739508], [-73.8306787310834, 40.7519213178288], [-73.8306612814337, 40.7519222971881], [-73.8306358355638, 40.7519217527969], [-73.8306106621565, 40.7519188854726], [-73.8305767644998, 40.7519111137812], [-73.8305551058195, 40.7519034941915], [-73.8305274061634, 40.7518900647105], [-73.8305096411258, 40.7518786750862], [-73.8304161787471, 40.7518155929105], [-73.8283562923514, 40.7510774574588], [-73.8283222818637, 40.7510668645792], [-73.8282902861048, 40.7510607078506], [-73.8282533722321, 40.7510569994573]]]]}, "properties": {"campus_name": "NYC Parks cluster (14 lots)", "owner_key": "PARKS", "owner_label": "NYC Parks", "lot_count": 14, "bldg_area_sqft": 2748239, "derivation": "contiguous lots, owner=PARKS, snap=0.0003deg", "kind": "campus", "owner_kind": "public"}}, {"type": "Feature", "geometry": {"type": "MultiPolygon", "coordinates": [[[[-73.8458771478932, 40.8829801149366], [-73.8431643153748, 40.8848799179848], [-73.8429073697963, 40.8846503908666], [-73.8426651856519, 40.8843989825266], [-73.8424282734825, 40.8841221518897], [-73.842361733356, 40.8840256764423], [-73.8446006812249, 40.8824438575206], [-73.8458771478932, 40.8829801149366]]], [[[-73.8445600825885, 40.8842093957771], [-73.8451428773114, 40.8838012883421], [-73.845374740303, 40.8836389224423], [-73.8461425538288, 40.8831012370476], [-73.8465626822261, 40.883268709887], [-73.8475927400423, 40.883697020211], [-73.8490502137766, 40.8843042280927], [-73.8473205174558, 40.8868158114956], [-73.8457713624548, 40.8863216446214], [-73.845415139577, 40.8861957023175], [-73.8451417315294, 40.8860866847906], [-73.8451143967106, 40.8860757854947], [-73.8448062390785, 40.8859355907589], [-73.844456812711, 40.8857625834086], [-73.8440175397666, 40.8854945278016], [-73.8438353876596, 40.8853833729244], [-73.8445912537191, 40.8848552576029], [-73.8445600825885, 40.8842093957771]]], [[[-73.8414143302208, 40.8864602571561], [-73.8414203242367, 40.8864226087584], [-73.8414325880321, 40.8863923341701], [-73.8414521908804, 40.8863689186893], [-73.8414843222259, 40.8863371080595], [-73.8415151351706, 40.8863157854501], [-73.8425664943026, 40.8855882273675], [-73.8431489122265, 40.8851851731541], [-73.8434317465501, 40.885396243401], [-73.8437853446935, 40.8856375065066], [-73.8441965406366, 40.8858858674706], [-73.8445502687293, 40.8860733819856], [-73.8448478390449, 40.8862125762538], [-73.8450164757066, 40.886282532966], [-73.8451370724472, 40.8863325611469], [-73.8454028897936, 40.8864344870002], [-73.8456834734733, 40.8865327725129], [-73.8471945270658, 40.8870066488904], [-73.8468803161469, 40.8875481393918], [-73.8440117243534, 40.8879639569724], [-73.842086129978, 40.8882430390279], [-73.8414286912801, 40.8865381906732], [-73.8414129121958, 40.8865020702474], [-73.8414142518066, 40.8864751988495], [-73.8414143302208, 40.8864602571561]]]]}, "properties": {"campus_name": "NYC Housing Authority cluster (4 lots)", "owner_key": "NYCHA", "owner_label": "NYC Housing Authority", "lot_count": 4, "bldg_area_sqft": 2403250, "derivation": "contiguous lots, owner=NYCHA, snap=0.0003deg", "kind": "campus", "owner_kind": "public"}}, {"type": "Feature", "geometry": {"type": "Polygon", "coordinates": [[[-73.8166468703936, 40.7340011597319], [-73.8197474655162, 40.7343132952359], [-73.8198393281697, 40.7343225413294], [-73.8208882342994, 40.7344443730777], [-73.8201210020301, 40.7385028391219], [-73.8200761929775, 40.7387398561858], [-73.8200248884313, 40.7387314850241], [-73.8199708649924, 40.738722943022], [-73.817143033949, 40.7383325131403], [-73.8170687808853, 40.7383230254204], [-73.8170072643176, 40.7383165250742], [-73.8169510341818, 40.7383116477444], [-73.8169027143834, 40.738308263335], [-73.8168555998505, 40.7383056760141], [-73.816803803906, 40.7383036422535], [-73.8167575567334, 40.7383025402401], [-73.8167172306433, 40.7383021284604], [-73.8166704767974, 40.7383022908858], [-73.816636902363, 40.7383028309217], [-73.8165484209059, 40.738305955276], [-73.816481025756, 40.7383099946956], [-73.8164420892616, 40.7383157292226], [-73.8164084374169, 40.7383232839933], [-73.8163771435554, 40.7383326525086], [-73.8163389182074, 40.7383475310461], [-73.8163053689461, 40.7383642243451], [-73.8162768065691, 40.7383817071457], [-73.8162591825061, 40.7383943330018], [-73.8162374378568, 40.7384123318951], [-73.8162153273701, 40.7384342006659], [-73.8161983204378, 40.7384544385873], [-73.8161839515299, 40.738474970682], [-73.8160096954974, 40.7387613029551], [-73.8151213042962, 40.7384633577709], [-73.8151199268128, 40.7384562973813], [-73.8148770131621, 40.7372109614995], [-73.8148603154476, 40.7371335349547], [-73.8148436522841, 40.7370376731319], [-73.8148300211125, 40.736928647274], [-73.8148211963004, 40.7368013225666], [-73.8148195327153, 40.7367149475173], [-73.8148218232633, 40.736617914045], [-73.8149557206601, 40.7338971130806], [-73.8154378698688, 40.7339116727317], [-73.8158952378854, 40.7339254811396], [-73.8166468703936, 40.7340011597319]]]}, "properties": {"campus_name": "CUNY cluster (7 lots)", "owner_key": "CUNY", "owner_label": "CUNY", "lot_count": 7, "bldg_area_sqft": 2367068, "derivation": "contiguous lots, owner=CUNY, snap=0.0003deg", "kind": "campus", "owner_kind": "public"}}, {"type": "Feature", "geometry": {"type": "MultiPolygon", "coordinates": [[[[-73.94141106946, 40.7046818895115], [-73.9420124955222, 40.7046254419457], [-73.9421574377806, 40.7046118387833], [-73.9422024337205, 40.7048945969117], [-73.9422877959565, 40.7048865549459], [-73.9422980609683, 40.704951052981], [-73.9423866752406, 40.7049427046163], [-73.9424204033492, 40.70515464791], [-73.9423362431163, 40.7051625771328], [-73.9423410100301, 40.7051933590181], [-73.9423540483139, 40.7052775759879], [-73.9423593719261, 40.7053119449315], [-73.9423917205226, 40.7055208924828], [-73.9424026936967, 40.7055917673036], [-73.9424130374087, 40.7056585697939], [-73.9424347650044, 40.7057989028584], [-73.9424463066525, 40.7058734467249], [-73.94195521629, 40.7059197106776], [-73.9413678279381, 40.7059750438725], [-73.941277155418, 40.7054138941651], [-73.9412711096955, 40.7053764793053], [-73.9412578390793, 40.7052943404751], [-73.9412530350053, 40.7052646193437], [-73.9411626457395, 40.7047052057642], [-73.94141106946, 40.7046818895115]]], [[[-73.941061773341, 40.7053591869995], [-73.9410682104264, 40.7053982103632], [-73.941165164862, 40.7059858411954], [-73.9405378181338, 40.7060475640675], [-73.9400799576142, 40.7060926097949], [-73.9397211816134, 40.7061279053743], [-73.9396247860854, 40.7055471769623], [-73.9396171703911, 40.7055013108013], [-73.9396111624211, 40.7054651106269], [-73.9395118535319, 40.704866895302], [-73.9397563095281, 40.7048436993344], [-73.9406325806531, 40.7047605465922], [-73.9409579106167, 40.7047296732327], [-73.9410550750206, 40.705318594782], [-73.941061773341, 40.7053591869995]]], [[[-73.9392623582914, 40.7020463997169], [-73.939286620128, 40.7021953554282], [-73.9393428019239, 40.7021970969122], [-73.9394558821347, 40.7021958740957], [-73.939497295184, 40.7021941794886], [-73.9395581923863, 40.7021866868754], [-73.9396229303687, 40.702175309536], [-73.9396578651599, 40.7021671052675], [-73.9397017307047, 40.7021554305717], [-73.9396774690549, 40.7020064740276], [-73.9398947733633, 40.7019855734005], [-73.9397894221354, 40.7013387586673], [-73.9403189009154, 40.701224167819], [-73.9405132046591, 40.7024170355977], [-73.9405385615179, 40.7025727067073], [-73.9407417655224, 40.7038201594387], [-73.9391542327006, 40.7039728523507], [-73.9386374138238, 40.7039562562305], [-73.9384909742646, 40.703805635855], [-73.9383618916226, 40.7037254932828], [-73.9382303281482, 40.7036438102118], [-73.9382101461683, 40.7036322827397], [-73.9380571769126, 40.703544910263], [-73.9378119897463, 40.7033543395761], [-73.9375750681899, 40.7029081985109], [-73.937173434178, 40.7019896349599], [-73.9389496787725, 40.701521700268], [-73.9390386396946, 40.7020679162637], [-73.9392623582914, 40.7020463997169]]], [[[-73.9398562334771, 40.7046641003394], [-73.9398106608162, 40.704391823823], [-73.939483371828, 40.7044232350315], [-73.9395002806227, 40.7045242507492], [-73.939316772929, 40.7045418626846], [-73.9389602138895, 40.7042129593993], [-73.9407515778299, 40.7040433545921], [-73.9408396870227, 40.7045697059465], [-73.9398562334771, 40.7046641003394]]]]}, "properties": {"campus_name": "NYC Housing Authority cluster (16 lots)", "owner_key": "NYCHA", "owner_label": "NYC Housing Authority", "lot_count": 16, "bldg_area_sqft": 2302078, "derivation": "contiguous lots, owner=NYCHA, snap=0.0003deg", "kind": "campus", "owner_kind": "public"}}, {"type": "Feature", "geometry": {"type": "MultiPolygon", "coordinates": [[[[-73.9382848172794, 40.5961202785933], [-73.9379209310726, 40.5942139831793], [-73.9405134261684, 40.5939322434631], [-73.9408755062272, 40.5958335453583], [-73.9382848172794, 40.5961202785933]]], [[[-73.9378744809537, 40.5954224151077], [-73.9379855674346, 40.5959994843299], [-73.9379937644694, 40.5960420691089], [-73.9380074026687, 40.5961129107028], [-73.9355400144503, 40.5963927298583], [-73.9351809862402, 40.5945543504865], [-73.9376544076272, 40.5942791556554], [-73.9378744809537, 40.5954224151077]]], [[[-73.9409160342436, 40.5960513351597], [-73.9413296253206, 40.5982255840418], [-73.9387377448154, 40.5985107005609], [-73.9383247221497, 40.5963360797493], [-73.9409160342436, 40.5960513351597]]], [[[-73.9383282206639, 40.5978052640731], [-73.9383993585659, 40.5981784978324], [-73.9384565118129, 40.5984783629097], [-73.9384616545591, 40.5985053471278], [-73.9359745563034, 40.5987779185198], [-73.9355770352387, 40.5966770349412], [-73.938061037102, 40.5964033871354], [-73.9383282206639, 40.5978052640731]]]]}, "properties": {"campus_name": "NYC Housing Authority cluster (4 lots)", "owner_key": "NYCHA", "owner_label": "NYC Housing Authority", "lot_count": 4, "bldg_area_sqft": 2250537, "derivation": "contiguous lots, owner=NYCHA, snap=0.0003deg", "kind": "campus", "owner_kind": "public"}}, {"type": "Feature", "geometry": {"type": "MultiPolygon", "coordinates": [[[[-73.9049635320665, 40.6643582666498], [-73.9049599870345, 40.6643587922919], [-73.9050313816147, 40.6646474128601], [-73.9029087083098, 40.664961800655], [-73.9025509786326, 40.6635679592434], [-73.9050241502173, 40.6632095265626], [-73.9052140531219, 40.6639772296362], [-73.9048814642003, 40.6640264934369], [-73.9049635320665, 40.6643582666498]]], [[[-73.9015715843106, 40.6637309465447], [-73.9022884819205, 40.6636205798505], [-73.9026398811474, 40.6650019039488], [-73.9019210877428, 40.6651074489865], [-73.9015715843106, 40.6637309465447]]], [[[-73.9044130757997, 40.6653315879094], [-73.9044103630149, 40.6653208046718], [-73.9046898312685, 40.6652791886139], [-73.904598933979, 40.6649179610637], [-73.905423180733, 40.6647952186465], [-73.9057546301157, 40.6661123224424], [-73.9033172432115, 40.6664728973334], [-73.9029806947943, 40.6651589205254], [-73.9037748332064, 40.6650406743553], [-73.9038700582612, 40.6654124457941], [-73.9044130757997, 40.6653315879094]]], [[[-73.9024197227762, 40.6655760201273], [-73.9023995170832, 40.6654973581515], [-73.9023285560972, 40.6652211058797], [-73.9026865804446, 40.6651666164787], [-73.9029591476481, 40.6662524194959], [-73.9026076528802, 40.6663076339193], [-73.9025037537401, 40.6659031536034], [-73.9024698390106, 40.6657711253474], [-73.9024754872224, 40.6657702377228], [-73.9024253709721, 40.6655751325052], [-73.9024197227762, 40.6655760201273]]], [[[-73.9053040851873, 40.6677658949691], [-73.904485981206, 40.6678875213985], [-73.9043857730292, 40.6679024200941], [-73.9036939964779, 40.6680052601705], [-73.9033596759579, 40.6666931452858], [-73.9040573956773, 40.6665883247193], [-73.9041627110212, 40.6665725021755], [-73.9049694184481, 40.6664513026591], [-73.9050723392291, 40.6664358375502], [-73.9058206331498, 40.6663234070798], [-73.9061562462643, 40.6676391990644], [-73.9054107196103, 40.6677500417498], [-73.9053040851873, 40.6677658949691]]], [[[-73.9036988698268, 40.6682266642442], [-73.9037278594912, 40.6682222498701], [-73.9044053510835, 40.6681191059967], [-73.9046743572099, 40.6691965222563], [-73.9040105251141, 40.6692942427314], [-73.9039731008984, 40.6692997514502], [-73.9036988698268, 40.6682266642442]]], [[[-73.9059205637274, 40.6703160990586], [-73.9043199453475, 40.6705582407185], [-73.9042866783071, 40.6705632730338], [-73.9040062607971, 40.6694607400975], [-73.904040871131, 40.6694555153918], [-73.9056472667904, 40.6692129536628], [-73.9059205637274, 40.6703160990586]]]]}, "properties": {"campus_name": "NYC Housing Authority cluster (7 lots)", "owner_key": "NYCHA", "owner_label": "NYC Housing Authority", "lot_count": 7, "bldg_area_sqft": 2171214, "derivation": "contiguous lots, owner=NYCHA, snap=0.0003deg", "kind": "campus", "owner_kind": "public"}}, {"type": "Feature", "geometry": {"type": "MultiPolygon", "coordinates": [[[[-73.8246789970832, 40.8194918192404], [-73.8247550312806, 40.819614594425], [-73.8248692425376, 40.8197917563534], [-73.8249721875065, 40.8199446615176], [-73.8250442809175, 40.820048242659], [-73.8250929094152, 40.8201165885736], [-73.82513019302, 40.8201681914985], [-73.8228286859581, 40.8209547815793], [-73.8227997915996, 40.8209146659419], [-73.8227679590583, 40.820869952297], [-73.8226586431578, 40.8207120475317], [-73.8225359286879, 40.820526039182], [-73.8223735258128, 40.8202635370352], [-73.822310892503, 40.8201566234277], [-73.8218275588514, 40.8193407230707], [-73.8241240689212, 40.8185530636601], [-73.8246034216056, 40.8193655760156], [-73.8246315986346, 40.8194131588935], [-73.8246789970832, 40.8194918192404]]], [[[-73.8269217088882, 40.8218592265426], [-73.8283480113552, 40.8211520695607], [-73.8286382131313, 40.8214918548149], [-73.829334794773, 40.8223074368043], [-73.8288582220375, 40.8225450219965], [-73.8279117759787, 40.8230168438954], [-73.8273273241033, 40.822333489305], [-73.8269217088882, 40.8218592265426]]], [[[-73.8212731078079, 40.8217780593988], [-73.8253009790714, 40.8203994289972], [-73.825552011172, 40.8207000739131], [-73.8264717645475, 40.8218015730419], [-73.8227913037273, 40.8236093011068], [-73.8218638973505, 40.8224906803489], [-73.8212731078079, 40.8217780593988]]], [[[-73.8230776687164, 40.8237590325311], [-73.8266754713327, 40.8219915126059], [-73.8276246468445, 40.8231115364299], [-73.8250414999461, 40.8243819710123], [-73.8230776687164, 40.8237590325311]]]]}, "properties": {"campus_name": "NYC Housing Authority cluster (6 lots)", "owner_key": "NYCHA", "owner_label": "NYC Housing Authority", "lot_count": 6, "bldg_area_sqft": 2081393, "derivation": "contiguous lots, owner=NYCHA, snap=0.0003deg", "kind": "campus", "owner_kind": "public"}}, {"type": "Feature", "geometry": {"type": "MultiPolygon", "coordinates": [[[[-73.8856229430257, 40.655008997589], [-73.8864964193505, 40.656177883238], [-73.8835495859393, 40.6574463344712], [-73.8826784670243, 40.6562793732689], [-73.8856229430257, 40.655008997589]]], [[[-73.8824219774924, 40.6563860290217], [-73.8832929265669, 40.6575583851153], [-73.8818829446514, 40.6581646260517], [-73.8810118260479, 40.6569953217549], [-73.8824219774924, 40.6563860290217]]], [[[-73.8866406182944, 40.6563690990337], [-73.8875873410066, 40.6576483770018], [-73.8846382985556, 40.6589173509961], [-73.8836905283783, 40.6576423865139], [-73.8866406182944, 40.6563690990337]]], [[[-73.8829750058146, 40.6586104071067], [-73.8826019715938, 40.6581088717863], [-73.88262065706, 40.6581008429028], [-73.8834367978962, 40.6577501594128], [-73.8843855181358, 40.6590270062928], [-73.8838950297865, 40.6592392045931], [-73.8837708359556, 40.6590722366623], [-73.8835184350907, 40.6591814311374], [-73.8833783586018, 40.6591526950803], [-73.8832269205603, 40.6589490965088], [-73.8829881011801, 40.6590517118638], [-73.8826423119673, 40.6587533576339], [-73.8829750058146, 40.6586104071067]]]]}, "properties": {"campus_name": "NYC Housing Authority cluster (4 lots)", "owner_key": "NYCHA", "owner_label": "NYC Housing Authority", "lot_count": 4, "bldg_area_sqft": 1917650, "derivation": "contiguous lots, owner=NYCHA, snap=0.0003deg", "kind": "campus", "owner_kind": "public"}}, {"type": "Feature", "geometry": {"type": "MultiPolygon", "coordinates": [[[[-73.9446963047221, 40.7528854190013], [-73.9447936547346, 40.7529276264432], [-73.9462859114191, 40.7535746088115], [-73.9464104780886, 40.7536286151885], [-73.9471810638962, 40.7539626976863], [-73.9473751076264, 40.7540468216853], [-73.9479819741055, 40.7543099162257], [-73.9481993664526, 40.754404161195], [-73.9487177841232, 40.7546289045158], [-73.9487075543036, 40.7546407110036], [-73.9488330458918, 40.7546951141376], [-73.9478643916676, 40.755812897045], [-73.9472648042333, 40.7563499512852], [-73.9458239554303, 40.7556538249348], [-73.9469997027283, 40.7544568416165], [-73.9471339307499, 40.7543201867847], [-73.9471391488849, 40.7543133498021], [-73.9471426291605, 40.7543074306092], [-73.947145272053, 40.754301730724], [-73.9471475129328, 40.7542952210755], [-73.9471489520261, 40.7542888497668], [-73.9471497251277, 40.7542816010619], [-73.9471490912667, 40.7542700382819], [-73.9471478880488, 40.7542642015209], [-73.9471464518442, 40.7542594443691], [-73.9471428444436, 40.7542510184812], [-73.9471374610457, 40.7542422225862], [-73.9471280553855, 40.7542313816146], [-73.9452985918482, 40.7534316697769], [-73.9452883512111, 40.7534288049109], [-73.9452738338752, 40.7534266737189], [-73.9452598299521, 40.7534265725294], [-73.9452424964125, 40.7534291009478], [-73.9452284438419, 40.7534335770244], [-73.9452167489423, 40.7534394103508], [-73.9452057022779, 40.7534474709308], [-73.9439801983168, 40.7547209882406], [-73.9426162578178, 40.7540249913782], [-73.943998688079, 40.7525829477857], [-73.9446092887263, 40.7528476910071], [-73.9446963047221, 40.7528854190013]]], [[[-73.9469041192152, 40.7542974540578], [-73.9456507883085, 40.7555734201071], [-73.9453822117863, 40.7554363802445], [-73.9452374481496, 40.7551982808707], [-73.9447529011303, 40.7549490083544], [-73.944402732501, 40.754936593897], [-73.9441476989828, 40.7548064582094], [-73.9453032416291, 40.7536009364623], [-73.9469041192152, 40.7542974540578]]], [[[-73.9414553351764, 40.7552288642328], [-73.9425033323277, 40.7541402240736], [-73.9438727965555, 40.7548355729894], [-73.9428093427282, 40.7559407907064], [-73.9414553351764, 40.7552288642328]]], [[[-73.9473221578927, 40.7565750498616], [-73.9480620175488, 40.755900391224], [-73.9490780345729, 40.7547228033186], [-73.9502012845881, 40.7552624667092], [-73.9488592659798, 40.7568780088246], [-73.9490526208215, 40.756970904166], [-73.9487808657032, 40.7573596551844], [-73.9487801212624, 40.7573607201799], [-73.9487632533117, 40.7573848516058], [-73.9486963615131, 40.7574805383496], [-73.9485999540572, 40.7575600802303], [-73.9485171832514, 40.7576283699949], [-73.9484756987831, 40.7576856776335], [-73.9483712604915, 40.7577575659389], [-73.9481191937174, 40.7580243642799], [-73.9480954050105, 40.7581469681842], [-73.9479152050506, 40.7580496817883], [-73.9465269414928, 40.7573001639836], [-73.9472989944374, 40.756596171456], [-73.9473221578927, 40.7565750498616]]], [[[-73.9458000679255, 40.7576677509394], [-73.9445157406135, 40.756855284449], [-73.9456854406206, 40.7557838575978], [-73.9470560135088, 40.7565229119811], [-73.9458000679255, 40.7576677509394]]]]}, "properties": {"campus_name": "NYC Housing Authority cluster (5 lots)", "owner_key": "NYCHA", "owner_label": "NYC Housing Authority", "lot_count": 5, "bldg_area_sqft": 1855754, "derivation": "contiguous lots, owner=NYCHA, snap=0.0003deg", "kind": "campus", "owner_kind": "public"}}, {"type": "Feature", "geometry": {"type": "MultiPolygon", "coordinates": [[[[-73.9189089890595, 40.8202937214567], [-73.9182770519924, 40.8201286086215], [-73.9180485887792, 40.8202099270504], [-73.9183638164107, 40.8195158576942], [-73.9213137692538, 40.8202864473518], [-73.9206574353342, 40.8217427914238], [-73.9203543386433, 40.8219362657384], [-73.9175922726675, 40.8212146183473], [-73.9179175819131, 40.820498373774], [-73.9180271024197, 40.8206732489198], [-73.918661356028, 40.8208389661665], [-73.9189089890595, 40.8202937214567]]], [[[-73.9200757936816, 40.8220799705168], [-73.9201169193168, 40.8221245943006], [-73.9183464240034, 40.8232593196811], [-73.9167798401885, 40.8227780298351], [-73.9175090498786, 40.8214145834941], [-73.9200757936816, 40.8220799705168]]], [[[-73.9196209912921, 40.8227716121233], [-73.9185613059342, 40.8234526442806], [-73.918742677419, 40.8235392171711], [-73.9186056343086, 40.8236272611546], [-73.918739195421, 40.823723054669], [-73.918915794185, 40.8237804469457], [-73.9189170514771, 40.8237808548313], [-73.9186101991671, 40.8242951930129], [-73.9185550563403, 40.8243952019097], [-73.9183756422324, 40.8243385941604], [-73.9179763425295, 40.8242126096752], [-73.9177339201767, 40.8243681786532], [-73.9173821875233, 40.8245938950364], [-73.9173801967554, 40.8245951722575], [-73.91686481251, 40.8249259026531], [-73.9166752006523, 40.8248660754941], [-73.9164631611159, 40.8247991710291], [-73.9164425700206, 40.8247926734467], [-73.9164267192234, 40.8247145960822], [-73.9174130708038, 40.8240816383609], [-73.918327321242, 40.8234949291386], [-73.918464796309, 40.8234065787604], [-73.9195512062217, 40.822708371994], [-73.9200940804773, 40.8223594729979], [-73.9200005368704, 40.8225276829987], [-73.9196209912921, 40.8227716121233]]], [[[-73.9196725227546, 40.8231175314096], [-73.9195986287608, 40.8232504120097], [-73.9193113621931, 40.8237669359535], [-73.9188969103911, 40.8236278373233], [-73.918742677419, 40.8235392171711], [-73.9195594233791, 40.8230143168611], [-73.9197521406245, 40.8228904609426], [-73.91982473867, 40.8228438026761], [-73.9196725227546, 40.8231175314096]]]]}, "properties": {"campus_name": "NYC Housing Authority cluster (13 lots)", "owner_key": "NYCHA", "owner_label": "NYC Housing Authority", "lot_count": 13, "bldg_area_sqft": 1733043, "derivation": "contiguous lots, owner=NYCHA, snap=0.0003deg", "kind": "campus", "owner_kind": "public"}}, {"type": "Feature", "geometry": {"type": "MultiPolygon", "coordinates": [[[[-73.9379000192372, 40.6925534151303], [-73.9379540986285, 40.6928337632284], [-73.9371336771486, 40.6929284293302], [-73.9370241219875, 40.6923630740053], [-73.937845112489, 40.6922687709894], [-73.9379000192372, 40.6925534151303]]], [[[-73.9398574778197, 40.6927995194768], [-73.939972324975, 40.6933568638015], [-73.9373005360364, 40.6936628358084], [-73.9371916755758, 40.6931083007541], [-73.9398574778197, 40.6927995194768]]], [[[-73.937053506435, 40.6936812289775], [-73.9347311112308, 40.6939482127186], [-73.9347042526438, 40.6938125045159], [-73.9343476840809, 40.6938534912019], [-73.9342677362533, 40.6934495301998], [-73.9369441279667, 40.6931411376868], [-73.937053506435, 40.6936812289775]]], [[[-73.936361375738, 40.6942352925561], [-73.9363067106255, 40.6939546489476], [-73.9370976446843, 40.6938628785894], [-73.9372023357804, 40.6944003142441], [-73.9372053582425, 40.6944158362161], [-73.9360375852735, 40.6945501143378], [-73.9345182453446, 40.694724800589], [-73.9345151382984, 40.694709289291], [-73.9344081039415, 40.6941749178716], [-73.9355618533321, 40.6940410680719], [-73.9356163670657, 40.6943209555723], [-73.9359847012615, 40.6942786045682], [-73.9360048058141, 40.6942762933263], [-73.936361375738, 40.6942352925561]]], [[[-73.9338970033175, 40.6943981706507], [-73.9339166169203, 40.6943959260851], [-73.9338849682177, 40.6942386504706], [-73.9341791688906, 40.6942049831796], [-73.9342897195137, 40.6947543387001], [-73.933995458935, 40.6947877243014], [-73.9339395640258, 40.6945099650049], [-73.9338645244026, 40.6945185505946], [-73.9338528254734, 40.6944604157173], [-73.9339082537224, 40.6944540737826], [-73.9338970033175, 40.6943981706507]]]]}, "properties": {"campus_name": "NYC Housing Authority cluster (6 lots)", "owner_key": "NYCHA", "owner_label": "NYC Housing Authority", "lot_count": 6, "bldg_area_sqft": 1691298, "derivation": "contiguous lots, owner=NYCHA, snap=0.0003deg", "kind": "campus", "owner_kind": "public"}}, {"type": "Feature", "geometry": {"type": "MultiPolygon", "coordinates": [[[[-73.9528432754116, 40.8151043042793], [-73.9527996166339, 40.815412877846], [-73.9526770102012, 40.816279409356], [-73.952669762543, 40.8163306338703], [-73.9526604789197, 40.8163962519581], [-73.9526506637831, 40.8164293078893], [-73.9526409956904, 40.8164687978618], [-73.9526118497949, 40.8165400080198], [-73.9525731730445, 40.8166092268405], [-73.9525451327383, 40.8166505877301], [-73.951982805747, 40.8174128759781], [-73.9517425887377, 40.8173092969135], [-73.9518074569024, 40.8172224620753], [-73.9518218651206, 40.8172031750208], [-73.9518815643251, 40.8172289162983], [-73.9519564102319, 40.8171287239862], [-73.9518856094438, 40.8170981955673], [-73.9519045844807, 40.8170692480157], [-73.9515235226333, 40.8169231277414], [-73.9514235672854, 40.8170569319337], [-73.9516109552635, 40.817137732189], [-73.9512362432276, 40.8171565784492], [-73.9510136448463, 40.8170264603997], [-73.9508138447547, 40.8172177075477], [-73.9508455512076, 40.8174349065632], [-73.9507283349276, 40.8175488495266], [-73.9509859531089, 40.8177211163072], [-73.9506313412089, 40.8182217025066], [-73.9498616790953, 40.817895933582], [-73.9499750474538, 40.817715945555], [-73.9500333730964, 40.8176052979569], [-73.9500867340233, 40.8174779457786], [-73.9501098199873, 40.8174070425174], [-73.9501419628823, 40.8172759593782], [-73.9501613961302, 40.8171617676431], [-73.9501716221584, 40.8170519132532], [-73.9501742549615, 40.816978683271], [-73.9501737132812, 40.8169154492787], [-73.9501712276555, 40.8168521143905], [-73.9501672911242, 40.8168159838575], [-73.9501591560417, 40.8167563035234], [-73.9501472616874, 40.8166882172371], [-73.9501412021642, 40.81665539685], [-73.9501283106581, 40.8166035749107], [-73.9501165857801, 40.8165703783662], [-73.9501032919362, 40.816541474784], [-73.9500799978777, 40.816501303409], [-73.9500550114727, 40.8164688873445], [-73.9500186072146, 40.8164284581281], [-73.9499935270918, 40.8164072648978], [-73.9499386737709, 40.8163513202388], [-73.949883902913, 40.8162820653179], [-73.9498399573265, 40.8162050545969], [-73.9498070626754, 40.8161225493266], [-73.9497921422397, 40.8160284796239], [-73.9497916509363, 40.8159647890304], [-73.9497960929169, 40.8159119552065], [-73.9498080632124, 40.8158583880384], [-73.9498239033303, 40.815814277723], [-73.9498408518282, 40.8157778023805], [-73.9498633166264, 40.815736429762], [-73.9498968264789, 40.8156880309627], [-73.9499577707291, 40.8156030936656], [-73.9500112618649, 40.8155307565401], [-73.9505524100942, 40.8147927369737], [-73.9509412355759, 40.8149481119331], [-73.9508050979221, 40.8151353735644], [-73.9509494663138, 40.8151970470264], [-73.9510874398205, 40.8150095294221], [-73.9510268914124, 40.8149827156872], [-73.9512020113211, 40.8147404777899], [-73.9513819994624, 40.8144892817609], [-73.9528432754116, 40.8151043042793]], [[-73.950533254974, 40.8157959412561], [-73.9514294719034, 40.8161757926204], [-73.9520896697608, 40.8152700371805], [-73.9522466917836, 40.815332477999], [-73.9523340481557, 40.8152169335114], [-73.9512735207217, 40.8147705765967], [-73.950533254974, 40.8157959412561]], [[-73.9517840157871, 40.8161220980715], [-73.9521444059539, 40.8156005658796], [-73.9520028497847, 40.8155418279325], [-73.9516417861911, 40.8160641788469], [-73.9517840157871, 40.8161220980715]], [[-73.9521985794744, 40.8155370329936], [-73.9521576704693, 40.8157916433658], [-73.9523285774579, 40.8158053629915], [-73.9523593961987, 40.8155465016795], [-73.9521985794744, 40.8155370329936]], [[-73.9520200242696, 40.815379069286], [-73.952054513528, 40.8155004571646], [-73.9523030550733, 40.8154543998225], [-73.9522668104125, 40.8153392427344], [-73.9520200242696, 40.815379069286]], [[-73.9505620047148, 40.8152890294729], [-73.9506721529013, 40.8151401209003], [-73.9505198506257, 40.8150802761591], [-73.9504068545597, 40.815226751974], [-73.9505620047148, 40.8152890294729]]], [[[-73.9519963597678, 40.8178071660114], [-73.9523270874957, 40.8173541569436], [-73.9529784325101, 40.8176269859385], [-73.9526318565973, 40.8181015653043], [-73.9519805878407, 40.8178287677878], [-73.9519963597678, 40.8178071660114]]], [[[-73.949315105575, 40.8184960045615], [-73.9493760722115, 40.8184483869122], [-73.9494907357322, 40.8183498192817], [-73.9495454575022, 40.8182980070603], [-73.9495977346398, 40.818245160888], [-73.9496477781781, 40.8181910845112], [-73.9496955362151, 40.8181358283558], [-73.9497409610328, 40.8180794419323], [-73.9497765492143, 40.8180319454372], [-73.950696155005, 40.8184210020829], [-73.9506360224952, 40.8184687882722], [-73.9505910446228, 40.8185097172705], [-73.950545457634, 40.8185567018304], [-73.9505054952036, 40.8186035601185], [-73.9501939905247, 40.8190324244495], [-73.9491685188657, 40.8185985759335], [-73.9491791335572, 40.818592185282], [-73.9492524677319, 40.8185419383866], [-73.949315105575, 40.8184960045615]]], [[[-73.9507947258586, 40.8185836586442], [-73.9508159541339, 40.8185640440921], [-73.9508385009304, 40.818545395358], [-73.95086876605, 40.8185209606893], [-73.9509055519774, 40.81849125098], [-73.9520320132146, 40.8189659527244], [-73.9498386473183, 40.821969019121], [-73.9486815798169, 40.8214792838296], [-73.9496996300384, 40.820079155103], [-73.9503564248111, 40.8191758283313], [-73.9507198195977, 40.8186760176427], [-73.9507559411792, 40.8186264057542], [-73.9507744637202, 40.8186046820085], [-73.9507947258586, 40.8185836586442]]]]}, "properties": {"campus_name": "NYC DOE schools cluster (5 lots)", "owner_key": "EDUC", "owner_label": "NYC DOE schools", "lot_count": 5, "bldg_area_sqft": 1658657, "derivation": "contiguous lots, owner=EDUC, snap=0.0003deg", "kind": "campus", "owner_kind": "public"}}, {"type": "Feature", "geometry": {"type": "MultiPolygon", "coordinates": [[[[-73.8661854248445, 40.6671422064353], [-73.8658563748906, 40.6658275681671], [-73.8673933368051, 40.6656068566314], [-73.8677177722302, 40.6669200776827], [-73.8661854248445, 40.6671422064353]]], [[[-73.8622060886389, 40.6663506668485], [-73.8655807552981, 40.6658651203357], [-73.8659074519412, 40.6671788363769], [-73.8625334589244, 40.6676645265511], [-73.8622060886389, 40.6663506668485]]], [[[-73.8681082498997, 40.6684649754911], [-73.8665614788971, 40.6686859373547], [-73.8662282584618, 40.667349338214], [-73.8677766921061, 40.6671276749675], [-73.8681082498997, 40.6684649754911]]], [[[-73.865963727903, 40.6673917670783], [-73.8662965128522, 40.6687242123712], [-73.8629163539097, 40.6692121218711], [-73.86258119978, 40.6678787336595], [-73.865963727903, 40.6673917670783]]]]}, "properties": {"campus_name": "NYC Housing Authority cluster (4 lots)", "owner_key": "NYCHA", "owner_label": "NYC Housing Authority", "lot_count": 4, "bldg_area_sqft": 1647240, "derivation": "contiguous lots, owner=NYCHA, snap=0.0003deg", "kind": "campus", "owner_kind": "public"}}, {"type": "Feature", "geometry": {"type": "MultiPolygon", "coordinates": [[[[-73.9485811265282, 40.7859244949514], [-73.9478269467046, 40.7869633400898], [-73.9459084204185, 40.7861522204433], [-73.9466643989058, 40.7851138974538], [-73.9485811265282, 40.7859244949514]]], [[[-73.9465875075143, 40.7866661579939], [-73.9462314802431, 40.7871539543309], [-73.9467083298873, 40.787354920047], [-73.94706435595, 40.7868671222514], [-73.9477059534916, 40.7871375133278], [-73.946473567551, 40.7888260150124], [-73.9445516950066, 40.788014776943], [-73.9457838460423, 40.7863274544917], [-73.9465875075143, 40.7866661579939]]], [[[-73.9443279409795, 40.7889355395663], [-73.9439759127688, 40.7894127606513], [-73.9436444798802, 40.789272753991], [-73.9444240387833, 40.7882159541072], [-73.9447430160296, 40.7883501722844], [-73.9443852434035, 40.7888351893179], [-73.944861901034, 40.7890355267949], [-73.9450409386481, 40.7887928120008], [-73.9449604313598, 40.7887589750124], [-73.945139057397, 40.7885168172839], [-73.9463288620736, 40.7890205829185], [-73.9455493227769, 40.7900773946335], [-73.9445870070657, 40.789670901025], [-73.9446615062228, 40.7890757362868], [-73.9443279409795, 40.7889355395663]]], [[[-73.9433063174804, 40.7897059191142], [-73.9434845580623, 40.7894617629051], [-73.9445981452219, 40.7899317850751], [-73.9444199086728, 40.7901759448306], [-73.9439476271536, 40.78997660458], [-73.9436242405118, 40.7898401110582], [-73.9433063174804, 40.7897059191142]]]]}, "properties": {"campus_name": "NYC Housing Authority cluster (4 lots)", "owner_key": "NYCHA", "owner_label": "NYC Housing Authority", "lot_count": 4, "bldg_area_sqft": 1540319, "derivation": "contiguous lots, owner=NYCHA, snap=0.0003deg", "kind": "campus", "owner_kind": "public"}}, {"type": "Feature", "geometry": {"type": "MultiPolygon", "coordinates": [[[[-74.0080608007922, 40.7411064368824], [-74.0078762106968, 40.7410284449714], [-74.0078609204146, 40.7410219849399], [-74.0076389542014, 40.7409282003157], [-74.0080053486753, 40.7404205144264], [-74.0082034667567, 40.7405037748466], [-74.0083358769204, 40.7405594221284], [-74.0081521917087, 40.7408139330513], [-74.008232687463, 40.7408479439805], [-74.0083065966081, 40.7408791709491], [-74.008390290388, 40.7409145323152], [-74.0084694578228, 40.7409479813128], [-74.008535797867, 40.7409760109461], [-74.0084457308198, 40.7411008108318], [-74.0083793848607, 40.7410727783859], [-74.0082863273107, 40.7412017242276], [-74.0081234655547, 40.7411329127711], [-74.0080758460379, 40.7411127934177], [-74.0080608007922, 40.7411064368824]]], [[[-74.0079780157275, 40.741759047471], [-74.0080116238838, 40.7417123403292], [-74.008043674085, 40.7416677962371], [-74.0080751715081, 40.7416240204254], [-74.007953423927, 40.7415725819808], [-74.0078310962915, 40.7415208968164], [-74.0080146566815, 40.7412657803217], [-74.0080244911053, 40.7412699363763], [-74.0080365052628, 40.7412750117044], [-74.0085054445713, 40.7414731409956], [-74.0083218891186, 40.7417282599387], [-74.0082904544933, 40.7417719449572], [-74.008258404409, 40.7418164917101], [-74.0082247335776, 40.7418632871892], [-74.0081868308498, 40.7419159623467], [-74.0081427179672, 40.7419772458942], [-74.0078960010348, 40.7418730060019], [-74.0079400512797, 40.7418118125702], [-74.0079780157275, 40.741759047471]]], [[[-74.0074729468613, 40.7423471485661], [-74.0076843916244, 40.7420569020687], [-74.0076935973837, 40.7420607799396], [-74.0078871744551, 40.7421423591167], [-74.0079974901512, 40.7421888491695], [-74.0077901787351, 40.7424715667914], [-74.0076035700762, 40.7427260490264], [-74.0074412927217, 40.7426576616596], [-74.0074274489452, 40.7426518281761], [-74.0074093451848, 40.7426441984458], [-74.0075907610967, 40.7423967983649], [-74.0074729468613, 40.7423471485661]]], [[[-74.0073555323793, 40.7427732670496], [-74.0075186459249, 40.7428419156694], [-74.0073935374102, 40.7430125491229], [-74.0071670762887, 40.7433214121277], [-74.0071455012373, 40.7433508385085], [-74.0069817794836, 40.7432826864277], [-74.0045918523494, 40.7422877759845], [-74.0049762754154, 40.7417718972329], [-74.0073444285911, 40.7427685950034], [-74.0073555323793, 40.7427732670496]]]]}, "properties": {"campus_name": "NYC Parks cluster (4 lots)", "owner_key": "PARKS", "owner_label": "NYC Parks", "lot_count": 4, "bldg_area_sqft": 1468492, "derivation": "contiguous lots, owner=PARKS, snap=0.0003deg", "kind": "campus", "owner_kind": "public"}}, {"type": "Feature", "geometry": {"type": "MultiPolygon", "coordinates": [[[[-73.9953435197194, 40.5717994374928], [-73.9959013372954, 40.5718180617817], [-73.9959171081181, 40.5719852547337], [-73.9967561798174, 40.5719356814707], [-73.9967477237904, 40.5718460555704], [-73.9973855346129, 40.5717785793359], [-73.997372128223, 40.571636483345], [-73.9978000804188, 40.5716852720267], [-73.997788821294, 40.5716844648926], [-73.9977766020373, 40.571684402497], [-73.9977623739935, 40.5716855594306], [-73.9977509577775, 40.5716874376677], [-73.9977416435545, 40.5716896375403], [-73.9977339460699, 40.5716919400128], [-73.9977256912156, 40.5716949439791], [-73.9977176417259, 40.571698463054], [-73.9977108547154, 40.5717019416624], [-73.9977044444477, 40.5717057237186], [-73.9976986611925, 40.5717096174755], [-73.9976928083559, 40.5717141100823], [-73.9976873569505, 40.5717189070576], [-73.997681085925, 40.5717253708952], [-73.9976767303218, 40.5717306659329], [-73.9976728437393, 40.5717361806739], [-73.9976673200691, 40.5717460926492], [-73.9976624635571, 40.5717595076401], [-73.9976608690255, 40.5717674853495], [-73.9976602853663, 40.5717732523142], [-73.9976612049084, 40.5717849267557], [-73.9976627045913, 40.5717910836277], [-73.9976732603246, 40.5718433053046], [-73.9976758839122, 40.571859171739], [-73.9976792574154, 40.5718713684471], [-73.9976855844772, 40.5718851079385], [-73.9976983227722, 40.5719027062086], [-73.9977109619709, 40.5719147428875], [-73.9977288423223, 40.5719270263887], [-73.9977442593117, 40.5719346892793], [-73.9977553212119, 40.5719388022272], [-73.9977606779237, 40.5719412652525], [-73.9977629806641, 40.5719427826719], [-73.9977657582239, 40.5719449790993], [-73.997767679477, 40.5719468063114], [-73.9977698523928, 40.5719493106856], [-73.9977720937401, 40.5719526777837], [-73.9977740138146, 40.5719569760312], [-73.9977747140361, 40.5719595173564], [-73.9977751355749, 40.5719622720133], [-73.997896465554, 40.5726209667689], [-73.9977011666072, 40.5726194717598], [-73.9975542728998, 40.5726192220109], [-73.9974156197714, 40.5726196737636], [-73.9972691120946, 40.5726208797933], [-73.997140979068, 40.5726225462342], [-73.9969668687124, 40.5726250451847], [-73.9968444277566, 40.5726278128525], [-73.9967245104394, 40.5726310306465], [-73.996580545208, 40.5726355552364], [-73.9964429841365, 40.5726423670749], [-73.9963310878284, 40.5726478163011], [-73.9962114927163, 40.5726543492541], [-73.9960186362721, 40.5726662216281], [-73.9958745300759, 40.5726755162271], [-73.9956699843036, 40.5726893866949], [-73.9954762111656, 40.5727018974664], [-73.9953053828573, 40.5727159000392], [-73.9951713570383, 40.57272618213], [-73.9950591576974, 40.5727372177939], [-73.9948961766482, 40.5718858977241], [-73.9948960020075, 40.5718841372196], [-73.9948960140378, 40.5718817769531], [-73.9948964133948, 40.5718789141463], [-73.9948975083916, 40.5718753796499], [-73.9948992989703, 40.5718719064257], [-73.9949018843145, 40.5718684917149], [-73.9949048250856, 40.5718656597258], [-73.9949080126754, 40.5718633221039], [-73.9949116465587, 40.5718612879436], [-73.9949191165971, 40.5718548801971], [-73.9949284573779, 40.5718454331816], [-73.9949386900723, 40.5718323966929], [-73.9949479464448, 40.5718161228666], [-73.9949545245453, 40.5717974867309], [-73.9949574054107, 40.5717742515406], [-73.9949550651862, 40.5717528045612], [-73.9949481381993, 40.5717322776597], [-73.9949393153305, 40.5717165127048], [-73.9949298934969, 40.5717041805368], [-73.9949171320226, 40.5716913150415], [-73.9949009894711, 40.5716788835179], [-73.9948823832883, 40.571668079104], [-73.9948637120632, 40.5716600095056], [-73.9948440214504, 40.5716538913547], [-73.9948220752099, 40.5716495372759], [-73.9947984009158, 40.571647463151], [-73.9947694795457, 40.5716484479596], [-73.9951162799456, 40.5716188188209], [-73.9951311886417, 40.5717101353374], [-73.9953435197194, 40.5717994374928]]], [[[-74.0010443845687, 40.5739730974877], [-74.0006121033612, 40.5740220062977], [-74.0004361823574, 40.5730932752805], [-74.0013491109343, 40.5732338490525], [-74.0014598113666, 40.5738150994571], [-74.0010236909475, 40.573864444822], [-74.0010443845687, 40.5739730974877]]], [[[-74.000515406114, 40.5745638488454], [-74.0002424593849, 40.5745941875312], [-74.0002321030818, 40.5745397328342], [-73.9996469388369, 40.574604772903], [-73.9993399833328, 40.5729802565731], [-74.0002317494681, 40.5730722441345], [-74.000515406114, 40.5745638488454]]], [[[-73.9985775141343, 40.574658602541], [-73.9983622225972, 40.5746816782899], [-73.998373613014, 40.5747414093836], [-73.9979432582682, 40.5747892302765], [-73.9978791380259, 40.5747963549233], [-73.9977335757892, 40.5748125300808], [-73.9975251462698, 40.5748356899824], [-73.9971544482296, 40.5728914450329], [-73.9973332842422, 40.5728901066314], [-73.9974355947925, 40.5728904034481], [-73.9975399424693, 40.5728928038092], [-73.9975976879181, 40.5731956659206], [-73.9976500487598, 40.5731898478202], [-73.9976614382854, 40.5732495771536], [-73.9976660689893, 40.5732490630614], [-73.9976774573327, 40.5733087933117], [-73.9977451343935, 40.573301272542], [-73.9977561509418, 40.5733590504446], [-73.9981083326395, 40.573319914507], [-73.9983166025264, 40.5732967716141], [-73.9982433803886, 40.5729145805742], [-73.9984964139218, 40.572922664635], [-73.9988241659501, 40.5729424610808], [-73.9990937542791, 40.5729637941855], [-73.999126331182, 40.5729663726444], [-73.9994535170986, 40.5746766573868], [-73.9994154890184, 40.5746807338729], [-73.9992328085493, 40.5747003165246], [-73.9992228722595, 40.5746483868215], [-73.99908556592, 40.574663104938], [-73.9990112503033, 40.57467107127], [-73.9990001982197, 40.5746132934942], [-73.9985775141343, 40.574658602541]]]]}, "properties": {"campus_name": "NYC Housing Authority cluster (5 lots)", "owner_key": "NYCHA", "owner_label": "NYC Housing Authority", "lot_count": 5, "bldg_area_sqft": 1436346, "derivation": "contiguous lots, owner=NYCHA, snap=0.0003deg", "kind": "campus", "owner_kind": "public"}}, {"type": "Feature", "geometry": {"type": "MultiPolygon", "coordinates": [[[[-73.7843992172105, 40.5947011741941], [-73.7844268374039, 40.5949847240749], [-73.7841217813516, 40.5950050067329], [-73.7839803551818, 40.5950144089351], [-73.7838385672607, 40.5950238347133], [-73.7836818840004, 40.5950342516148], [-73.7836534995742, 40.594737757784], [-73.7836272923081, 40.5944639954617], [-73.7839963846892, 40.5944458886559], [-73.7840063894136, 40.5945503927334], [-73.7843827320783, 40.5945319300345], [-73.784391163867, 40.5946184998687], [-73.7843992172105, 40.5947011741941]]], [[[-73.7847001649338, 40.5951976210078], [-73.7870897921664, 40.5950347725938], [-73.7879541165489, 40.5946803399075], [-73.7882196060918, 40.5974072151981], [-73.7849327892356, 40.5975943377497], [-73.7847001649338, 40.5951976210078]]], [[[-73.7844119884185, 40.5952157575887], [-73.7846443276198, 40.5976097494428], [-73.7822222915629, 40.5977447899735], [-73.7819932720812, 40.5953815433818], [-73.7844119884185, 40.5952157575887]]]]}, "properties": {"campus_name": "NYC Housing Authority cluster (9 lots)", "owner_key": "NYCHA", "owner_label": "NYC Housing Authority", "lot_count": 9, "bldg_area_sqft": 1424646, "derivation": "contiguous lots, owner=NYCHA, snap=0.0003deg", "kind": "campus", "owner_kind": "public"}}, {"type": "Feature", "geometry": {"type": "MultiPolygon", "coordinates": [[[[-73.9544196426747, 40.8169112670365], [-73.9545950146093, 40.8166711592311], [-73.9546300738742, 40.8166231603201], [-73.9542261860383, 40.8164560405087], [-73.9548785291098, 40.8155628810189], [-73.955513142497, 40.8158254676559], [-73.955383426437, 40.816003073073], [-73.9558523496207, 40.8161970972446], [-73.9560095643727, 40.8159496097615], [-73.9559949053882, 40.8159435438084], [-73.9561616050552, 40.8157152961709], [-73.9566557562771, 40.8159197553845], [-73.9567360110145, 40.8158383725177], [-73.9571080389883, 40.8159922983852], [-73.9572761270479, 40.8161805421581], [-73.9573614653715, 40.816276111943], [-73.9575217090974, 40.8163424117281], [-73.9567920825819, 40.8173414446135], [-73.9557329653249, 40.8169032339149], [-73.9554547090954, 40.8173703514005], [-73.9553238333206, 40.8178441683382], [-73.9552009773437, 40.8182889463243], [-73.9534243529635, 40.8175538349111], [-73.9538755189563, 40.8169361456763], [-73.9542794076148, 40.8171032659499], [-73.9544196426747, 40.8169112670365]]], [[[-73.9540577980943, 40.8183894727902], [-73.9542386413206, 40.8181415892959], [-73.9545595895059, 40.8182774318967], [-73.9543787495282, 40.8185253158898], [-73.9543539964063, 40.8185148396554], [-73.9542198840227, 40.8184580767462], [-73.9540380160313, 40.8187039445241], [-73.9539120099118, 40.8186506118395], [-73.9540919716038, 40.8184039366912], [-73.9540577980943, 40.8183894727902]]], [[[-73.9535225702035, 40.8186616540685], [-73.9536480655419, 40.8187144682852], [-73.9534632286075, 40.8189675937327], [-73.9533971480259, 40.8189397839866], [-73.9533377342598, 40.8189147793176], [-73.9535225702035, 40.8186616540685]]], [[[-73.9537682131804, 40.8187650317124], [-73.9538974556804, 40.8188194221276], [-73.9537126195128, 40.819072548807], [-73.9536884883641, 40.8190623950195], [-73.9535833777731, 40.8190181581873], [-73.9537682131804, 40.8187650317124]]]]}, "properties": {"campus_name": "NYC Housing Authority cluster (4 lots)", "owner_key": "NYCHA", "owner_label": "NYC Housing Authority", "lot_count": 4, "bldg_area_sqft": 1371928, "derivation": "contiguous lots, owner=NYCHA, snap=0.0003deg", "kind": "campus", "owner_kind": "public"}}, {"type": "Feature", "geometry": {"type": "MultiPolygon", "coordinates": [[[[-74.0019256193873, 40.7485165512027], [-74.0030410512043, 40.7489850983582], [-74.0026865044821, 40.7494778030243], [-74.0017261248097, 40.7490743982097], [-74.0004594447214, 40.7485422831162], [-74.0006426406696, 40.7482931337204], [-74.0008182336084, 40.7480513700137], [-74.0019256193873, 40.7485165512027]]], [[[-74.0007144898055, 40.7491285519282], [-74.0008868641205, 40.7488918021676], [-74.0016498149844, 40.7492135203928], [-74.0016834388198, 40.7492276983679], [-74.001899171023, 40.749318665916], [-74.0019328802203, 40.7493328789539], [-74.0025782108288, 40.7496049902691], [-74.0021272255051, 40.7502244171545], [-74.0018595508852, 40.7501115496896], [-74.0015590618587, 40.7499848439178], [-74.001035236505, 40.749763962834], [-74.0009014962528, 40.7497075680209], [-74.0003962063488, 40.7494944984819], [-74.000674827426, 40.7491118279286], [-74.0007144898055, 40.7491285519282]]]]}, "properties": {"campus_name": "NYC Housing Authority cluster (5 lots)", "owner_key": "NYCHA", "owner_label": "NYC Housing Authority", "lot_count": 5, "bldg_area_sqft": 1347096, "derivation": "contiguous lots, owner=NYCHA, snap=0.0003deg", "kind": "campus", "owner_kind": "public"}}, {"type": "Feature", "geometry": {"type": "MultiPolygon", "coordinates": [[[[-73.9288891092124, 40.8228433469808], [-73.928889506004, 40.822841491246], [-73.9288942024485, 40.8228293932606], [-73.929112802387, 40.8222662286509], [-73.9293755172515, 40.8223252976274], [-73.9299816502494, 40.822270839706], [-73.9302660882714, 40.8222360241186], [-73.9307252072393, 40.8222605638504], [-73.9307844913086, 40.8222637322343], [-73.9308766541545, 40.8233526190767], [-73.9309064549371, 40.8237046993934], [-73.9309918518626, 40.824711110719], [-73.9309408157461, 40.8247140851205], [-73.9309174211574, 40.8244389227618], [-73.93092198534, 40.8246944547671], [-73.9308563418937, 40.8246990313209], [-73.9307742774929, 40.8247210578126], [-73.9304312114047, 40.8247470575909], [-73.9303816042165, 40.8247484225025], [-73.9303360677573, 40.8247499312359], [-73.9303023379673, 40.8247504232671], [-73.9302682698687, 40.8247514264923], [-73.9302271429296, 40.8247509513634], [-73.9301968102137, 40.8247507322251], [-73.9301551231292, 40.8247496471068], [-73.9301050013087, 40.8247477446135], [-73.9300780989447, 40.8247478516184], [-73.9300452669933, 40.8247468267929], [-73.9298716266813, 40.8247356956393], [-73.9297283875572, 40.824721618374], [-73.9297233180419, 40.8247210650578], [-73.9296568148132, 40.8247191748914], [-73.9296054154039, 40.8247248689079], [-73.9295905650836, 40.8247050255121], [-73.9294916063921, 40.8245728001523], [-73.9293008827232, 40.8243179555566], [-73.9291582983072, 40.8241274337896], [-73.9288632527748, 40.8237309366169], [-73.9286632279105, 40.8234621302557], [-73.928681939061, 40.8234295248749], [-73.9288813125709, 40.8228647055474], [-73.9288835191675, 40.8228586591029], [-73.9288891092124, 40.8228433469808]]], [[[-73.9301301336729, 40.8249013817193], [-73.9301863682122, 40.8249005675571], [-73.9302538145052, 40.8248997987988], [-73.9303420438323, 40.8248979250377], [-73.9304443650239, 40.8248933943308], [-73.9308144565934, 40.8248738906339], [-73.93081599449, 40.8248882743205], [-73.9308706564496, 40.8253137328477], [-73.9308065957919, 40.8255420728425], [-73.9307146513452, 40.8257206525702], [-73.930625781708, 40.8258932566247], [-73.9305854061243, 40.8260342868995], [-73.9304610899442, 40.8258681804137], [-73.9304535289774, 40.8258580786146], [-73.9303648624191, 40.8257396071906], [-73.9297138884585, 40.8248698086288], [-73.9299694318755, 40.8248926071149], [-73.9300366764213, 40.8248976870552], [-73.9301301336729, 40.8249013817193]]]]}, "properties": {"campus_name": "NYC Design & Construction / public buildings cluster (5 lots)", "owner_key": "DSBS", "owner_label": "NYC Design & Construction / public buildings", "lot_count": 5, "bldg_area_sqft": 1344018, "derivation": "contiguous lots, owner=DSBS, snap=0.0003deg", "kind": "campus", "owner_kind": "public"}}, {"type": "Feature", "geometry": {"type": "MultiPolygon", "coordinates": [[[[-73.8976225018129, 40.6480579064781], [-73.8963531380684, 40.6488748149036], [-73.8949064330738, 40.6475744176258], [-73.8961731788783, 40.6467563060894], [-73.8976225018129, 40.6480579064781]]], [[[-73.8942106620633, 40.6502642785367], [-73.8927556399622, 40.648956026679], [-73.8927693903694, 40.648947156767], [-73.894648755389, 40.6477348659354], [-73.8947037535471, 40.6476993890514], [-73.8961598225328, 40.6490081351628], [-73.8961048026772, 40.6490435956529], [-73.8942244183569, 40.6502554148156], [-73.8942106620633, 40.6502642785367]]], [[[-73.8914579911029, 40.650044963426], [-73.8925465669665, 40.6490933154781], [-73.8925657202315, 40.649076571089], [-73.8940314803398, 40.6503914964163], [-73.8940094923149, 40.6504056980615], [-73.892757928145, 40.6512140524733], [-73.8914579911029, 40.650044963426]]], [[[-73.8958653346454, 40.6517500759403], [-73.8943924969281, 40.6504271882248], [-73.8944095920527, 40.650416158213], [-73.8962829176559, 40.6492075508023], [-73.8963377813671, 40.649172154088], [-73.8978113060636, 40.6504928482626], [-73.8977564739652, 40.6505282754026], [-73.89588242164, 40.6517390375054], [-73.8958653346454, 40.6517500759403]]], [[[-73.8918337026202, 40.6518189431411], [-73.8914007476903, 40.6521926950333], [-73.8913814715889, 40.6522093355358], [-73.8902147729884, 40.6511605738858], [-73.8902336654111, 40.6511435883601], [-73.8912696157684, 40.650212039687], [-73.8925435459986, 40.6513522143134], [-73.8919943142895, 40.6517009802539], [-73.8919250973405, 40.6517471325339], [-73.8918900216832, 40.6517724969389], [-73.8918660984616, 40.6517910458173], [-73.8918337026202, 40.6518189431411]]], [[[-73.8952494778329, 40.6543352893778], [-73.8943005678411, 40.6530563827091], [-73.8941590244596, 40.6528656110937], [-73.8933131282023, 40.651725487765], [-73.8932978916945, 40.6517073966175], [-73.893287307925, 40.6516958241493], [-73.8932793165172, 40.6516882991892], [-73.8929298199328, 40.6513715935078], [-73.8941854875032, 40.6505641496584], [-73.8942075167833, 40.650549985832], [-73.8974142880418, 40.6534295949496], [-73.895263661498, 40.6543544058236], [-73.8952494778329, 40.6543352893778]]], [[[-73.8930602120236, 40.6518210985997], [-73.8930752139297, 40.6518350346094], [-73.8930857479503, 40.6518480991487], [-73.893103039507, 40.6518705958248], [-73.8939347778662, 40.6529917778598], [-73.8940595903549, 40.6531600196042], [-73.894422415819, 40.6536490904586], [-73.8937272500181, 40.6539540959637], [-73.8943168112108, 40.654744960717], [-73.8950128877749, 40.6544440344974], [-73.8950247824837, 40.6544600601962], [-73.8936239886511, 40.655065642064], [-73.891779121314, 40.6525732819059], [-73.8917724086487, 40.6525640255046], [-73.8917609095157, 40.6525504393982], [-73.8917537174975, 40.6525429366687], [-73.8917406769758, 40.6525305846183], [-73.8915669885507, 40.6523754931651], [-73.8915861466148, 40.6523587570648], [-73.8920466696246, 40.6519564767047], [-73.8920872024619, 40.6519213306006], [-73.8921252002679, 40.6518905127432], [-73.8921474983855, 40.6518759110135], [-73.8927166330623, 40.6515082645978], [-73.8930602120236, 40.6518210985997]]]]}, "properties": {"campus_name": "NYC Housing Authority cluster (7 lots)", "owner_key": "NYCHA", "owner_label": "NYC Housing Authority", "lot_count": 7, "bldg_area_sqft": 1306494, "derivation": "contiguous lots, owner=NYCHA, snap=0.0003deg", "kind": "campus", "owner_kind": "public"}}, {"type": "Feature", "geometry": {"type": "MultiPolygon", "coordinates": [[[[-73.8737351200219, 40.6670004521448], [-73.8737737027372, 40.667052648892], [-73.8738072840366, 40.6670980771431], [-73.8738423221652, 40.667145477369], [-73.8738761571433, 40.6671912517329], [-73.8739979974249, 40.6671390814207], [-73.8740454088608, 40.6672032194881], [-73.8740830140578, 40.6672540921267], [-73.8741254357453, 40.667311478938], [-73.8741623722287, 40.6673614458548], [-73.873714275939, 40.6675533115001], [-73.8733388804888, 40.6670444300652], [-73.8736645509651, 40.6669049847147], [-73.8737351200219, 40.6670004521448]]], [[[-73.8728063247241, 40.6672158142167], [-73.8728437936955, 40.6672663602464], [-73.8728949212963, 40.6673353305588], [-73.8729090965932, 40.6673544507304], [-73.8726129479317, 40.6674822442], [-73.872437978981, 40.6672470505139], [-73.872734594386, 40.667119053624], [-73.8727691366791, 40.6671656503145], [-73.8728063247241, 40.6672158142167]]], [[[-73.8732598628074, 40.6672753166633], [-73.8733178032076, 40.6673534750929], [-73.8733665427287, 40.6674192223652], [-73.873191277025, 40.6674948546121], [-73.8733473113381, 40.6677053359048], [-73.8731548469982, 40.6677883892227], [-73.8729988155182, 40.6675779059173], [-73.8730563415302, 40.6675530826611], [-73.8730201616705, 40.6675042771055], [-73.8729814538487, 40.6674520593063], [-73.872949663384, 40.6674091758389], [-73.8732598628074, 40.6672753166633]]], [[[-73.8732187116503, 40.6679853026828], [-73.8733760571831, 40.668197244166], [-73.8734980293709, 40.6681452907128], [-73.8735512476807, 40.6682169735591], [-73.8735867266174, 40.6682647624431], [-73.8736399452277, 40.6683364462514], [-73.8737109021961, 40.668432023952], [-73.8737451675047, 40.6684781761318], [-73.8737832973558, 40.6685295348368], [-73.8734734751487, 40.6686615002318], [-73.8730306929273, 40.6680653872078], [-73.8732187116503, 40.6679853026828]]], [[[-73.8707434972731, 40.6699025174062], [-73.8706879804425, 40.6696788667228], [-73.87030003125, 40.6681159902579], [-73.871873739617, 40.6669789906893], [-73.8735805161756, 40.6692739727597], [-73.8737283594964, 40.669472760297], [-73.8740546219687, 40.6707950528203], [-73.8741017245969, 40.6709859526295], [-73.874426190706, 40.6723009043875], [-73.871445424005, 40.6727300736094], [-73.8711159947746, 40.6714030734156], [-73.871071674752, 40.6712245350838], [-73.87262170724, 40.6710013729794], [-73.8722935012344, 40.6696793597734], [-73.8707434972731, 40.6699025174062]]], [[[-73.8748494297921, 40.6712487538174], [-73.8748669874425, 40.6713198083361], [-73.8748836565973, 40.6713872634576], [-73.8749023199813, 40.6714627929469], [-73.8749024995879, 40.6714635189849], [-73.8749213427335, 40.671539773506], [-73.8749351278341, 40.6715955520899], [-73.8749408936687, 40.671618888076], [-73.8745711792628, 40.6716730334391], [-73.8744578654269, 40.6712144623883], [-73.8748275772712, 40.6711603182226], [-73.8748336634118, 40.6711849539861], [-73.8748494297921, 40.6712487538174]]]]}, "properties": {"campus_name": "NYC Housing Authority cluster (7 lots)", "owner_key": "NYCHA", "owner_label": "NYC Housing Authority", "lot_count": 7, "bldg_area_sqft": 1218732, "derivation": "contiguous lots, owner=NYCHA, snap=0.0003deg", "kind": "campus", "owner_kind": "public"}}, {"type": "Feature", "geometry": {"type": "MultiPolygon", "coordinates": [[[[-73.9442449752759, 40.7090048334803], [-73.9443207436074, 40.7094266435355], [-73.9436755808513, 40.7094874014866], [-73.9435744028649, 40.7088718965289], [-73.9441375842748, 40.7088192823995], [-73.9441377463391, 40.7088192662476], [-73.9441695566515, 40.7090127709532], [-73.9442449752759, 40.7090048334803]]], [[[-73.9455678684734, 40.7106459253166], [-73.9452497799051, 40.7087147819594], [-73.9466178680305, 40.7085846810723], [-73.9469355674748, 40.7105154341396], [-73.9455678684734, 40.7106459253166]]], [[[-73.9421719168347, 40.7109684760515], [-73.9418560730175, 40.7090345365735], [-73.9433662094004, 40.7088940900903], [-73.9436814154957, 40.7108258099624], [-73.9421719168347, 40.7109684760515]]], [[[-73.9405090304091, 40.7111498373388], [-73.940187223307, 40.709169972108], [-73.941688693228, 40.7090256575116], [-73.9420111338862, 40.7110091487431], [-73.9405090304091, 40.7111498373388]]], [[[-73.9437919862611, 40.7101955223081], [-73.9452538884807, 40.710057842521], [-73.9453548196872, 40.7106678544688], [-73.9438922758154, 40.7108055946191], [-73.9437919862611, 40.7101955223081]]]]}, "properties": {"campus_name": "NYC Housing Authority cluster (5 lots)", "owner_key": "NYCHA", "owner_label": "NYC Housing Authority", "lot_count": 5, "bldg_area_sqft": 1217221, "derivation": "contiguous lots, owner=NYCHA, snap=0.0003deg", "kind": "campus", "owner_kind": "public"}}, {"type": "Feature", "geometry": {"type": "MultiPolygon", "coordinates": [[[[-73.964547612296, 40.7033984366916], [-73.9651340170064, 40.703924014922], [-73.9659833953913, 40.7046852709105], [-73.9661295338647, 40.704816244792], [-73.9655659990173, 40.7051805057461], [-73.9653735709951, 40.7053048869927], [-73.9637470893468, 40.7063561730816], [-73.9632847859138, 40.7059416669772], [-73.9649102604526, 40.7048896449884], [-73.9650622801649, 40.7047912544743], [-73.9650487638117, 40.7047791034357], [-73.9642909409947, 40.704097779531], [-73.9642766088306, 40.7041068864789], [-73.9641303610226, 40.7041998107089], [-73.9638753012848, 40.7039704948132], [-73.9636378727668, 40.7037570275671], [-73.963778496319, 40.7036659482436], [-73.964398227547, 40.7032645456214], [-73.964547612296, 40.7033984366916]]], [[[-73.962636730301, 40.7053621817867], [-73.9642659992842, 40.7043036503779], [-73.9647717771553, 40.7047576804426], [-73.9631388410007, 40.7058108291117], [-73.962636730301, 40.7053621817867]]]]}, "properties": {"campus_name": "NYC Housing Authority cluster (8 lots)", "owner_key": "NYCHA", "owner_label": "NYC Housing Authority", "lot_count": 8, "bldg_area_sqft": 1197118, "derivation": "contiguous lots, owner=NYCHA, snap=0.0003deg", "kind": "campus", "owner_kind": "public"}}, {"type": "Feature", "geometry": {"type": "MultiPolygon", "coordinates": [[[[-73.8575735088986, 40.8198013093625], [-73.8568092631682, 40.8199056319386], [-73.8563800612933, 40.8180604671065], [-73.8571410487363, 40.8179614428161], [-73.8575735088986, 40.8198013093625]]], [[[-73.8553144181283, 40.8182278251984], [-73.8553143053188, 40.8182273396648], [-73.8561084197064, 40.8181224312164], [-73.8565281350579, 40.8199230997475], [-73.8557345248771, 40.820030262063], [-73.8553144181283, 40.8182278251984]]], [[[-73.8547783971861, 40.8201593629069], [-73.8543611374588, 40.8183532530981], [-73.8551552524293, 40.8182483512122], [-73.8555720139749, 40.820052205421], [-73.8547783971861, 40.8201593629069]]], [[[-73.8548229818243, 40.8204017537759], [-73.8566039032645, 40.8201588200017], [-73.857043783067, 40.822051799402], [-73.855258381027, 40.822292830748], [-73.8548229818243, 40.8204017537759]]]]}, "properties": {"campus_name": "NYC DOE schools cluster (4 lots)", "owner_key": "EDUC", "owner_label": "NYC DOE schools", "lot_count": 4, "bldg_area_sqft": 1176322, "derivation": "contiguous lots, owner=EDUC, snap=0.0003deg", "kind": "campus", "owner_kind": "public"}}, {"type": "Feature", "geometry": {"type": "MultiPolygon", "coordinates": [[[[-73.8694117397145, 40.8165897520047], [-73.8694997755312, 40.8165863875118], [-73.869557623375, 40.8165889211711], [-73.8696370843831, 40.8165960962308], [-73.8697029626058, 40.8166071027092], [-73.8697855915302, 40.8166308170152], [-73.8701378657393, 40.8181235273896], [-73.8697782964728, 40.8181722304673], [-73.8663030919551, 40.8186428751132], [-73.8659312894275, 40.817047563595], [-73.8692927039751, 40.8165948219928], [-73.8693641764011, 40.8165909291744], [-73.8694117397145, 40.8165897520047]]], [[[-73.8668739267732, 40.8194037446293], [-73.8668580079659, 40.8193342682037], [-73.8668427648436, 40.8192677371108], [-73.8668270305977, 40.8191990650247], [-73.8668115408057, 40.8191314629695], [-73.866441178896, 40.8191804719548], [-73.8663632622029, 40.8188456018343], [-73.8670961817402, 40.8187485297334], [-73.8672815070748, 40.8195573711299], [-73.8669200806475, 40.8196051924296], [-73.8669040242125, 40.8195351043881], [-73.8668889138438, 40.8194691596578], [-73.8668739267732, 40.8194037446293]]], [[[-73.8689409650109, 40.8185029342103], [-73.8698716456087, 40.818377502606], [-73.8703109810538, 40.8202714700347], [-73.8686676416268, 40.8204930234999], [-73.8685428286212, 40.8199568088302], [-73.8692471215348, 40.81986149412], [-73.8689409650109, 40.8185029342103]]], [[[-73.8679921233103, 40.8201579010453], [-73.8679760292758, 40.820088810839], [-73.8679602902647, 40.8200212420435], [-73.8679447205466, 40.8199543946661], [-73.8679289803896, 40.8198868258648], [-73.8679131498714, 40.819818858822], [-73.8678974109879, 40.8197512909363], [-73.8678818202016, 40.8196843580228], [-73.8678660813819, 40.8196167900476], [-73.8678502673561, 40.8195489014016], [-73.8678345298132, 40.8194813325844], [-73.8674786572596, 40.8195286991142], [-73.8672913632154, 40.8187245878731], [-73.8680091139569, 40.8186280238325], [-73.8684493065125, 40.8205223622288], [-73.8677323359748, 40.8206177926334], [-73.8676677246235, 40.8203404048909], [-73.8680236014937, 40.820293037784], [-73.8680078623859, 40.8202254689986], [-73.8679921233103, 40.8201579010453]]], [[[-73.8678144021549, 40.8208827824567], [-73.8703644746921, 40.8205405826018], [-73.8708079380688, 40.8224763973387], [-73.8682651090533, 40.8228202964644], [-73.8678144021549, 40.8208827824567]]]]}, "properties": {"campus_name": "NYC Housing Authority cluster (5 lots)", "owner_key": "NYCHA", "owner_label": "NYC Housing Authority", "lot_count": 5, "bldg_area_sqft": 1163363, "derivation": "contiguous lots, owner=NYCHA, snap=0.0003deg", "kind": "campus", "owner_kind": "public"}}, {"type": "Feature", "geometry": {"type": "MultiPolygon", "coordinates": [[[[-73.9837628435139, 40.7131496311835], [-73.9822235056845, 40.7133276166942], [-73.9820341306854, 40.7133495120451], [-73.9809639309961, 40.7134732377896], [-73.9807431758615, 40.7115857960821], [-73.9818191473904, 40.7115116591267], [-73.9820095432854, 40.7114985388528], [-73.9835215173836, 40.7113943391764], [-73.9837628435139, 40.7131496311835]]], [[[-73.9806026240535, 40.7122982143816], [-73.9807467975329, 40.7134774016102], [-73.9800215440469, 40.7135548399646], [-73.979991609739, 40.7133099967416], [-73.9799087781751, 40.7133155492547], [-73.9799081100275, 40.7133100830113], [-73.9796393836421, 40.7133280973562], [-73.9796075007625, 40.7130673038025], [-73.9799590572307, 40.7130437370401], [-73.9799389631931, 40.7128793651272], [-73.9799366996748, 40.7128780931768], [-73.9798717964813, 40.7123472091262], [-73.9806026240535, 40.7122982143816]]], [[[-73.9829189924615, 40.713417410146], [-73.9829386344186, 40.7135697984292], [-73.9829867291785, 40.7139442900804], [-73.982004556989, 40.714047856203], [-73.9819722890374, 40.7137968310539], [-73.9819601416493, 40.7137981997615], [-73.9819256112048, 40.7135295800946], [-73.9829189924615, 40.713417410146]]]]}, "properties": {"campus_name": "NYC Housing Authority cluster (5 lots)", "owner_key": "NYCHA", "owner_label": "NYC Housing Authority", "lot_count": 5, "bldg_area_sqft": 1132600, "derivation": "contiguous lots, owner=NYCHA, snap=0.0003deg", "kind": "campus", "owner_kind": "public"}}, {"type": "Feature", "geometry": {"type": "MultiPolygon", "coordinates": [[[[-73.9949684221948, 40.74639053644], [-73.9947917799903, 40.7466300733252], [-73.9947950549662, 40.7466314557057], [-73.994609135975, 40.7468835619861], [-73.9944396901729, 40.7468120438474], [-73.9947993371742, 40.746319171939], [-73.9949684221948, 40.74639053644]]], [[[-73.9935710539433, 40.7472470053934], [-73.9939262713985, 40.7467596894371], [-73.9942167419394, 40.7468826685447], [-73.9955041650914, 40.7474277242572], [-73.9964554513016, 40.7478304585282], [-73.9960962315674, 40.7483160819333], [-73.9949660395088, 40.7478376062336], [-73.9942840430375, 40.7475488702072], [-73.9935710539433, 40.7472470053934]]]]}, "properties": {"campus_name": "NYC DOE schools cluster (4 lots)", "owner_key": "EDUC", "owner_label": "NYC DOE schools", "lot_count": 4, "bldg_area_sqft": 1112244, "derivation": "contiguous lots, owner=EDUC, snap=0.0003deg", "kind": "campus", "owner_kind": "public"}}, {"type": "Feature", "geometry": {"type": "MultiPolygon", "coordinates": [[[[-73.9411242568846, 40.8192714410853], [-73.9416693167031, 40.8195014248899], [-73.941491229243, 40.8197486362384], [-73.9413118730418, 40.8199976089399], [-73.9407614001164, 40.8197653352823], [-73.9411242568846, 40.8192714410853]]], [[[-73.9422025841625, 40.820048787429], [-73.9418912133597, 40.8199174069538], [-73.9420692961474, 40.8196701985891], [-73.9435594220369, 40.8202989295213], [-73.9432019906104, 40.8207951157685], [-73.9420232286033, 40.8202977603864], [-73.9422025841625, 40.820048787429]]], [[[-73.9406647256221, 40.8198969201681], [-73.9419198397581, 40.8204265117418], [-73.9417448922298, 40.8206693630369], [-73.941830016174, 40.8207052799935], [-73.9416512105081, 40.8209534863064], [-73.9403056100466, 40.8203857126015], [-73.9406647256221, 40.8198969201681]]], [[[-73.9431067615603, 40.8209273112583], [-73.942753016664, 40.8214183723377], [-73.9418130933737, 40.821021789669], [-73.9419918986177, 40.8207735849493], [-73.9421668443081, 40.8205307323629], [-73.9431067615603, 40.8209273112583]]], [[[-73.9423244131167, 40.822056992512], [-73.9418606698759, 40.821861004345], [-73.9422298477759, 40.8213563580621], [-73.9426935898001, 40.82155234476], [-73.9423244131167, 40.822056992512]]]]}, "properties": {"campus_name": "NYC Housing Authority cluster (5 lots)", "owner_key": "NYCHA", "owner_label": "NYC Housing Authority", "lot_count": 5, "bldg_area_sqft": 1086288, "derivation": "contiguous lots, owner=NYCHA, snap=0.0003deg", "kind": "campus", "owner_kind": "public"}}, {"type": "Feature", "geometry": {"type": "MultiPolygon", "coordinates": [[[[-73.8987400113556, 40.6661655592288], [-73.898753417354, 40.6662178361034], [-73.898764671903, 40.6662617209662], [-73.8987774972025, 40.6663117316177], [-73.898790509498, 40.6663624799874], [-73.8988024389888, 40.6664089959105], [-73.8988144872106, 40.6664559819444], [-73.8988272997017, 40.666505938533], [-73.8988393302774, 40.666552847162], [-73.8988521568812, 40.666602869517], [-73.898864214575, 40.6666498861726], [-73.8988835956795, 40.6667254574296], [-73.8989872240148, 40.6671295490542], [-73.8986303545441, 40.6671809463872], [-73.8982831709078, 40.6658281333684], [-73.8989969090497, 40.6657218862145], [-73.8990676857772, 40.6659978747526], [-73.8987102119689, 40.6660493591469], [-73.8987283123037, 40.6661199404317], [-73.8987400113556, 40.6661655592288]]], [[[-73.8972282659471, 40.6662695034257], [-73.8971598562115, 40.6659971387334], [-73.8972003996809, 40.6659911018462], [-73.8973106339195, 40.665974690204], [-73.8973721167978, 40.6659655354912], [-73.8974405273662, 40.6662379010608], [-73.8977942927258, 40.6661852304182], [-73.8979297253003, 40.6667244169612], [-73.8982744733327, 40.6666730876327], [-73.8984130787058, 40.6672086545221], [-73.897660299215, 40.6673178674265], [-73.897547476436, 40.6673342347656], [-73.8967893189879, 40.6674442215877], [-73.8965884421774, 40.6666444347241], [-73.8969422115761, 40.666591766704], [-73.8968744996918, 40.666322172411], [-73.8972282659471, 40.6662695034257]]], [[[-73.8958852335376, 40.6675863666181], [-73.8955410340231, 40.6662358542407], [-73.8962277819776, 40.6661301887292], [-73.8962990388177, 40.666409700359], [-73.8965051160359, 40.6672180563979], [-73.8965738103578, 40.6674875076986], [-73.8958852335376, 40.6675863666181]]], [[[-73.8991418679688, 40.6677496335499], [-73.8991553914129, 40.6678029163282], [-73.8991693298051, 40.6678578366297], [-73.8991822136873, 40.6679086010633], [-73.8991965460909, 40.6679650706075], [-73.899210630377, 40.6680205556604], [-73.8992241197399, 40.6680737060467], [-73.899224260851, 40.6680742653606], [-73.8992371707118, 40.6681251252664], [-73.8992376997882, 40.6681272077185], [-73.8992503769004, 40.6681771614532], [-73.8992509952091, 40.6681795969493], [-73.8992642355086, 40.6682317601621], [-73.8992782234506, 40.6682868732475], [-73.8992919975635, 40.6683411404962], [-73.8993059279892, 40.6683960283943], [-73.8992380922634, 40.6684059836462], [-73.8991704032318, 40.6684159163979], [-73.8990966978461, 40.6684267345719], [-73.8990269280862, 40.6684369725337], [-73.898950872172, 40.6684481334024], [-73.8988690454618, 40.6681258143833], [-73.8988142424595, 40.6679099448711], [-73.898676020805, 40.6673654799076], [-73.8990310586133, 40.6673130434291], [-73.8991009486948, 40.6675884141981], [-73.8991148505234, 40.6676431877341], [-73.8991288065495, 40.6676981728956], [-73.8991418679688, 40.6677496335499]]], [[[-73.8959917871696, 40.6680005601129], [-73.8959356555789, 40.6677803817315], [-73.8966279008789, 40.6676766872695], [-73.8969239148648, 40.6688411891235], [-73.8965817748961, 40.6688913541927], [-73.8965612224736, 40.6688105117033], [-73.8965522806872, 40.6688118229153], [-73.8964151629967, 40.6682724054674], [-73.896413123473, 40.6682643827113], [-73.8963333327534, 40.6679504836034], [-73.8959917871696, 40.6680005601129]]], [[[-73.8969086155651, 40.6679193446342], [-73.8972751493459, 40.6678654803868], [-73.8974785564528, 40.6686742148079], [-73.8971120183937, 40.6687280796981], [-73.8969086155651, 40.6679193446342]]], [[[-73.8987372048975, 40.668482399324], [-73.8988049358721, 40.6687527705072], [-73.8981124869094, 40.6688585472371], [-73.8980429426664, 40.6685884522979], [-73.8987372048975, 40.668482399324]]]]}, "properties": {"campus_name": "NYC Housing Authority cluster (10 lots)", "owner_key": "NYCHA", "owner_label": "NYC Housing Authority", "lot_count": 10, "bldg_area_sqft": 1081224, "derivation": "contiguous lots, owner=NYCHA, snap=0.0003deg", "kind": "campus", "owner_kind": "public"}}, {"type": "Feature", "geometry": {"type": "MultiPolygon", "coordinates": [[[[-73.7923555150849, 40.6920997639219], [-73.79256243012, 40.6922787867215], [-73.7931280397448, 40.6929014901915], [-73.7935075677944, 40.6934276307523], [-73.7935427439568, 40.6934764945555], [-73.7935916195922, 40.6935443874275], [-73.7936343531027, 40.6936037486448], [-73.7936527683413, 40.6936289204456], [-73.794702217253, 40.6950633849084], [-73.7947085275255, 40.6950720095613], [-73.7947490403322, 40.6951273852152], [-73.7941656198448, 40.6953732140787], [-73.7941223199733, 40.6953140304264], [-73.7930699001228, 40.6938754877665], [-73.7930072586749, 40.6937898621557], [-73.7929577769238, 40.6937222236988], [-73.7929221651179, 40.6936735434906], [-73.7921723255852, 40.6939885239946], [-73.7911382055124, 40.692570515556], [-73.792288292959, 40.6920847867672], [-73.7923038923224, 40.6920781979229], [-73.7923277705178, 40.6921104515797], [-73.7923555150849, 40.6920997639219]]], [[[-73.7939137713071, 40.6953375838734], [-73.7933364203103, 40.6955841480059], [-73.7923056241379, 40.6941736351048], [-73.7928855735783, 40.6939250276671], [-73.7939137713071, 40.6953375838734]]], [[[-73.7937089300247, 40.6956258680568], [-73.7941992989403, 40.6954192510143], [-73.7941861411511, 40.6954012648956], [-73.7947695641159, 40.695155435933], [-73.7964414220118, 40.697440501227], [-73.7965266468225, 40.6975569805025], [-73.7970591882874, 40.6982848082918], [-73.7969435964449, 40.6983419437612], [-73.7964902377713, 40.6985660295684], [-73.7960094614837, 40.6979103402029], [-73.7952440235438, 40.6968663395112], [-73.7947637545335, 40.6970696686953], [-73.794502532069, 40.6971802594458], [-73.7934474264929, 40.6957360516722], [-73.7937089300247, 40.6956258680568]]], [[[-73.7957630523582, 40.698888878202], [-73.7946104260445, 40.6973152322082], [-73.7951720642368, 40.697077881134], [-73.7963225915183, 40.6986533837089], [-73.796138908352, 40.698739338586], [-73.7957630523582, 40.698888878202]]]]}, "properties": {"campus_name": "NYC Housing Authority cluster (7 lots)", "owner_key": "NYCHA", "owner_label": "NYC Housing Authority", "lot_count": 7, "bldg_area_sqft": 1080384, "derivation": "contiguous lots, owner=NYCHA, snap=0.0003deg", "kind": "campus", "owner_kind": "public"}}, {"type": "Feature", "geometry": {"type": "MultiPolygon", "coordinates": [[[[-73.9095926840839, 40.7331940061595], [-73.9092344473822, 40.7340032790354], [-73.9101771340815, 40.7342428645516], [-73.9100352699484, 40.7345280997609], [-73.9098440927131, 40.7349124800118], [-73.9087860555839, 40.7346435762687], [-73.9059564291236, 40.7339243593897], [-73.9058871753177, 40.73407630326], [-73.9055478624441, 40.7339900530098], [-73.9058623053226, 40.733319800679], [-73.9063124555507, 40.7323602560297], [-73.9095926840839, 40.7331940061595]]], [[[-73.9067801651934, 40.7342961026807], [-73.9065579840525, 40.7347802161632], [-73.9058686126852, 40.7345969280504], [-73.9060850347318, 40.7341233758951], [-73.9067801651934, 40.7342961026807]]], [[[-73.9086954482952, 40.7347811201703], [-73.9097802300391, 40.7350528355147], [-73.9095238582659, 40.7355772570674], [-73.908454528753, 40.7352952606464], [-73.9086954482952, 40.7347811201703]]]]}, "properties": {"campus_name": "NYC Sanitation cluster (4 lots)", "owner_key": "SANIT", "owner_label": "NYC Sanitation", "lot_count": 4, "bldg_area_sqft": 912802, "derivation": "contiguous lots, owner=SANIT, snap=0.0003deg", "kind": "campus", "owner_kind": "public"}}, {"type": "Feature", "geometry": {"type": "MultiPolygon", "coordinates": [[[[-73.9991710027757, 40.7566884042393], [-73.9992490723788, 40.7567212803959], [-73.999076608058, 40.7569581300902], [-73.9989985454158, 40.7569252438606], [-73.9991710027757, 40.7566884042393]]], [[[-73.9983389148884, 40.7568290776048], [-73.9984203012776, 40.756863360947], [-73.9988144362781, 40.7570294008363], [-73.9989754502618, 40.75709723115], [-73.9990952499533, 40.7571477000499], [-73.9991222385053, 40.7571590691511], [-73.9993107130548, 40.7572384671205], [-73.9994452355636, 40.7572951383791], [-73.9992680891453, 40.7575390410216], [-73.9990958478722, 40.7577761887139], [-73.9989472866535, 40.7577134258913], [-73.9988236727923, 40.7576612017002], [-73.9986487796973, 40.757587313365], [-73.9986263752121, 40.7575778478907], [-73.9986237948268, 40.7575767573524], [-73.9984654693449, 40.7575098685155], [-73.9980715976384, 40.7573434636106], [-73.9979902665157, 40.7573091016364], [-73.9978349527229, 40.7572434826933], [-73.9977560719399, 40.7572101570627], [-73.9975194279716, 40.7571101754128], [-73.9975575574689, 40.7570576794881], [-73.9977006560421, 40.7568606626909], [-73.9977395122908, 40.7568071643883], [-73.9978677649111, 40.7566305858948], [-73.9981834999924, 40.7567636004285], [-73.9983389148884, 40.7568290776048]]], [[[-73.9982835923814, 40.7576179346802], [-73.9984883183638, 40.7577042581825], [-73.99802235381, 40.7581326933914], [-73.9977781851393, 40.7580297486692], [-73.9979525303707, 40.7577898284925], [-73.9981103644424, 40.7578563740143], [-73.9982835923814, 40.7576179346802]]], [[[-73.998398431256, 40.7581306514798], [-73.9984202425594, 40.758139794646], [-73.9985060204262, 40.7580217269398], [-73.9985878986051, 40.7580562470889], [-73.9986620450044, 40.7580875071951], [-73.9988344567397, 40.7578501917558], [-73.9991416268823, 40.7579796942666], [-73.9989704972512, 40.758214395128], [-73.9988141973988, 40.7581457760357], [-73.998629708778, 40.7583887563277], [-73.9983519637755, 40.7582716591596], [-73.9983308949638, 40.758262776256], [-73.9984080243443, 40.7581566113928], [-73.9983862426322, 40.7581474277318], [-73.998398431256, 40.7581306514798]]]]}, "properties": {"campus_name": "NYC DCAS (citywide municipal) cluster (7 lots)", "owner_key": "DCAS", "owner_label": "NYC DCAS (citywide municipal)", "lot_count": 7, "bldg_area_sqft": 910792, "derivation": "contiguous lots, owner=DCAS, snap=0.0003deg", "kind": "campus", "owner_kind": "public"}}, {"type": "Feature", "geometry": {"type": "MultiPolygon", "coordinates": [[[[-73.8877653521714, 40.858214961373], [-73.8884808908259, 40.8573927610263], [-73.8890343450772, 40.8576812960816], [-73.8883172340653, 40.8585069012779], [-73.8877653521714, 40.858214961373]]], [[[-73.8866595950408, 40.8587298637682], [-73.8867022238579, 40.8586811044163], [-73.8867818424108, 40.8585900348203], [-73.8868647489488, 40.8584952061747], [-73.8865613075726, 40.8583363865987], [-73.8869022638811, 40.8579438324712], [-73.8874933746706, 40.8582528133992], [-73.8869454922483, 40.8588794978927], [-73.8866595950408, 40.8587298637682]]], [[[-73.8896514303322, 40.858796642096], [-73.889661415549, 40.8587851991864], [-73.8896278986022, 40.8587676858898], [-73.8896883153374, 40.8586984653117], [-73.889664491911, 40.8586860112662], [-73.889815493439, 40.8585130037179], [-73.8897767791774, 40.8584927660056], [-73.8900305881503, 40.8582019685012], [-73.8901526855768, 40.8582657955206], [-73.8900223473135, 40.858415130316], [-73.8903267005921, 40.8585742297662], [-73.889742875273, 40.8592431362711], [-73.8894322795363, 40.8590803724299], [-73.8896709973111, 40.858806869679], [-73.8896514303322, 40.858796642096]]], [[[-73.8883693229463, 40.8587263806959], [-73.8896138697639, 40.8593795940213], [-73.888878540615, 40.8602248742772], [-73.8876374321967, 40.859568023931], [-73.8883693229463, 40.8587263806959]]], [[[-73.8890856476518, 40.8603234585062], [-73.8898176614821, 40.8594838099513], [-73.8909683357613, 40.8600798449081], [-73.8902226379939, 40.8609207789221], [-73.8890856476518, 40.8603234585062]]]]}, "properties": {"campus_name": "NYC DOE schools cluster (5 lots)", "owner_key": "EDUC", "owner_label": "NYC DOE schools", "lot_count": 5, "bldg_area_sqft": 870034, "derivation": "contiguous lots, owner=EDUC, snap=0.0003deg", "kind": "campus", "owner_kind": "public"}}, {"type": "Feature", "geometry": {"type": "MultiPolygon", "coordinates": [[[[-74.0057542350911, 40.7435441310409], [-74.0041700699542, 40.7428792522866], [-74.0045025990758, 40.7424134857973], [-74.0056868192041, 40.7429131797335], [-74.0055221433966, 40.7431449322949], [-74.0057596472493, 40.7432451299852], [-74.0059189880714, 40.7433123510502], [-74.0057542350911, 40.7435441310409]]], [[[-74.0050140734455, 40.7439905154078], [-74.0037597927068, 40.7434620493865], [-74.0040881618228, 40.7430067111708], [-74.0058969991794, 40.7437686786695], [-74.0057344467046, 40.7439940937213], [-74.0052599376141, 40.7437941750249], [-74.0051799621114, 40.7437604789146], [-74.0050140734455, 40.7439905154078]]], [[[-74.0045933775938, 40.7442833858667], [-74.004428233671, 40.7445096816102], [-74.0033188899807, 40.744041880446], [-74.0036500297141, 40.7435881319763], [-74.0046966059269, 40.7440288156221], [-74.0045302316741, 40.7442567982418], [-74.0045933775938, 40.7442833858667]]], [[[-74.0041715421926, 40.7448148928206], [-74.0040651227303, 40.7447701341794], [-74.0039626296915, 40.7447270278423], [-74.0039546134241, 40.7447380791227], [-74.0038919361548, 40.7447117180189], [-74.0038197464645, 40.7446813562354], [-74.0037500823576, 40.7446520551332], [-74.0036767087451, 40.7446211953526], [-74.003613045538, 40.7445944199273], [-74.0035444874519, 40.7445655850719], [-74.0034829721155, 40.7445397127039], [-74.0034903290451, 40.7445295682682], [-74.0034140902856, 40.7444975999102], [-74.0034094173381, 40.7445040530075], [-74.0030761365139, 40.7443643010744], [-74.0032163429399, 40.7441705838104], [-74.0044030722342, 40.744669715254], [-74.0042684882158, 40.7448556668988], [-74.0041715421926, 40.7448148928206]]]]}, "properties": {"campus_name": "NYC Housing Authority cluster (4 lots)", "owner_key": "NYCHA", "owner_label": "NYC Housing Authority", "lot_count": 4, "bldg_area_sqft": 850030, "derivation": "contiguous lots, owner=NYCHA, snap=0.0003deg", "kind": "campus", "owner_kind": "public"}}, {"type": "Feature", "geometry": {"type": "Polygon", "coordinates": [[[-74.1759897814995, 40.6030104306724], [-74.1764735232682, 40.6026613193394], [-74.1770400442746, 40.6022524593336], [-74.1777036278438, 40.6017735396154], [-74.1779905449504, 40.6015664649337], [-74.1782448860751, 40.601382896056], [-74.1797495444085, 40.6023389803985], [-74.180082208514, 40.6025503520241], [-74.180095765844, 40.6025589659286], [-74.1802922626194, 40.6026838198531], [-74.1813369107219, 40.6033475664069], [-74.1822354793419, 40.6039448188583], [-74.1821974317409, 40.6039818826087], [-74.1820530025862, 40.6041225779796], [-74.1811294658608, 40.6035907828591], [-74.1802319904767, 40.6029947906192], [-74.1789566752465, 40.6039248114079], [-74.1795790690505, 40.6044085088284], [-74.1803761577395, 40.6049655773492], [-74.180848634813, 40.605295773857], [-74.1807265761886, 40.6054146692347], [-74.1800355556725, 40.6060877769632], [-74.1791748298429, 40.6073224279836], [-74.1786340119958, 40.6080631751305], [-74.178077637163, 40.6073541539473], [-74.1778943106868, 40.6071940644336], [-74.1778365282094, 40.6071572738429], [-74.1777899882185, 40.6071310325609], [-74.1777020179847, 40.6070885180284], [-74.1776090617384, 40.6070522940461], [-74.1775457691794, 40.6070321282139], [-74.1774588785485, 40.607009821404], [-74.1773751985055, 40.6069938059554], [-74.177278082181, 40.6069815465833], [-74.1772092809237, 40.6069768204675], [-74.1771326793423, 40.6069753437059], [-74.177055902688, 40.6069778447755], [-74.1770010075617, 40.6069820951798], [-74.1769582709995, 40.6069868463787], [-74.1768649367434, 40.6070017298159], [-74.1768172669391, 40.6070118025781], [-74.1767300758803, 40.6070348064494], [-74.176656870635, 40.6070590251125], [-74.1766173409221, 40.6070741228023], [-74.176547243495, 40.6071047051172], [-74.1764849237589, 40.6071364325707], [-74.1764465925348, 40.6071597429384], [-74.1764125752137, 40.6071821767573], [-74.1763666643053, 40.6072153901411], [-74.176336393048, 40.6072393716208], [-74.1763061750506, 40.6072651981689], [-74.176220990718, 40.607350764153], [-74.1761763006304, 40.6074002957287], [-74.1761314942634, 40.6074469700838], [-74.1760798787175, 40.6075044999212], [-74.1760277933403, 40.6075452428116], [-74.1759661762503, 40.607598122267], [-74.1758755552399, 40.6076695770612], [-74.1757321048866, 40.6077695888415], [-74.1756558523392, 40.6078171153248], [-74.1755683427897, 40.607867411758], [-74.1754873596247, 40.6079102500078], [-74.1753870533788, 40.6079587792437], [-74.1752998041793, 40.6079972125127], [-74.1751598743706, 40.6080520875633], [-74.1750443995052, 40.6080915488505], [-74.1749713048042, 40.6081139715543], [-74.1748660891273, 40.6081429330595], [-74.1747706590717, 40.6081659497309], [-74.1746919733389, 40.6081826813044], [-74.174619806561, 40.6081962916249], [-74.1745502600123, 40.6082078690419], [-74.1744792165051, 40.6082181645649], [-74.1744033340956, 40.608227477669], [-74.1743236149871, 40.6082354160399], [-74.1742796548893, 40.6082389929001], [-74.1742151603931, 40.6082432177909], [-74.1741426014686, 40.6082465246314], [-74.1740782361653, 40.60824818368], [-74.1740326385235, 40.6082486354001], [-74.1740066871465, 40.6082486251648], [-74.1739798774597, 40.6082484099968], [-74.1739554942387, 40.6082480344499], [-74.1739353599873, 40.6082475949098], [-74.1738837081758, 40.6082459313948], [-74.1738489984163, 40.6082443801071], [-74.1738096917736, 40.6082422008504], [-74.1737586094076, 40.608238696697], [-74.1736864605206, 40.6082324444474], [-74.1736147389712, 40.6082247047532], [-74.1735615757141, 40.6082179761552], [-74.1735152177875, 40.6082114137839], [-74.1734701975343, 40.6082044126613], [-74.1734258847982, 40.6081969106584], [-74.1708571985563, 40.6077825925483], [-74.1711266064633, 40.6069310043242], [-74.1711690596645, 40.6067888303969], [-74.1711758744242, 40.6067384080429], [-74.1711803305354, 40.6066828138875], [-74.1711815776422, 40.6066240321472], [-74.1711790890442, 40.6065626516661], [-74.1711731901447, 40.6065048503748], [-74.1711633123613, 40.6064445138678], [-74.1711508359793, 40.6063890979445], [-74.1711385304929, 40.6063450149996], [-74.1711226964225, 40.6062970712145], [-74.1711064222816, 40.6062544718925], [-74.1710861251218, 40.606207782979], [-74.1710703059142, 40.6061780351706], [-74.1710571551875, 40.6061549914667], [-74.171039797228, 40.6061265237929], [-74.1710048368953, 40.6060746453142], [-74.1709664062857, 40.6060241615242], [-74.1708987384901, 40.6059474627971], [-74.1704830135598, 40.6055002885555], [-74.1713196752158, 40.6050796966686], [-74.1718310056668, 40.6049108253721], [-74.1729201831098, 40.6045537757583], [-74.1738186848352, 40.6038052071155], [-74.1743100725238, 40.6041719423124], [-74.1758838773475, 40.6053464725539], [-74.1764617364959, 40.6045552852195], [-74.175339845814, 40.6034794732595], [-74.1755496557775, 40.6033280585148], [-74.1757712492402, 40.6031681398029], [-74.1759897814995, 40.6030104306724]]]}, "properties": {"campus_name": "NYC Economic Development Corp cluster (17 lots)", "owner_key": "EDC", "owner_label": "NYC Economic Development Corp", "lot_count": 17, "bldg_area_sqft": 819289, "derivation": "contiguous lots, owner=EDC, snap=0.0003deg", "kind": "campus", "owner_kind": "public"}}, {"type": "Feature", "geometry": {"type": "MultiPolygon", "coordinates": [[[[-73.9058757449213, 40.6511770022915], [-73.905936887963, 40.6514126404174], [-73.9059933039951, 40.6516300563265], [-73.9058250923738, 40.6517386679031], [-73.9057778375207, 40.651697211721], [-73.9056843669393, 40.6517575625912], [-73.9054294316196, 40.6519221660678], [-73.9057389682794, 40.6521937263911], [-73.9054247511654, 40.6523988370182], [-73.9028753081488, 40.6540629416029], [-73.902677341194, 40.6541914807995], [-73.902620489445, 40.6541416016565], [-73.9020539145987, 40.653644516427], [-73.9051293669583, 40.6516589154194], [-73.9053843044327, 40.6514943108472], [-73.9056630371732, 40.6513143425276], [-73.9058757449213, 40.6511770022915]]], [[[-73.9027333393086, 40.6503947604633], [-73.9043734117992, 40.6518676256052], [-73.9043429495988, 40.6518872541311], [-73.9031586961016, 40.6526502743061], [-73.9016464208603, 40.653626908477], [-73.9000089365464, 40.6521566077548], [-73.901520527449, 40.6511790937602], [-73.9027049292415, 40.6504131340366], [-73.9027333393086, 40.6503947604633]]]]}, "properties": {"campus_name": "NYC DCAS (citywide municipal) cluster (5 lots)", "owner_key": "DCAS", "owner_label": "NYC DCAS (citywide municipal)", "lot_count": 5, "bldg_area_sqft": 795266, "derivation": "contiguous lots, owner=DCAS, snap=0.0003deg", "kind": "campus", "owner_kind": "public"}}, {"type": "Feature", "geometry": {"type": "MultiPolygon", "coordinates": [[[[-73.9191009121576, 40.6947827211484], [-73.9198506982341, 40.6952112128886], [-73.9185764740785, 40.6965083757093], [-73.9178258901841, 40.6960806839223], [-73.9172487517898, 40.6957518144906], [-73.9176134573871, 40.6953805577513], [-73.9179021062383, 40.6955455209694], [-73.9181430920158, 40.6953002010307], [-73.9184309709656, 40.6954647239093], [-73.9188957716435, 40.6949915579829], [-73.9191009121576, 40.6947827211484]]], [[[-73.9160252108804, 40.6962546555423], [-73.9157358547102, 40.6960908415483], [-73.9163322957068, 40.6954840867366], [-73.916913230789, 40.6958189329662], [-73.9162229695303, 40.696521428107], [-73.9161650876263, 40.6965803353237], [-73.9156177855057, 40.6971373259281], [-73.915032726958, 40.6968061055689], [-73.9156818442587, 40.6961457845848], [-73.9159712006474, 40.6963095978772], [-73.9160252108804, 40.6962546555423]]], [[[-73.9168944171503, 40.6961002955571], [-73.9170642685987, 40.6959282732169], [-73.9176353280512, 40.696252746525], [-73.9163555016205, 40.6975542831813], [-73.9157821729287, 40.6972267268025], [-73.9165642836372, 40.6964346459526], [-73.9168491319164, 40.6965975756569], [-73.9171792659083, 40.6962632244534], [-73.9168944171503, 40.6961002955571]]], [[[-73.9180380858863, 40.6964835545113], [-73.9183852764435, 40.6966801716314], [-73.9177470301465, 40.6973291501775], [-73.9174534122452, 40.697162871836], [-73.9171688903476, 40.697001742163], [-73.9178063635424, 40.696352327692], [-73.9179802190312, 40.6964507850418], [-73.9180380858863, 40.6964835545113]]]]}, "properties": {"campus_name": "NYC Housing Authority cluster (6 lots)", "owner_key": "NYCHA", "owner_label": "NYC Housing Authority", "lot_count": 6, "bldg_area_sqft": 692980, "derivation": "contiguous lots, owner=NYCHA, snap=0.0003deg", "kind": "campus", "owner_kind": "public"}}, {"type": "Feature", "geometry": {"type": "MultiPolygon", "coordinates": [[[[-73.9152863692019, 40.856592812047], [-73.9152469124524, 40.8566883171298], [-73.9154698482891, 40.8567227785758], [-73.9155097031768, 40.8566263083715], [-73.9155601055208, 40.8565043062058], [-73.9158178362488, 40.8564850502534], [-73.9158083591993, 40.8565232142972], [-73.9159308985096, 40.8565482300987], [-73.9160684892064, 40.8565763193823], [-73.9156505266195, 40.8582594042966], [-73.915631584835, 40.8583330253976], [-73.915619408735, 40.8583603247784], [-73.9155954882018, 40.8584056434268], [-73.9155651322807, 40.8584527880643], [-73.915527632446, 40.8585011565768], [-73.9154854600787, 40.8585463150159], [-73.9154337640316, 40.8585930693602], [-73.9153767962628, 40.8586358981465], [-73.9153008476571, 40.8586828984999], [-73.9151920052926, 40.8587345562526], [-73.9138766023882, 40.8591968997614], [-73.9138491087088, 40.8592068467485], [-73.9138257669825, 40.8592152903049], [-73.9138021855148, 40.8592238778208], [-73.9137799814376, 40.8592320908171], [-73.9137628762669, 40.8592384688022], [-73.9137437809307, 40.8592457376857], [-73.9137210844984, 40.8592549858295], [-73.9136984826361, 40.8592645465896], [-73.9136752192278, 40.8592747632353], [-73.9136484792401, 40.8592869493599], [-73.9136234267701, 40.8592984614499], [-73.9135965822201, 40.8593107969817], [-73.9135706408615, 40.8593227198279], [-73.9135476672563, 40.8593334923252], [-73.9135302552926, 40.8593422284688], [-73.9135095499582, 40.8593526171599], [-73.9134929593156, 40.8593609397188], [-73.9134792085443, 40.8593679982311], [-73.9134551589878, 40.8593806662785], [-73.913406387107, 40.8594063702867], [-73.9133613539917, 40.8594308073088], [-73.913318829043, 40.8594555144927], [-73.9132263570212, 40.8595110521466], [-73.9110817316508, 40.858780014464], [-73.9109949015691, 40.858742713127], [-73.9109092256115, 40.8587018475846], [-73.9108195641328, 40.8586543593214], [-73.9107443853998, 40.8586104355937], [-73.9106494816031, 40.8585489819295], [-73.9105468729534, 40.8584738384125], [-73.9104473579508, 40.8583905693445], [-73.9103684962753, 40.858315616099], [-73.9102874327022, 40.8582280820805], [-73.9102247351999, 40.8581509972125], [-73.9101592615719, 40.8580587539534], [-73.9101049457516, 40.857969551391], [-73.9100564895643, 40.857875524842], [-73.9100185014511, 40.8577868202678], [-73.909983671438, 40.8576851942963], [-73.9099563576347, 40.8575772004742], [-73.90993730626, 40.8574574148744], [-73.909929829517, 40.8573400993765], [-73.9099343080912, 40.8572104032706], [-73.9099465494666, 40.8571127806914], [-73.9099691480424, 40.8570047348721], [-73.909991064824, 40.8569282057606], [-73.9100031837191, 40.8568920118241], [-73.9107393882878, 40.8570058448334], [-73.9107188768573, 40.8567570835968], [-73.9107024278894, 40.856557601226], [-73.911201066255, 40.8559614781012], [-73.9113908428979, 40.8559908206522], [-73.9119384541791, 40.8560754871877], [-73.9152863692019, 40.856592812047]], [[-73.9134656329487, 40.8576113453858], [-73.913474700506, 40.8576110397212], [-73.9134828878447, 40.8576099319447], [-73.913490706142, 40.8576080845998], [-73.9134990998452, 40.8576052066765], [-73.9135070193152, 40.8576012234316], [-73.9135140216959, 40.8575965731588], [-73.9135205226792, 40.8575907770546], [-73.9135263223873, 40.857583498242], [-73.9135314197261, 40.8575726943636], [-73.913645777007, 40.8571122552724], [-73.913541976736, 40.8570962091804], [-73.9135468006285, 40.8570767882479], [-73.9134157228038, 40.8570565243592], [-73.9134110324602, 40.8570754050348], [-73.9133614351535, 40.8570677388796], [-73.9134161718335, 40.856847356853], [-73.9134135844585, 40.8568469568626], [-73.9134180745223, 40.8568288837603], [-73.9128409591421, 40.8567396634962], [-73.9127545588784, 40.8570875218668], [-73.9127256865692, 40.8570830579208], [-73.9127075968498, 40.8571558886284], [-73.9127253098523, 40.8571586277958], [-73.9126442417279, 40.8574850169974], [-73.9134494664024, 40.8576095025566], [-73.913458825767, 40.8576109485896], [-73.9134656329487, 40.8576113453858]]], [[[-73.9105604203038, 40.8586993435335], [-73.9106248014363, 40.8587412942091], [-73.9106908690441, 40.8587817044905], [-73.9107339093726, 40.8588063914244], [-73.9105612136085, 40.8590019749043], [-73.9102654776233, 40.8588472804022], [-73.9104616320749, 40.858629167294], [-73.9104977964557, 40.8586558823065], [-73.9105604203038, 40.8586993435335]]], [[[-73.912689410511, 40.8598681256535], [-73.9126568145021, 40.8598894021518], [-73.9126121748902, 40.8599172240914], [-73.9125574801818, 40.8599492014163], [-73.9125003310476, 40.8599788454548], [-73.9124783043605, 40.8599899371969], [-73.9124632148818, 40.8599974142872], [-73.9124505054858, 40.8600033874929], [-73.9124388097055, 40.8600087860633], [-73.9124272773847, 40.860014313506], [-73.9124144768038, 40.8600201596454], [-73.9123982515707, 40.8600273152844], [-73.9123857124113, 40.8600327825611], [-73.9123720398332, 40.8600387577045], [-73.9123600729731, 40.8600437391061], [-73.9123422772292, 40.8600509538631], [-73.9123102294596, 40.8600637686892], [-73.9122692235544, 40.8600791233487], [-73.9122327314098, 40.8600920769933], [-73.9121999625625, 40.8601030228074], [-73.9121550536654, 40.8601171460957], [-73.9120757595484, 40.8601393377308], [-73.91197788032, 40.8601627983732], [-73.9119206479427, 40.8601744223196], [-73.9118693123543, 40.8601835483449], [-73.9117870474005, 40.860199054021], [-73.9117191628691, 40.8602133694704], [-73.9116585883479, 40.8602273995139], [-73.911608447068, 40.8602400607471], [-73.9115750226763, 40.8602488212197], [-73.9115457693644, 40.8602569464806], [-73.9115182881664, 40.8602649532944], [-73.9114903675121, 40.8602733829936], [-73.9114506321421, 40.8602856504954], [-73.9114360549959, 40.8602903794904], [-73.9114178909643, 40.860296170119], [-73.9114007102168, 40.8603019137308], [-73.9113844856505, 40.8603074429039], [-73.9113622970921, 40.8603151736555], [-73.9113415534409, 40.8603225804995], [-73.9113156809792, 40.8603320625671], [-73.9112920389749, 40.8603409682614], [-73.9112753542516, 40.8603473939705], [-73.9112550749426, 40.8603553630081], [-73.9112291239149, 40.8603658184472], [-73.9111987129024, 40.8603784451551], [-73.9111637072446, 40.8603934941668], [-73.9111199874056, 40.860413080376], [-73.9110795917824, 40.8604319866434], [-73.9110351216942, 40.8604537333955], [-73.9110236271745, 40.8604584530029], [-73.9110128952508, 40.8604622051826], [-73.9110016990401, 40.8604655040764], [-73.9109880870092, 40.8604687289907], [-73.9109730558689, 40.8604713531432], [-73.9109574460922, 40.8604730916557], [-73.9109424211078, 40.8604738319838], [-73.9116142575277, 40.8598420392931], [-73.9116565477035, 40.8598625956617], [-73.9118051486834, 40.8597361552867], [-73.9121191608465, 40.8593102448264], [-73.9130358268412, 40.8596361029716], [-73.9127232257199, 40.8598450185298], [-73.912689410511, 40.8598681256535]]], [[[-73.913158167773, 40.8602408674517], [-73.9130300251144, 40.8603378249297], [-73.9129070084692, 40.8604309022796], [-73.9128300212896, 40.8604891527173], [-73.9127640695778, 40.8605390549529], [-73.9126923547071, 40.8605933165073], [-73.9126232006686, 40.8606456393261], [-73.9125489235115, 40.8607018393962], [-73.9124830983344, 40.8607516442699], [-73.9124139451784, 40.8608039670465], [-73.9123391547713, 40.8608605546831], [-73.9122552329634, 40.8609240511365], [-73.9116500077288, 40.8604778428661], [-73.9117449563248, 40.8604510934797], [-73.9118781609453, 40.8604221229871], [-73.9119471657021, 40.8604075840945], [-73.912017364871, 40.8603938925285], [-73.9121098749941, 40.8603722522738], [-73.9122089950011, 40.8603470401487], [-73.9123471201614, 40.8603046248986], [-73.9125062086991, 40.8602451718146], [-73.9126380657487, 40.8601860680851], [-73.9127726428556, 40.8601164305397], [-73.9132643972801, 40.8601604903167], [-73.9132222371986, 40.8601923900387], [-73.913158167773, 40.8602408674517]]]]}, "properties": {"campus_name": "CUNY cluster (5 lots)", "owner_key": "CUNY", "owner_label": "CUNY", "lot_count": 5, "bldg_area_sqft": 691394, "derivation": "contiguous lots, owner=CUNY, snap=0.0003deg", "kind": "campus", "owner_kind": "public"}}, {"type": "Feature", "geometry": {"type": "MultiPolygon", "coordinates": [[[[-73.9843375449562, 40.6941841028373], [-73.9847017114525, 40.694197378574], [-73.9847004389972, 40.6942254996185], [-73.9846912112171, 40.6944297014167], [-73.9850678218145, 40.6944434296676], [-73.9850510650215, 40.6948142352287], [-73.9843102836464, 40.694787232022], [-73.9840955943127, 40.6943638517042], [-73.9840541161136, 40.6942820505418], [-73.9839983810499, 40.6941721378813], [-73.9843375449562, 40.6941841028373]]], [[[-73.9860347407897, 40.6948334010396], [-73.985243147738, 40.6948035926028], [-73.9852622147213, 40.6944195721775], [-73.9860570187814, 40.6944495025174], [-73.9860347407897, 40.6948334010396]]], [[[-73.9846675886348, 40.6951933448571], [-73.9846679000355, 40.695187103475], [-73.9845991344632, 40.6951851122053], [-73.9846108781958, 40.6949546563642], [-73.985038257846, 40.6949668255259], [-73.984993397348, 40.695865122644], [-73.9848140319852, 40.6958580859279], [-73.9846463808499, 40.6958515097089], [-73.984505074883, 40.695574934323], [-73.9846466290147, 40.6955804779088], [-73.9846659653917, 40.6951932987122], [-73.9846675886348, 40.6951933448571]]]]}, "properties": {"campus_name": "NYC HPD cluster (4 lots)", "owner_key": "HPD", "owner_label": "NYC HPD", "lot_count": 4, "bldg_area_sqft": 687473, "derivation": "contiguous lots, owner=HPD, snap=0.0003deg", "kind": "campus", "owner_kind": "public"}}, {"type": "Feature", "geometry": {"type": "MultiPolygon", "coordinates": [[[[-73.962275392844, 40.6692397124282], [-73.9621653356722, 40.6686708151032], [-73.9614080657895, 40.6647561608368], [-73.9614206152228, 40.6647565333222], [-73.9616392468802, 40.664263101869], [-73.9617843306776, 40.6639207604114], [-73.9618955073194, 40.6636762016866], [-73.9620682628368, 40.6633964647894], [-73.9623981944481, 40.663371493696], [-73.9654840643528, 40.6678891607985], [-73.9659070737568, 40.6684860273448], [-73.9663571283145, 40.6691264211493], [-73.9676560151204, 40.6708824695256], [-73.9678521428575, 40.6711440324471], [-73.9673390763201, 40.6726454290646], [-73.9669869699361, 40.6725786273731], [-73.9666112714982, 40.6724946287782], [-73.9662691214167, 40.6724116923388], [-73.9658542971356, 40.672303863863], [-73.9653754744862, 40.6721663552492], [-73.9653579483191, 40.6721606857086], [-73.9647872765584, 40.6719760625643], [-73.9645161952753, 40.6718883618278], [-73.9644916778735, 40.6718810898157], [-73.9639681440343, 40.6717258042387], [-73.9634851218539, 40.6716111847703], [-73.9630321802535, 40.6715281854911], [-73.9627076118766, 40.6714737868741], [-73.9623468011575, 40.6696088212322], [-73.962275392844, 40.6692397124282]]], [[[-73.9623633594278, 40.6712717692426], [-73.961576252884, 40.6711084140235], [-73.9620668095445, 40.6697497086406], [-73.9623633594278, 40.6712717692426]]]]}, "properties": {"campus_name": "NYC Parks cluster (5 lots)", "owner_key": "PARKS", "owner_label": "NYC Parks", "lot_count": 5, "bldg_area_sqft": 652524, "derivation": "contiguous lots, owner=PARKS, snap=0.0003deg", "kind": "campus", "owner_kind": "public"}}, {"type": "Feature", "geometry": {"type": "MultiPolygon", "coordinates": [[[[-74.1360544845525, 40.5927676831377], [-74.1361437394013, 40.5927742007581], [-74.1363906209416, 40.592792227406], [-74.136860482542, 40.5929952619151], [-74.1369955715196, 40.593219806907], [-74.1369903939561, 40.5938337607406], [-74.1373041654077, 40.5937717192512], [-74.1374121210903, 40.5940474666167], [-74.1384284958569, 40.5938940546063], [-74.138645651031, 40.5937195900215], [-74.1387158855553, 40.593736900631], [-74.1389579851816, 40.5937693890595], [-74.1391799165272, 40.5936275157397], [-74.1393639890384, 40.5935514478133], [-74.1401194320356, 40.5934269663817], [-74.1408193203235, 40.5933422720205], [-74.1415116021403, 40.5936598252881], [-74.1415116221701, 40.5936598000816], [-74.1415169988916, 40.5936622662504], [-74.1415640724231, 40.5936838560019], [-74.1415640511885, 40.59368388305], [-74.1414402375187, 40.593841520929], [-74.1413720959368, 40.5939103400354], [-74.1413098940351, 40.5939601317947], [-74.1412199726267, 40.5940321131502], [-74.1412196883608, 40.5940323152077], [-74.141080383264, 40.5941317456507], [-74.1409275734544, 40.5942813590085], [-74.1409274579049, 40.594281471675], [-74.1407646559783, 40.5944408685915], [-74.1403884835715, 40.5948580840578], [-74.1403448137677, 40.5949065171548], [-74.1401559752518, 40.5951159564842], [-74.1401118773062, 40.5951648655457], [-74.1399540588402, 40.5953398982115], [-74.1399137945748, 40.5953845546847], [-74.139487562785, 40.5958572734076], [-74.141180632781, 40.5966670821656], [-74.1411732833091, 40.5966771230749], [-74.1411569458326, 40.5966994400865], [-74.1408145075997, 40.5971672230564], [-74.1404477584969, 40.5971206015191], [-74.1402969804455, 40.5971014343187], [-74.1401538610738, 40.5970832401036], [-74.1400034708389, 40.5970641215725], [-74.1398556909342, 40.5970453347332], [-74.1397068631098, 40.5970264147018], [-74.1395591283816, 40.5970076327808], [-74.1394127644006, 40.5969890255332], [-74.1392671923764, 40.5969705188731], [-74.139117301289, 40.5969514616592], [-74.1389841018034, 40.5969345281457], [-74.1387703811681, 40.5969073565071], [-74.1385218288045, 40.5968757544077], [-74.1385083951647, 40.5968888597294], [-74.1384056092969, 40.5969891236592], [-74.1383412966976, 40.597051859473], [-74.1382933850858, 40.5970677474482], [-74.1381490361304, 40.597115617379], [-74.1380133643424, 40.5971606084489], [-74.1378746807582, 40.5972065980443], [-74.1377393002423, 40.597251492145], [-74.1374296604185, 40.5973541713727], [-74.1374251807643, 40.5974489514175], [-74.1374165189777, 40.5976322238004], [-74.1368374786943, 40.5974075145726], [-74.1339077802408, 40.5962705100495], [-74.1339068473718, 40.5962701482115], [-74.1351365383564, 40.5946108729368], [-74.1351406194077, 40.5946053659557], [-74.1352682241828, 40.5943487700397], [-74.1352682606941, 40.5943486979643], [-74.1360544845525, 40.5927676831377]]], [[[-74.1273477677213, 40.5963519279472], [-74.1288938984966, 40.5965299666675], [-74.1297199710849, 40.5962058337258], [-74.1297413078392, 40.5960470554791], [-74.129931891842, 40.5962429967051], [-74.1299826356475, 40.5962951715116], [-74.1300662109108, 40.5963810967679], [-74.1310019327975, 40.5964870052582], [-74.1315294442001, 40.5961888723746], [-74.1316755136955, 40.5954389424157], [-74.1316809051469, 40.5954112586751], [-74.1317107228395, 40.5953915264298], [-74.1317379161796, 40.5953697178559], [-74.1317622351056, 40.5953460323583], [-74.1317834543942, 40.5953206870472], [-74.1318013829949, 40.5952939164803], [-74.1318158514938, 40.595265965563], [-74.1318267304547, 40.5952370904523], [-74.1318339185576, 40.5952075576425], [-74.1318373503825, 40.5951776382746], [-74.1318369934368, 40.5951476062105], [-74.1318328528832, 40.5951177378626], [-74.1318249647197, 40.5950883079348], [-74.1318134015891, 40.5950595872381], [-74.1317982702586, 40.5950318387684], [-74.1317797096324, 40.5950053171118], [-74.1317578912961, 40.5949802670319], [-74.1318800835961, 40.5943682802375], [-74.1325349367632, 40.5944442550999], [-74.1326043474311, 40.5940965944178], [-74.1327679316914, 40.5940991268793], [-74.1327738788983, 40.5938758836794], [-74.1328835175667, 40.5938978143672], [-74.1329863783434, 40.5939205723435], [-74.1330875542668, 40.593947331296], [-74.1331867770862, 40.5939780205923], [-74.133283780845, 40.5940125593952], [-74.1333783066822, 40.5940508534743], [-74.133470103956, 40.5940928013082], [-74.1335589267253, 40.5941382925897], [-74.1336445384572, 40.594187204032], [-74.1340103366666, 40.5944426348973], [-74.1341125824665, 40.5945103350059], [-74.134219398862, 40.5945738349698], [-74.1343304879529, 40.5946329569231], [-74.134445538693, 40.594687537325], [-74.134805385831, 40.5947783144977], [-74.1348663617492, 40.5947936968652], [-74.1337344400655, 40.5963260724675], [-74.1335066577006, 40.5965652093979], [-74.1327587394229, 40.5972671066245], [-74.1324879480223, 40.5975119752464], [-74.1322374378361, 40.5976904792352], [-74.1318475947293, 40.5979372690253], [-74.1317794387623, 40.5978741772495], [-74.1309678405903, 40.5983897705305], [-74.1308310094174, 40.5984612226504], [-74.1306564497447, 40.5985353668256], [-74.1305123391347, 40.5985820111036], [-74.1304269588598, 40.5986049173993], [-74.1303404816064, 40.598620235253], [-74.1302682462283, 40.5986319114173], [-74.1301796831731, 40.598641545613], [-74.1299932161116, 40.5986459792649], [-74.1297352688946, 40.5986209183324], [-74.128569313589, 40.5984727111681], [-74.1283929625734, 40.5984502934839], [-74.1283844731443, 40.598449214195], [-74.1282325252899, 40.5973212078824], [-74.1274521923768, 40.5972183536951], [-74.1273477677213, 40.5963519279472]]]]}, "properties": {"campus_name": "NYC DCAS (citywide municipal) cluster (7 lots)", "owner_key": "DCAS", "owner_label": "NYC DCAS (citywide municipal)", "lot_count": 7, "bldg_area_sqft": 600470, "derivation": "contiguous lots, owner=DCAS, snap=0.0003deg", "kind": "campus", "owner_kind": "public"}}, {"type": "Feature", "geometry": {"type": "MultiPolygon", "coordinates": [[[[-73.9391649423499, 40.8195794735793], [-73.9391502071673, 40.8195732415591], [-73.9390783237179, 40.8195428451795], [-73.939017315218, 40.8195170469795], [-73.9389928510016, 40.8195067017906], [-73.938906995631, 40.8194703960045], [-73.9390851537254, 40.8192294426133], [-73.9391710076712, 40.8192657482676], [-73.9392564801765, 40.8193018915258], [-73.9393430998032, 40.8193385207139], [-73.9391649423499, 40.8195794735793]]], [[[-73.9397676147616, 40.8195180312183], [-73.9398528497002, 40.8195540739357], [-73.9401989118891, 40.8197004072433], [-73.9400220623476, 40.8199419141632], [-73.9399342405449, 40.8200618416131], [-73.9398411086547, 40.8201890215691], [-73.9395202757209, 40.8200535738742], [-73.9396142175466, 40.8199265171595], [-73.93970268669, 40.8198068640212], [-73.9396746936257, 40.8197950276639], [-73.9395894583648, 40.8197589847337], [-73.9395448436344, 40.8197401193722], [-73.9395042244091, 40.8197229418234], [-73.9394132982938, 40.8196844933344], [-73.9393337520354, 40.8196508575683], [-73.9392817519595, 40.8196288679818], [-73.9392496961001, 40.8196153130288], [-73.9394278521331, 40.8193743581931], [-73.9395119090702, 40.8194099026047], [-73.9396823798053, 40.8194819883551], [-73.9397676147616, 40.8195180312183]]], [[[-73.9396698629345, 40.8204295438438], [-73.9396023834627, 40.8205202803445], [-73.9395338962633, 40.8206123715559], [-73.9394666406903, 40.8207028038246], [-73.9393869672896, 40.8208099354311], [-73.9390657566368, 40.8206743828024], [-73.9389469499221, 40.82062424608], [-73.9391315941452, 40.8203710385145], [-73.9390108148091, 40.8203203307612], [-73.9388263149349, 40.8205733373452], [-73.9387017179786, 40.8205207569581], [-73.938886066132, 40.8202679566269], [-73.9387756205816, 40.8202215873138], [-73.9389491413509, 40.8199836312163], [-73.9390680396266, 40.820033550141], [-73.9391843348838, 40.8200823752323], [-73.9393051152417, 40.8201330827241], [-73.9394240650189, 40.820183021973], [-73.939751093697, 40.8203203191927], [-73.9396698629345, 40.8204295438438]]], [[[-73.9376830149017, 40.8194520507852], [-73.9379458527467, 40.819562404348], [-73.9380785675764, 40.8196181254682], [-73.9379050435472, 40.8198560793493], [-73.9378258541718, 40.8198228317521], [-73.937772328278, 40.8198003580315], [-73.9377074927402, 40.8197731370432], [-73.9375876575252, 40.8197228235925], [-73.9375094898911, 40.8196900040789], [-73.937326804331, 40.8199405168161], [-73.937000502447, 40.8198028079425], [-73.9372832352894, 40.8194151045477], [-73.9376096764298, 40.8195521652675], [-73.9376830149017, 40.8194520507852]]], [[[-73.9383424766011, 40.8197289271114], [-73.9384740190827, 40.8197841554833], [-73.9383004960346, 40.820022109953], [-73.9381689532257, 40.8199668823066], [-73.9380614115965, 40.8199217304349], [-73.9380359957798, 40.8199110593494], [-73.9382095195944, 40.8196731052735], [-73.9383424766011, 40.8197289271114]]], [[[-73.9386567209789, 40.8201716690073], [-73.938759077062, 40.8202146420086], [-73.9385748828318, 40.8204672314847], [-73.9384493962692, 40.8204142748036], [-73.9386334389961, 40.8201618943426], [-73.9385374056681, 40.8201215756766], [-73.9385032629462, 40.8201072413747], [-73.9384199496883, 40.8200722621652], [-73.9385934736512, 40.8198343075184], [-73.9387109282395, 40.8198836199343], [-73.9388302432544, 40.8199337130874], [-73.9386567209789, 40.8201716690073]]], [[[-73.9375640266932, 40.8202165630351], [-73.9377325484599, 40.8202876655168], [-73.937553847062, 40.8205295962196], [-73.9373853260847, 40.8204584934802], [-73.9372170116474, 40.8203874779463], [-73.9370501608615, 40.8203170771078], [-73.9372288635199, 40.8200751471772], [-73.9373957138874, 40.8201455486801], [-73.9375640266932, 40.8202165630351]]], [[[-73.9382251346529, 40.8208128209329], [-73.9380562995002, 40.8207415884181], [-73.9379960498041, 40.8207161665574], [-73.9378870475035, 40.8206701780734], [-73.9377223673003, 40.8206006969535], [-73.9379010693765, 40.8203587668294], [-73.9380657480677, 40.8204282467761], [-73.9382349995313, 40.8204996560251], [-73.938403834371, 40.8205708891174], [-73.9382251346529, 40.8208128209329]]]]}, "properties": {"campus_name": "NYC Housing Authority cluster (34 lots)", "owner_key": "NYCHA", "owner_label": "NYC Housing Authority", "lot_count": 34, "bldg_area_sqft": 546264, "derivation": "contiguous lots, owner=NYCHA, snap=0.0003deg", "kind": "campus", "owner_kind": "public"}}, {"type": "Feature", "geometry": {"type": "MultiPolygon", "coordinates": [[[[-73.9305153068245, 40.8204552103584], [-73.9305266813159, 40.8205064645011], [-73.9305389112116, 40.8205615714969], [-73.9306214307552, 40.8207235691723], [-73.9306452564201, 40.8207703408862], [-73.9306606547863, 40.8208005707793], [-73.9307844913086, 40.8222637322343], [-73.9307252072393, 40.8222605638504], [-73.9302660882714, 40.8222360241186], [-73.9299816502494, 40.822270839706], [-73.9293755172515, 40.8223252976274], [-73.929112802387, 40.8222662286509], [-73.9297698316593, 40.8205735117342], [-73.9298479160074, 40.8203723343499], [-73.9298906201267, 40.820284221494], [-73.9298935768631, 40.8202849274503], [-73.9305153068245, 40.8204552103584]]], [[[-73.9287222163211, 40.8226155659862], [-73.9282117310638, 40.8219285145604], [-73.9284089133096, 40.8214201312926], [-73.9291112810941, 40.821612341287], [-73.9287222163211, 40.8226155659862]]], [[[-73.9286250845696, 40.8228302373562], [-73.9284929584787, 40.8231744882227], [-73.927995173769, 40.8225149647224], [-73.9281466553052, 40.8221858503575], [-73.9286250845696, 40.8228302373562]]]]}, "properties": {"campus_name": "NYC Economic Development Corp cluster (4 lots)", "owner_key": "EDC", "owner_label": "NYC Economic Development Corp", "lot_count": 4, "bldg_area_sqft": 533753, "derivation": "contiguous lots, owner=EDC, snap=0.0003deg", "kind": "campus", "owner_kind": "public"}}, {"type": "Feature", "geometry": {"type": "MultiPolygon", "coordinates": [[[[-73.9338932634158, 40.6877681862191], [-73.9339614784778, 40.6877601648326], [-73.9340288782639, 40.6877522393989], [-73.9341060886109, 40.6877431605066], [-73.9341705482802, 40.6877355898679], [-73.9342466098496, 40.6877266372219], [-73.9343178831679, 40.6877182553706], [-73.9343900354783, 40.6877097714076], [-73.934458998188, 40.6877016610539], [-73.9345320343055, 40.6876930730125], [-73.9345844886089, 40.6876869054999], [-73.9346453586115, 40.6876797467602], [-73.934700400347, 40.6876732744643], [-73.9347651072062, 40.6876656648986], [-73.934706450208, 40.6873929514993], [-73.9347701062079, 40.6873854656544], [-73.9348288012733, 40.6876581745249], [-73.9348957642414, 40.687650320284], [-73.9349594535719, 40.6876428100081], [-73.9350323216076, 40.687634242304], [-73.9351163572039, 40.6876243596771], [-73.935209884993, 40.687613360443], [-73.9352754565629, 40.6876056492623], [-73.9353363630174, 40.6875984865797], [-73.9354053101092, 40.6875903784105], [-73.9354749847231, 40.6875821841022], [-73.9355491918548, 40.6875734573628], [-73.9355159369316, 40.6874190428653], [-73.9358080050971, 40.6873846948937], [-73.9359020881619, 40.6878220720308], [-73.9345901359274, 40.6879754396284], [-73.9336691040505, 40.688083099262], [-73.9332099825207, 40.6881367628133], [-73.9330992145774, 40.6875819422751], [-73.933633931571, 40.6875190700644], [-73.9336925829758, 40.6877917830852], [-73.9337612203878, 40.6877837126166], [-73.9338260374881, 40.6877760910098], [-73.9338932634158, 40.6877681862191]]], [[[-73.9301890134804, 40.6879118919055], [-73.9311694232551, 40.687798840297], [-73.9312793305329, 40.6883503689488], [-73.9302986999692, 40.6884623506659], [-73.9301890134804, 40.6879118919055]]], [[[-73.9320200336157, 40.6884559915942], [-73.9330019372203, 40.6883433188025], [-73.9331118188475, 40.6888928141899], [-73.9327368988397, 40.6889358032102], [-73.932268049667, 40.6889895581279], [-73.9319506977009, 40.6890259434834], [-73.9318954606156, 40.6887473377301], [-73.9317213247251, 40.6887673025148], [-73.9316268248728, 40.6887781372057], [-73.9315670895231, 40.688784986147], [-73.9315022797329, 40.6887924155722], [-73.9314380531601, 40.6887997795512], [-73.9313721572255, 40.6888073342485], [-73.9313079057835, 40.6888146999802], [-73.9312380473335, 40.6888227079353], [-73.9311692040811, 40.6888306012552], [-73.9311068692612, 40.6888377473243], [-73.9310425314716, 40.6888451236473], [-73.9309791531559, 40.6888523896602], [-73.9309152565582, 40.6888597139735], [-73.9308518829422, 40.6888669790828], [-73.9309071133478, 40.6891455861676], [-73.9307121714227, 40.689167934064], [-73.9306569406017, 40.6888893278057], [-73.930658722511, 40.688889123577], [-73.9306050443353, 40.6886183454411], [-73.9316676236381, 40.6884964284826], [-73.9318417552249, 40.6884764485497], [-73.9319308937755, 40.6884662200642], [-73.9320200336157, 40.6884559915942]]]]}, "properties": {"campus_name": "NYC Housing Authority cluster (9 lots)", "owner_key": "NYCHA", "owner_label": "NYC Housing Authority", "lot_count": 9, "bldg_area_sqft": 478985, "derivation": "contiguous lots, owner=NYCHA, snap=0.0003deg", "kind": "campus", "owner_kind": "public"}}, {"type": "Feature", "geometry": {"type": "MultiPolygon", "coordinates": [[[[-73.90447104938, 40.835410887221], [-73.9040924861161, 40.836086175441], [-73.9035151809971, 40.8359276869101], [-73.9034408726724, 40.8360803953774], [-73.9034886382916, 40.836093581701], [-73.9033526736457, 40.8363730029844], [-73.9038462214625, 40.8365254639885], [-73.9032972954692, 40.8375046132564], [-73.9022035585242, 40.8370798761651], [-73.9030435185485, 40.8359823232873], [-73.9036125266297, 40.8351328683674], [-73.90447104938, 40.835410887221]]], [[[-73.9037944956379, 40.8380748807975], [-73.9037304696367, 40.8381885759905], [-73.9032499206651, 40.83803408944], [-73.9033136855172, 40.8379203105477], [-73.9033893756615, 40.8377852556659], [-73.9036974372599, 40.8378842912159], [-73.9038704966794, 40.8379399258348], [-73.9037944956379, 40.8380748807975]]], [[[-73.9036201011602, 40.8384528446197], [-73.9040893667022, 40.8386036993045], [-73.9040171158986, 40.838731996589], [-73.9039395593989, 40.8388697130059], [-73.9037892098594, 40.8391366868708], [-73.9034540875322, 40.8390268166906], [-73.9036034181587, 40.8387616542062], [-73.9036809740194, 40.8386239361728], [-73.9035086311781, 40.8385685324408], [-73.9035808828924, 40.8384402373116], [-73.9036201011602, 40.8384528446197]]]]}, "properties": {"campus_name": "NYC Parks cluster (7 lots)", "owner_key": "PARKS", "owner_label": "NYC Parks", "lot_count": 7, "bldg_area_sqft": 473722, "derivation": "contiguous lots, owner=PARKS, snap=0.0003deg", "kind": "campus", "owner_kind": "public"}}, {"type": "Feature", "geometry": {"type": "MultiPolygon", "coordinates": [[[[-73.9244973485367, 40.7555970247932], [-73.9241745187462, 40.7559955287917], [-73.9238608334918, 40.7558478298886], [-73.9241836939107, 40.7554493402489], [-73.9244973485367, 40.7555970247932]]], [[[-73.924341831804, 40.7563120863671], [-73.9245283318816, 40.7563915288835], [-73.925143817357, 40.7566818023164], [-73.9240319569602, 40.7580518744354], [-73.923418580542, 40.7577620971498], [-73.9232408211594, 40.7576692691421], [-73.9233912827664, 40.7574838029763], [-73.9236963850361, 40.7571077157555], [-73.9230758708709, 40.756817829219], [-73.9232141524166, 40.7566488740562], [-73.9232605800809, 40.7565921479269], [-73.9233698574527, 40.7564586288772], [-73.9237254611921, 40.756024137642], [-73.924341831804, 40.7563120863671]]]]}, "properties": {"campus_name": "NYC Economic Development Corp cluster (5 lots)", "owner_key": "EDC", "owner_label": "NYC Economic Development Corp", "lot_count": 5, "bldg_area_sqft": 463274, "derivation": "contiguous lots, owner=EDC, snap=0.0003deg", "kind": "campus", "owner_kind": "public"}}, {"type": "Feature", "geometry": {"type": "Polygon", "coordinates": [[[-73.7267941142339, 40.7414100575801], [-73.7274707510866, 40.7418340843948], [-73.728960321901, 40.7427142078675], [-73.7292449135255, 40.7430182756873], [-73.7293877761469, 40.7431709158583], [-73.7298508705431, 40.7447562975698], [-73.7297032363928, 40.7455122157073], [-73.7296768792688, 40.7456471719285], [-73.7290615727665, 40.7466731434147], [-73.7290465193486, 40.7466945437566], [-73.7290318719038, 40.7467168455734], [-73.7290191094704, 40.7467376822409], [-73.7290077601429, 40.7467575135383], [-73.7289996604624, 40.7467725420824], [-73.7289899730307, 40.7467916460943], [-73.7289778813066, 40.7468175811875], [-73.728969199678, 40.746837995178], [-73.7289609278704, 40.7468592313444], [-73.7289570803776, 40.7468698393137], [-73.7287674792866, 40.7468834031124], [-73.7286327908589, 40.7471103667587], [-73.728266657335, 40.7471373077159], [-73.7282164689287, 40.7471410002049], [-73.7278547716719, 40.7464868210512], [-73.7271344319364, 40.7451839377402], [-73.7264368796029, 40.7439222201535], [-73.7259549495414, 40.7430504834763], [-73.72513718536, 40.7415712176401], [-73.7251921918658, 40.7415517690596], [-73.7263739853693, 40.7411339025492], [-73.7264821140969, 40.7412049775125], [-73.7267941142339, 40.7414100575801]]]}, "properties": {"campus_name": "NYC DOE schools cluster (4 lots)", "owner_key": "EDUC", "owner_label": "NYC DOE schools", "lot_count": 4, "bldg_area_sqft": 436724, "derivation": "contiguous lots, owner=EDUC, snap=0.0003deg", "kind": "campus", "owner_kind": "public"}}, {"type": "Feature", "geometry": {"type": "MultiPolygon", "coordinates": [[[[-73.9167224017537, 40.8868570766529], [-73.9166876616081, 40.886838546629], [-73.9166334917123, 40.8868163708756], [-73.9165727864918, 40.8867997607591], [-73.9164343882565, 40.8867704713624], [-73.9155406950069, 40.8865748367667], [-73.9155320890584, 40.8865729458156], [-73.9147975085407, 40.8864364675301], [-73.9148830909931, 40.886164892719], [-73.9145671055773, 40.8861061168118], [-73.9143620689066, 40.8860679787503], [-73.9148251381028, 40.8857197178899], [-73.9159407962288, 40.8848806393145], [-73.9162679843452, 40.8849642360801], [-73.9185981782637, 40.8855595648862], [-73.9185922147873, 40.8855722080545], [-73.9185595499145, 40.8856554430579], [-73.9185141262565, 40.8857900346328], [-73.9184979745981, 40.8858573850317], [-73.9184784015546, 40.8859561671841], [-73.9184604394923, 40.8860958505745], [-73.9184562994058, 40.8861773389095], [-73.9184561059861, 40.8861811721619], [-73.9184543129378, 40.8862645712343], [-73.9184600964273, 40.8863755612158], [-73.9184749988872, 40.8865906367007], [-73.9184791961429, 40.8866512234653], [-73.9185075250932, 40.8869956272501], [-73.9185552640695, 40.8873960548995], [-73.9185652613662, 40.8875205209012], [-73.9185694041174, 40.8875898099099], [-73.9185684267215, 40.8876748069922], [-73.918567495439, 40.8877453747339], [-73.9185631785761, 40.887817224156], [-73.9185580192157, 40.8878871477548], [-73.9185451491744, 40.8879805623309], [-73.9185272557914, 40.8880889691789], [-73.9185059861638, 40.8881832458552], [-73.9170462600204, 40.8880973811282], [-73.9170183498128, 40.8879279958136], [-73.9168742741208, 40.8870813496532], [-73.9168666261508, 40.887029711112], [-73.9168463418956, 40.8869834025372], [-73.9168296208756, 40.8869579742786], [-73.9168068188521, 40.8869259031849], [-73.9167626982827, 40.8868871243887], [-73.9167224017537, 40.8868570766529]]], [[[-73.9206910616079, 40.8860632114699], [-73.920725500976, 40.8860718510083], [-73.9202986531921, 40.887008993029], [-73.9202238991992, 40.8870735863728], [-73.918825822944, 40.8867245530195], [-73.9187928906222, 40.8863922782608], [-73.9187885069984, 40.8863480460612], [-73.918783759853, 40.8862799758544], [-73.918782436204, 40.886189178859], [-73.9187868117209, 40.8860952945317], [-73.918807625262, 40.885940347138], [-73.9188240369766, 40.8858628105659], [-73.9188527053563, 40.8857601735017], [-73.9188836391999, 40.8856716657251], [-73.9189125337699, 40.8856013363692], [-73.919250753378, 40.885688720793], [-73.9197390400715, 40.8858148745997], [-73.9206910616079, 40.8860632114699]]], [[[-73.916666942249, 40.8874528334985], [-73.9166548037353, 40.8874623284782], [-73.9166341879927, 40.8874703666176], [-73.9166164920082, 40.8874729796163], [-73.916601297383, 40.8874726769223], [-73.9165832247676, 40.8874690168659], [-73.9164461838887, 40.8874292035937], [-73.9162454562503, 40.8873751982755], [-73.9160490353481, 40.8873274054405], [-73.9158507746414, 40.8872832227915], [-73.9156918923593, 40.8872520274812], [-73.9155379700543, 40.8872244402493], [-73.915445427892, 40.8872092307718], [-73.9153482511977, 40.8871947878133], [-73.9152510609183, 40.8871817828475], [-73.9151341132642, 40.8871679878468], [-73.9149867281726, 40.8871515211916], [-73.9148516469388, 40.8871384320932], [-73.9147472462031, 40.8871291115484], [-73.9138481276298, 40.8870529535347], [-73.9135470924351, 40.8870338119054], [-73.913592555671, 40.8869584122242], [-73.9136352944922, 40.8868985339418], [-73.9136805263437, 40.8868421766763], [-73.9137413921378, 40.8867756248538], [-73.9138008891791, 40.8867195914991], [-73.9138865169405, 40.8866500694794], [-73.9140768701479, 40.8865057633909], [-73.9154872239201, 40.8867650289694], [-73.9165110874968, 40.8869896422086], [-73.9165528403161, 40.8870032643564], [-73.9165716520528, 40.8870125304729], [-73.9165868641929, 40.8870225116067], [-73.9166014580911, 40.8870342915287], [-73.9166131958444, 40.8870463196902], [-73.9166271843793, 40.8870658973751], [-73.9166360462927, 40.8870850922172], [-73.9166409953608, 40.8871059366506], [-73.9166827661788, 40.8874111091639], [-73.9166819766326, 40.887427592865], [-73.9166765758325, 40.8874405722242], [-73.916666942249, 40.8874528334985]]], [[[-73.9149193945152, 40.8883461772199], [-73.9133075954333, 40.8882128460513], [-73.9134240629718, 40.88738732537], [-73.9134340766214, 40.8873305806331], [-73.913441937155, 40.8872971172895], [-73.9134512136472, 40.8872606878167], [-73.9134671516532, 40.887214902899], [-73.913582742857, 40.8872204508742], [-73.9137291806152, 40.8872288511967], [-73.9138202421973, 40.8872354639722], [-73.9141928276375, 40.8872654864024], [-73.9140962559262, 40.8878666043614], [-73.9149784254642, 40.8879395756201], [-73.9149193945152, 40.8883461772199]]], [[[-73.916532740065, 40.8932560023295], [-73.9169151743312, 40.8923269737021], [-73.9170970017265, 40.8919247657798], [-73.9173070246518, 40.8915217519545], [-73.9174291531725, 40.8913098470444], [-73.9175753950911, 40.8910733444691], [-73.9177949322401, 40.8907473397521], [-73.9178952811229, 40.890586454738], [-73.9179816958741, 40.8904230618658], [-73.9180640339192, 40.8902328882146], [-73.9181155805823, 40.8900840618891], [-73.9186877813101, 40.8884723498988], [-73.9187475365921, 40.8882960273065], [-73.9187910487295, 40.8881215932118], [-73.9188173671206, 40.8879648947623], [-73.918834124215, 40.8877555633651], [-73.9188337253698, 40.8876157166336], [-73.9188210061892, 40.8874480056334], [-73.9187400373665, 40.8867089115614], [-73.9202238991992, 40.8870735863728], [-73.9200268761087, 40.8872644179587], [-73.9198687962549, 40.8875640558795], [-73.9199970230694, 40.887595168393], [-73.9196257232159, 40.8883903584136], [-73.9195919465791, 40.8884626961569], [-73.9194117689537, 40.8888485593247], [-73.9191850396458, 40.889359291478], [-73.9189725475379, 40.8898735342298], [-73.9188007970087, 40.8903593236933], [-73.9188652635459, 40.8903568846246], [-73.9176875004176, 40.8933670589672], [-73.917203155736, 40.8933204798409], [-73.9170108783314, 40.8933019890149], [-73.9168444660421, 40.8932859829135], [-73.916532740065, 40.8932560023295]]]]}, "properties": {"campus_name": "NYC Parks cluster (7 lots)", "owner_key": "PARKS", "owner_label": "NYC Parks", "lot_count": 7, "bldg_area_sqft": 422822, "derivation": "contiguous lots, owner=PARKS, snap=0.0003deg", "kind": "campus", "owner_kind": "public"}}, {"type": "Feature", "geometry": {"type": "MultiPolygon", "coordinates": [[[[-73.8581246398363, 40.6622986571914], [-73.8582926443136, 40.6623534149471], [-73.8590636721259, 40.6626047160024], [-73.8591971637725, 40.6631330041247], [-73.858435048882, 40.6629170036476], [-73.858268870334, 40.6628699036019], [-73.8581548502824, 40.6624183102411], [-73.858154078615, 40.662415256494], [-73.8581246398363, 40.6622986571914]]], [[[-73.8574551532322, 40.6628770578047], [-73.8582192054837, 40.6630984316036], [-73.85833521577, 40.6631320431701], [-73.8584007363925, 40.6633913504174], [-73.8584190248774, 40.6634637312849], [-73.8585736458986, 40.6634414472537], [-73.8591326916742, 40.6633608732061], [-73.8592642862329, 40.6633986336025], [-73.8592749737362, 40.6634409332022], [-73.8594954752684, 40.6634091514805], [-73.8594709557261, 40.6633121186901], [-73.8597010420275, 40.6632789552412], [-73.8601959326889, 40.6632076234741], [-73.8602204532493, 40.6633046551898], [-73.8605933303779, 40.6647801506432], [-73.8598682502044, 40.6648843087415], [-73.8596477181535, 40.664915987569], [-73.8589231945325, 40.6650200602449], [-73.8588161711492, 40.6650354321917], [-73.8587151962198, 40.6650499362883], [-73.8585236041764, 40.6650774565769], [-73.8580060623432, 40.6651517923547], [-73.8579053448902, 40.6651662581591], [-73.8578356813587, 40.6648905571028], [-73.857685370102, 40.6642956695788], [-73.8575105166099, 40.6636036431639], [-73.8574901526281, 40.663597599774], [-73.857376285665, 40.663094530497], [-73.8573180742456, 40.6628373398126], [-73.8574551532322, 40.6628770578047]]]]}, "properties": {"campus_name": "NYC Sanitation cluster (8 lots)", "owner_key": "SANIT", "owner_label": "NYC Sanitation", "lot_count": 8, "bldg_area_sqft": 422800, "derivation": "contiguous lots, owner=SANIT, snap=0.0003deg", "kind": "campus", "owner_kind": "public"}}, {"type": "Feature", "geometry": {"type": "MultiPolygon", "coordinates": [[[[-73.980689765476, 40.7218040479565], [-73.9815186862821, 40.7221535816891], [-73.9813445352482, 40.7223922085025], [-73.9814250482001, 40.7224261571949], [-73.9812517736267, 40.7226635827212], [-73.9806315193985, 40.7224020386736], [-73.980709256847, 40.7222955602104], [-73.9808084744808, 40.7221596619065], [-73.9805193411267, 40.7220375664391], [-73.980689765476, 40.7218040479565]]], [[[-73.9811520567048, 40.7227994569711], [-73.9809846336879, 40.7230304821825], [-73.9813748658517, 40.723195207716], [-73.9812041545252, 40.7234307712797], [-73.9801861944502, 40.7230009711351], [-73.9802303914298, 40.722939985439], [-73.9802730678034, 40.722881096666], [-73.9803568550321, 40.7227654820092], [-73.9804385597663, 40.7227999727921], [-73.980524051669, 40.7228360608159], [-73.9805934543713, 40.7228653580287], [-73.9807499256238, 40.722931407833], [-73.9808275311912, 40.7229641668876], [-73.980994955684, 40.7227331409814], [-73.9810735054947, 40.7227662990037], [-73.9811520567048, 40.7227994569711]]], [[[-73.9816098929831, 40.72329441411], [-73.9814391691401, 40.7235299960038], [-73.9812827028419, 40.7234639354288], [-73.981453420026, 40.7232283654763], [-73.9816098929831, 40.72329441411]]], [[[-73.9800955119623, 40.72313642002], [-73.9807321305287, 40.7234040237511], [-73.9805581866841, 40.7236420865041], [-73.9804478840143, 40.7235958915515], [-73.9803783527847, 40.7235667707569], [-73.9803104015994, 40.7235383138686], [-73.9801337359312, 40.7237800829199], [-73.9800039995058, 40.7237254031166], [-73.9798020243385, 40.7236402787126], [-73.9799782018498, 40.7233991837136], [-73.9799179896851, 40.7233740066727], [-73.979982123389, 40.7232881731443], [-73.9800486227418, 40.7231991738601], [-73.9800955119623, 40.72313642002]]], [[[-73.9798514490128, 40.7244170136846], [-73.9796957976789, 40.7243513950902], [-73.9798540384736, 40.7241325045417], [-73.979930944407, 40.7241649254985], [-73.9800096882429, 40.7241981220026], [-73.9798514490128, 40.7244170136846]]], [[[-73.9777336958743, 40.7224574887162], [-73.9776682677002, 40.7224297375983], [-73.977598920108, 40.7224003234314], [-73.9775422248435, 40.7223762750767], [-73.9775085025149, 40.72236196658], [-73.9775433015346, 40.7223140977772], [-73.9775801420086, 40.722263420713], [-73.9776324249661, 40.7221914990667], [-73.9776816941395, 40.7221237236078], [-73.9786583580135, 40.7225379712771], [-73.9784858401922, 40.7227753261023], [-73.9784700848395, 40.7227686440443], [-73.9784578597177, 40.7227854551588], [-73.9785523791459, 40.7228255454705], [-73.9785953280761, 40.7228437626526], [-73.9786075106258, 40.7228269316887], [-73.9786425410337, 40.7228417903403], [-73.9787236816603, 40.7228762048498], [-73.9788048222603, 40.7229106201382], [-73.9789773818437, 40.7226732909499], [-73.9793137624917, 40.7228159656015], [-73.979558659984, 40.7229198083973], [-73.9792152984108, 40.7233921577668], [-73.9779214161433, 40.7228433968113], [-73.9780456486664, 40.7226725002491], [-73.9779671796871, 40.7226392176981], [-73.9780131273662, 40.7225760116671], [-73.9779439877106, 40.7225466850064], [-73.9778037642839, 40.7224872091377], [-73.9777336958743, 40.7224574887162]]], [[[-73.9796227418649, 40.7237351653757], [-73.9797026473182, 40.7237688594082], [-73.9797811219655, 40.7238019435013], [-73.9796149989842, 40.7240317314225], [-73.9795365228308, 40.723998648137], [-73.9794558775514, 40.7239646404669], [-73.9794421852705, 40.7239833704234], [-73.9793364826282, 40.7241279723903], [-73.9790719574199, 40.7240164622803], [-73.9791767682163, 40.7238714830008], [-73.9793564674497, 40.7236229180541], [-73.9794918259673, 40.723679981401], [-73.9796227418649, 40.7237351653757]]]]}, "properties": {"campus_name": "NYC Housing Authority cluster (17 lots)", "owner_key": "NYCHA", "owner_label": "NYC Housing Authority", "lot_count": 17, "bldg_area_sqft": 421956, "derivation": "contiguous lots, owner=NYCHA, snap=0.0003deg", "kind": "campus", "owner_kind": "public"}}, {"type": "Feature", "geometry": {"type": "MultiPolygon", "coordinates": [[[[-73.9142509928668, 40.8303776734614], [-73.9139253764127, 40.8302727420091], [-73.9139806290531, 40.8301785608468], [-73.9143062451333, 40.8302834921447], [-73.9142939122003, 40.8303045157947], [-73.9142509928668, 40.8303776734614]]], [[[-73.9132121885981, 40.8304045596268], [-73.9128815412927, 40.8302958798718], [-73.9131098658747, 40.8299091210451], [-73.9131695765435, 40.82980797733], [-73.9135039930161, 40.829914837337], [-73.9134422927111, 40.8300183849274], [-73.9132692274309, 40.8303088339632], [-73.9136338013127, 40.8304253291049], [-73.9135751007832, 40.8305238443168], [-73.9132121885981, 40.8304045596268]]], [[[-73.9141229209882, 40.8305959825043], [-73.9140679545371, 40.8306896767959], [-73.9140277483863, 40.8307582114709], [-73.9137021281097, 40.8306532793946], [-73.9138690197742, 40.8303688071592], [-73.914194637822, 40.8304737378484], [-73.914181994643, 40.8304952889769], [-73.9141229209882, 40.8305959825043]]], [[[-73.9138971514277, 40.8309808200348], [-73.9138429625587, 40.8310731865387], [-73.9137597380543, 40.8312150486954], [-73.9137337989658, 40.8312592625248], [-73.9140956969642, 40.8313758847733], [-73.9137286409702, 40.8320060770685], [-73.9134302342272, 40.8311167333993], [-73.9134341171777, 40.8311101158701], [-73.9135917363321, 40.8308414497487], [-73.913645590237, 40.830749652159], [-73.9139712096858, 40.830854583556], [-73.9139541144444, 40.8308837233988], [-73.9139173561442, 40.8309463821338], [-73.9138971514277, 40.8309808200348]]], [[[-73.9129829853345, 40.8297500077629], [-73.9125783998383, 40.8304395703817], [-73.9122418224204, 40.8303315795054], [-73.9121684183694, 40.8304576280721], [-73.9118395644383, 40.8303521417194], [-73.9120531962279, 40.8299722336288], [-73.9123884502068, 40.8300797828417], [-73.9125700969767, 40.8297678495137], [-73.9126438510953, 40.8296411948328], [-73.9129829853345, 40.8297500077629]]], [[[-73.9135195781885, 40.8306170246838], [-73.9132896199237, 40.8310029519786], [-73.9129267045344, 40.8308836663977], [-73.9130393436212, 40.8306946338415], [-73.9127100342223, 40.8305863923136], [-73.9127678295922, 40.8304884954324], [-73.9130975888836, 40.8305968839568], [-73.9131566644908, 40.8304977407401], [-73.9135195781885, 40.8306170246838]]]]}, "properties": {"campus_name": "NYC Housing Authority cluster (12 lots)", "owner_key": "NYCHA", "owner_label": "NYC Housing Authority", "lot_count": 12, "bldg_area_sqft": 420360, "derivation": "contiguous lots, owner=NYCHA, snap=0.0003deg", "kind": "campus", "owner_kind": "public"}}, {"type": "Feature", "geometry": {"type": "MultiPolygon", "coordinates": [[[[-73.9196535514946, 40.6913616921467], [-73.9196103604099, 40.6914056539222], [-73.9195462707673, 40.691470883709], [-73.9195042273236, 40.6915136773389], [-73.9194604236341, 40.6915582626558], [-73.919417675343, 40.6916017734863], [-73.9193523865812, 40.6916682261978], [-73.9193070961769, 40.6917143240879], [-73.9192661149282, 40.6917560368913], [-73.9191629658664, 40.6918610237747], [-73.9191025190175, 40.6919225485252], [-73.918770311075, 40.6917910403852], [-73.9193922560113, 40.6911574332373], [-73.9196886320569, 40.6913259851924], [-73.9196535514946, 40.6913616921467]]], [[[-73.9199387937324, 40.692742459298], [-73.9196396345533, 40.6925724742238], [-73.9195780883051, 40.6926350565941], [-73.9195175807942, 40.6926965823521], [-73.9194562593639, 40.6927589369213], [-73.9194161329108, 40.6927997390544], [-73.9193692236842, 40.6928474370127], [-73.9193653312689, 40.6928513956238], [-73.9190682621643, 40.6926825975098], [-73.9194807007716, 40.6922632114685], [-73.920149573874, 40.6925282258364], [-73.9199387937324, 40.692742459298]]], [[[-73.9165196658189, 40.6926330345513], [-73.9162497342501, 40.692907814761], [-73.9156579203785, 40.6925744167791], [-73.9158735196071, 40.6923543972253], [-73.9161693691858, 40.6925210649282], [-73.9162235173811, 40.692465806506], [-73.9165196658189, 40.6926330345513]]], [[[-73.9192839394112, 40.692194631006], [-73.9177460558096, 40.6937590748952], [-73.9171731276483, 40.6934289365057], [-73.9186352847785, 40.6919334575503], [-73.9192839394112, 40.692194631006]]], [[[-73.9164189409984, 40.6930042530725], [-73.9167428731779, 40.6926745297671], [-73.9170305771074, 40.6928374459517], [-73.9169765881519, 40.6928924005074], [-73.9169225991086, 40.6929473540348], [-73.9172213116839, 40.6931165047195], [-73.9170055819795, 40.6933364474554], [-73.9164189409984, 40.6930042530725]]], [[[-73.9155402942037, 40.6947909991889], [-73.9149921920853, 40.6944785695608], [-73.9162809563225, 40.6931676283573], [-73.9168291706243, 40.6934801618297], [-73.9155402942037, 40.6947909991889]]], [[[-73.9165339666709, 40.6945452463794], [-73.9165780397035, 40.6945003301694], [-73.9166206117258, 40.6944569472757], [-73.9166655719105, 40.6944111274698], [-73.9167186799014, 40.6943570036012], [-73.9167739758197, 40.6943006508109], [-73.9168272411227, 40.6942463667117], [-73.9168819967062, 40.6941905645508], [-73.9169347276253, 40.6941368257347], [-73.9169874442638, 40.6940831013566], [-73.9166901360574, 40.6939137836153], [-73.9170242926386, 40.6935732383229], [-73.9176075995657, 40.693907212107], [-73.9166818515131, 40.6948467193194], [-73.9163972006674, 40.6946846258261], [-73.9164479788648, 40.694632876859], [-73.916492476056, 40.6945875313921], [-73.9165339666709, 40.6945452463794]]]]}, "properties": {"campus_name": "NYC Housing Authority cluster (7 lots)", "owner_key": "NYCHA", "owner_label": "NYC Housing Authority", "lot_count": 7, "bldg_area_sqft": 397460, "derivation": "contiguous lots, owner=NYCHA, snap=0.0003deg", "kind": "campus", "owner_kind": "public"}}, {"type": "Feature", "geometry": {"type": "MultiPolygon", "coordinates": [[[[-73.877919325018, 40.8404066251965], [-73.8776608462629, 40.8408185588844], [-73.8775929258649, 40.8408017520188], [-73.8778432350814, 40.8404028328565], [-73.877919325018, 40.8404066251965]]], [[[-73.8777584576422, 40.8413753244265], [-73.8774099336781, 40.8417486928742], [-73.8772841563917, 40.8419627316868], [-73.8771670453811, 40.8422960167752], [-73.8770007381419, 40.8422585539295], [-73.8769999039893, 40.8422573731145], [-73.877070533904, 40.8420905625848], [-73.8771322972166, 40.8419601081109], [-73.8771864749121, 40.841889217987], [-73.8771933999159, 40.8418829250867], [-73.8772035430559, 40.8418718309945], [-73.8772125598139, 40.8418607366223], [-73.87722045518, 40.8418487873162], [-73.8772244104802, 40.841839580256], [-73.8773230978205, 40.8417104502232], [-73.8774088104925, 40.8415924892605], [-73.8774724454681, 40.8414682067685], [-73.8775405922784, 40.8413360362222], [-73.8776512369789, 40.8411707031254], [-73.8776948513791, 40.8411056985856], [-73.8779575220371, 40.8411813869206], [-73.8778409916335, 40.8413998791866], [-73.8777584576422, 40.8413753244265]]], [[[-73.8769798732935, 40.8419037962618], [-73.8769726220584, 40.8419329180784], [-73.8769666685014, 40.8419386284793], [-73.8769582247861, 40.8419437432493], [-73.8769514684327, 40.8419475802556], [-73.8769374048065, 40.8419505558087], [-73.8769289681957, 40.841951828212], [-73.8768129458972, 40.8421780319753], [-73.8762411109764, 40.8419961558182], [-73.8764123377967, 40.841723288835], [-73.8769798732935, 40.8419037962618]]], [[[-73.8768881074505, 40.8430955893494], [-73.876887785275, 40.8430890163398], [-73.8768859499058, 40.8430831657008], [-73.8768800624214, 40.8430678780227], [-73.8768654865743, 40.8430113107709], [-73.8768674109701, 40.8430040562483], [-73.8768696729957, 40.8429972257344], [-73.8768730592143, 40.8429903973404], [-73.8768764448435, 40.842984422519], [-73.8770166013258, 40.8425678667107], [-73.8778833469468, 40.8427617428419], [-73.877092877067, 40.8440434873302], [-73.8772197343962, 40.8441307650026], [-73.8778917433597, 40.8445930975059], [-73.8779583742133, 40.8446389373993], [-73.8783389219962, 40.8449007436521], [-73.8824252669182, 40.8477118248272], [-73.8829227481766, 40.848238664467], [-73.8806416665172, 40.8563025715249], [-73.8805875952381, 40.8564936927149], [-73.8776913276269, 40.8551454103296], [-73.8776477267193, 40.8551258387265], [-73.8775983923005, 40.855105924298], [-73.8775718259679, 40.855097760127], [-73.877546021222, 40.8550908484611], [-73.8775242275848, 40.8550857573622], [-73.877510654505, 40.8550829199709], [-73.8774928804718, 40.8550795836101], [-73.8774756131279, 40.8550767449683], [-73.877455181631, 40.8550738894106], [-73.8774344112855, 40.8550715351083], [-73.8774178316327, 40.8550700469396], [-73.8773877266363, 40.8550682220575], [-73.8773522506729, 40.8550675117333], [-73.8773045514401, 40.8550689990815], [-73.8772686392813, 40.85507198473], [-73.87724948285, 40.8550742425463], [-73.87723581212, 40.8550761451248], [-73.877235488782, 40.855048243994], [-73.8772374552073, 40.8549775529158], [-73.8772286031303, 40.8549145856659], [-73.8772206102382, 40.8548840414569], [-73.8772052179281, 40.8548510526404], [-73.8772017482663, 40.8548334227136], [-73.8772049844503, 40.8548066527549], [-73.8772102907377, 40.8547595754104], [-73.8772191484571, 40.8547436629822], [-73.8772247857509, 40.8547376905584], [-73.8772304206233, 40.8547317164579], [-73.8772450664764, 40.8547206289324], [-73.8772735013876, 40.8547038965582], [-73.8772946022516, 40.8546993300679], [-73.8773059530334, 40.8546949270474], [-73.8773126234088, 40.8546869620442], [-73.87731714265, 40.8546762906516], [-73.8773205639686, 40.8546506698563], [-73.8773240321798, 40.8546002802562], [-73.8773240463585, 40.8545925927825], [-73.8773208311386, 40.854582340829], [-73.8773111437445, 40.8545742152908], [-73.8772993414178, 40.85456950488], [-73.8772447988016, 40.8545604797245], [-73.8772341127722, 40.8545600397699], [-73.8772054235332, 40.8545617174673], [-73.877189116683, 40.8545597072737], [-73.8771711332935, 40.8545522852469], [-73.8771576495998, 40.85454287693], [-73.8771221791928, 40.8545151578048], [-73.8771386631265, 40.8544943032474], [-73.8771632290694, 40.8544783015534], [-73.8771935813131, 40.8544687580312], [-73.8772295582211, 40.8544671699954], [-73.8772583189377, 40.8544730087751], [-73.8772884338349, 40.8544880114665], [-73.8774023025775, 40.8545726455458], [-73.8775674997543, 40.8547265565297], [-73.8775727326823, 40.8547308043368], [-73.8775770378341, 40.8547346620609], [-73.877579702005, 40.8547369368927], [-73.8775845390385, 40.8547398163739], [-73.8775900868747, 40.8547418438751], [-73.8775993185157, 40.8547430810267], [-73.8776082816414, 40.854742045973], [-73.8776150449368, 40.854739611901], [-73.8776206506467, 40.8547359951713], [-73.8776248133529, 40.8547314610976], [-73.8776271702785, 40.8547267638985], [-73.8776280320136, 40.8547211881187], [-73.8776266455639, 40.8547148048219], [-73.8776237545259, 40.8547100777941], [-73.8776187870193, 40.854704633534], [-73.8775676246863, 40.8546489891635], [-73.8774485018579, 40.8544555270776], [-73.8774114911998, 40.85440931773], [-73.8773692284049, 40.8543770388343], [-73.8773447713375, 40.8543597395552], [-73.8773177027952, 40.8543334191611], [-73.8772951027776, 40.8543162137025], [-73.8770598487112, 40.8541675801718], [-73.8768382494858, 40.8539966266825], [-73.8768031721169, 40.8539641247675], [-73.8767680107489, 40.8539315452003], [-73.8767623842445, 40.8539272483302], [-73.8767568161992, 40.8539214909252], [-73.8767514193315, 40.8539129016834], [-73.8767485665159, 40.8539036541717], [-73.8767483066888, 40.8538947480815], [-73.876750288649, 40.8538862756468], [-73.8767548410473, 40.8538775898684], [-73.8767607052422, 40.8538707451467], [-73.8767678719215, 40.8538650005074], [-73.8767751269774, 40.8538608542621], [-73.8767813985321, 40.8538582161723], [-73.8767896911232, 40.853854794181], [-73.8768004574602, 40.8538488741036], [-73.8768088701783, 40.8538426985266], [-73.876815271311, 40.8538366639422], [-73.8768209339033, 40.8538298001793], [-73.8768256826602, 40.8538220484061], [-73.8768296574647, 40.8538120643759], [-73.8768316520405, 40.8537999855065], [-73.8768314381901, 40.853792543578], [-73.8768357971496, 40.8537691318837], [-73.876837176815, 40.8537503283661], [-73.8768366435055, 40.8537302990443], [-73.8768404744927, 40.8537031919968], [-73.8768499692965, 40.8536762864204], [-73.8768508313831, 40.8536475184203], [-73.8768471751743, 40.8536058208144], [-73.8768294470725, 40.8535171043232], [-73.8768192494992, 40.8534752115829], [-73.8768062065487, 40.8534553435824], [-73.8767549996873, 40.8534105227337], [-73.8767396241456, 40.853395667997], [-73.8767165632832, 40.8533586061004], [-73.8766935345967, 40.8533298170839], [-73.8766699824869, 40.8533070220742], [-73.8766151132912, 40.8532687906478], [-73.8765932245829, 40.8532603115895], [-73.8765649768462, 40.8532512304913], [-73.876529281081, 40.8532442189154], [-73.8764723941517, 40.8532375826043], [-73.8764296373582, 40.8532375377355], [-73.8763753660454, 40.8532433669971], [-73.8763131912257, 40.853253860438], [-73.876235136876, 40.8532756371084], [-73.876185587175, 40.8532946239326], [-73.876156806262, 40.8533107857035], [-73.8761374822267, 40.85333508089], [-73.8761224969846, 40.8533521102808], [-73.8761082332164, 40.8533713708725], [-73.8760923209277, 40.8533875662725], [-73.8760740135147, 40.8534008945379], [-73.8760525697125, 40.8534120556782], [-73.8760264087282, 40.8534210838013], [-73.8759998339432, 40.85342619072], [-73.8759708609002, 40.8534276922051], [-73.8759450715763, 40.8534255897382], [-73.8759306447634, 40.8534229484261], [-73.8759118393302, 40.8534177755717], [-73.8758814305971, 40.8534088019089], [-73.8758427571835, 40.8534003469817], [-73.8758065136421, 40.8533952048676], [-73.8757547644241, 40.8533922657641], [-73.8757237458374, 40.8533929302366], [-73.8756956668549, 40.8533951043943], [-73.875681342241, 40.8533967998654], [-73.8756518696082, 40.8534015677751], [-73.8756153991246, 40.8534099696338], [-73.8755704790621, 40.8534244840161], [-73.8755441507342, 40.8534354082265], [-73.8755164605284, 40.8534491325283], [-73.8754986414943, 40.853459351881], [-73.8754787016547, 40.85347037943], [-73.875451723916, 40.8534822952793], [-73.875430974177, 40.8534894786597], [-73.8754059072662, 40.8534961512383], [-73.8753843864745, 40.8535002837458], [-73.8753670161886, 40.8535026107748], [-73.875356476661, 40.853501992444], [-73.8752761410035, 40.8534972716767], [-73.8752713844714, 40.85349715761], [-73.8752672018041, 40.8534970162225], [-73.8752620177971, 40.8534971862176], [-73.8752576813719, 40.8534981333152], [-73.8752531800897, 40.8534996827446], [-73.8752495585357, 40.8535014347423], [-73.8752462148881, 40.8535035788152], [-73.8752437823949, 40.8535054996679], [-73.8752407000924, 40.853508700216], [-73.8752382773446, 40.8535124157274], [-73.8752369296579, 40.8535164584206], [-73.8752363917158, 40.853519362807], [-73.8752363447814, 40.8535228863811], [-73.8752366009325, 40.8535247740844], [-73.8752376375799, 40.853526607752], [-73.8752701413604, 40.8535478440443], [-73.8752784279008, 40.8535514901538], [-73.8752827476357, 40.8535550391114], [-73.8752854425873, 40.8535585764417], [-73.8752871159344, 40.853562363059], [-73.8752877797589, 40.8535669481945], [-73.8752872864779, 40.8535707143993], [-73.8752852270288, 40.853575467673], [-73.8752823860166, 40.8535790206031], [-73.8752772945581, 40.8535828899237], [-73.8752699301005, 40.8535858833045], [-73.8750665387045, 40.8536835764819], [-73.8750439784013, 40.8536892341542], [-73.8750209033156, 40.8536936720216], [-73.8750004497264, 40.8536965215338], [-73.874976017514, 40.8536986390675], [-73.8749341655857, 40.853699099841], [-73.8748987332963, 40.8536963661884], [-73.8748658672699, 40.853691188792], [-73.8748402712213, 40.8536852916088], [-73.8748121730893, 40.8536767775354], [-73.8747881771135, 40.853667638541], [-73.8747638081474, 40.8536563559662], [-73.8747364394955, 40.8536408413456], [-73.8747157037982, 40.8536266396669], [-73.8746955510009, 40.8536102496017], [-73.8746902189295, 40.8536049090558], [-73.8746868749015, 40.8535955466815], [-73.8746846452868, 40.8535861494595], [-73.8746858198346, 40.8535588171474], [-73.8746926575467, 40.8535118468114], [-73.8746988387399, 40.8534691795058], [-73.8746996209862, 40.8534693080187], [-73.8747051195076, 40.853469687695], [-73.8747090806263, 40.8534696424701], [-73.8747111636737, 40.8534694025404], [-73.8747140122363, 40.8534688158397], [-73.8747162727634, 40.8534681185723], [-73.8747197185131, 40.8534665851678], [-73.8747228912925, 40.8534644976444], [-73.8747252198561, 40.8534623074756], [-73.8747275196843, 40.8534589953284], [-73.8747286339535, 40.853456111313], [-73.8747290481832, 40.8534534427121], [-73.8747288075108, 40.8534502475215], [-73.874728368228, 40.8534486099259], [-73.8746868255083, 40.8534216418171], [-73.8746827113606, 40.8534178831599], [-73.8746770972973, 40.8534127505334], [-73.874656874654, 40.8533982081566], [-73.8746554270814, 40.8533973562762], [-73.8746553738001, 40.8533972737313], [-73.8746540908658, 40.8533908509386], [-73.8746548233254, 40.8533860610961], [-73.8746567910294, 40.8533821884103], [-73.8746601558812, 40.8533782119146], [-73.8746658384173, 40.8533740767267], [-73.8746719783517, 40.8533714359306], [-73.8746775521324, 40.8533702280954], [-73.8746830715278, 40.8533696406989], [-73.8746874335513, 40.8533701956616], [-73.8746927566102, 40.8533717709663], [-73.8746973286261, 40.853373558032], [-73.8747016999275, 40.8533755042494], [-73.8748208570185, 40.8534270570767], [-73.8748271561738, 40.8534292683211], [-73.8748348597333, 40.8534306814779], [-73.8748416987687, 40.8534308995506], [-73.8748475702594, 40.8534303332749], [-73.874852060792, 40.853429405184], [-73.8748556918058, 40.8534283087575], [-73.8748631092741, 40.8534248985049], [-73.8748688950768, 40.8534206841948], [-73.8748737407305, 40.8534151198657], [-73.8748763760187, 40.8534100043938], [-73.8748769505948, 40.8534033890291], [-73.8748755403002, 40.8533984735483], [-73.8748726933932, 40.8533930881881], [-73.8748691198667, 40.8533894544407], [-73.8746193199028, 40.853196536416], [-73.8744882862802, 40.8530902790138], [-73.8744129347692, 40.8530257956257], [-73.8743163909495, 40.8529102771401], [-73.8743533586274, 40.8528891224478], [-73.8743003381326, 40.8528261662334], [-73.8742723944686, 40.8528377584182], [-73.8742455460966, 40.8528013753868], [-73.8742120551286, 40.8527587708459], [-73.8741865794792, 40.8527114600264], [-73.8741771263634, 40.8526813506978], [-73.8741724746681, 40.8526427405957], [-73.8741694674435, 40.8525767204736], [-73.8741682710169, 40.8525628660212], [-73.874130071379, 40.8523884376325], [-73.8741232190322, 40.852214832336], [-73.874118548896, 40.8520444162293], [-73.8741136835065, 40.8519332289315], [-73.8741059068974, 40.8518858707218], [-73.8741021561003, 40.8518675740413], [-73.8740388555952, 40.8517026869336], [-73.8739918669715, 40.8515532204508], [-73.8739290318341, 40.8512238443701], [-73.8739285192909, 40.8511939123524], [-73.8739333539758, 40.8511715368051], [-73.8739463972826, 40.8511373323354], [-73.8740195394569, 40.8509732308451], [-73.874069600573, 40.8508827283237], [-73.8741000551387, 40.8508357225407], [-73.8741026517935, 40.8508369093975], [-73.8741114575739, 40.8508397672568], [-73.8741206458489, 40.8508392063952], [-73.8741290890498, 40.8508356577645], [-73.8741358521256, 40.8508281910624], [-73.8741398082961, 40.8508181584924], [-73.8741409482675, 40.850810473078], [-73.8741409644285, 40.8508019319467], [-73.8741379794755, 40.8507771872577], [-73.8741473393353, 40.8507627405515], [-73.8742478083268, 40.8506168361532], [-73.8742614472421, 40.8505873796823], [-73.8743147906479, 40.8504182442407], [-73.8743509078607, 40.850324285676], [-73.8743773947027, 40.8502326137159], [-73.8743841997252, 40.8501608239313], [-73.8743792202485, 40.8500647314671], [-73.8743778986687, 40.8500486589124], [-73.8743801327263, 40.8500318157991], [-73.8744092841997, 40.8499381981472], [-73.8744803898404, 40.8496811839287], [-73.8745086869948, 40.8495160715455], [-73.8745222124442, 40.8493881919394], [-73.874538285315, 40.8492450805713], [-73.8745315252772, 40.8491850452246], [-73.8745321122161, 40.849171815046], [-73.8745299302943, 40.8491359396689], [-73.8745177035889, 40.8490581985843], [-73.8745161344927, 40.8490499249391], [-73.8745140678397, 40.8489732764462], [-73.8745133807336, 40.8489477971401], [-73.8745182174244, 40.8488430462738], [-73.8745302562689, 40.8487116755401], [-73.8745341181595, 40.8487037508874], [-73.8745420405935, 40.8486781368839], [-73.8745511242526, 40.8486328771906], [-73.8745568470417, 40.8485807790792], [-73.8745602509902, 40.8485654086224], [-73.8745670451876, 40.8485406470433], [-73.8745783441555, 40.8485141812114], [-73.8745957599658, 40.8484780889602], [-73.8746187131756, 40.8484305207109], [-73.8746246344325, 40.848422839649], [-73.8746477280654, 40.8484032187142], [-73.8746533650562, 40.8483972454881], [-73.8746538014988, 40.8483883860698], [-73.8746060647504, 40.8483432609633], [-73.8746101745102, 40.8482917861086], [-73.874598031355, 40.8481565513018], [-73.8745831986909, 40.8480546749703], [-73.8745913906514, 40.8479589749383], [-73.8746007792727, 40.8478154582941], [-73.8746251574523, 40.8476822874672], [-73.8746639985289, 40.8475130828952], [-73.8746859971887, 40.8474167987674], [-73.8746951684164, 40.8474022253119], [-73.8747030773682, 40.8473842970183], [-73.8747414982995, 40.8472531974933], [-73.8747764392765, 40.8471670022699], [-73.8749152131508, 40.8469537152338], [-73.8750254091538, 40.8467554830246], [-73.8751026736601, 40.8466312959286], [-73.8751515060773, 40.8465491274004], [-73.8751899046088, 40.8464535474143], [-73.8752299558773, 40.8463586643231], [-73.87527205123, 40.8462499446544], [-73.8753202314648, 40.8461105571713], [-73.875376679663, 40.8459384906355], [-73.8753855893442, 40.8458818033629], [-73.8753948778179, 40.8457596254585], [-73.8753966321361, 40.8456682092438], [-73.8754060653647, 40.8456010012528], [-73.8754278442229, 40.8455261721315], [-73.8755000628956, 40.8453211428652], [-73.875521023817, 40.8452656744422], [-73.8755827791515, 40.8451502860681], [-73.8756852462691, 40.8449714765449], [-73.8757340303891, 40.8448829871821], [-73.8757550979037, 40.8448483633685], [-73.8757706399376, 40.8448300515254], [-73.875821964792, 40.8447797961516], [-73.8758552133355, 40.8447403147255], [-73.8758846130448, 40.8447185409136], [-73.875924820126, 40.844691590947], [-73.8759365943674, 40.8446837287961], [-73.8760087126641, 40.8446412724663], [-73.8760232761755, 40.8446345082325], [-73.8760747561338, 40.8446147050127], [-73.8761606340708, 40.844594026402], [-73.8762510153805, 40.8445810860737], [-73.8762896020144, 40.8445741180168], [-73.8762975041092, 40.8445722021675], [-73.8763051258766, 40.8445699095531], [-73.876316669414, 40.8445655176228], [-73.8763258330713, 40.8445611303355], [-73.876340671466, 40.8445518964102], [-73.8763494891873, 40.8445447334474], [-73.8763603047929, 40.8445332672872], [-73.8763669416026, 40.8445237300879], [-73.8763702172658, 40.844517715594], [-73.8763906626374, 40.8444615331779], [-73.8763966145617, 40.8444485490807], [-73.8764063584677, 40.8444330539247], [-73.8764563946255, 40.8443630977162], [-73.8764700819998, 40.8443363451982], [-73.8764790088145, 40.8443100387538], [-73.8764944503015, 40.8442045462317], [-73.8764908702106, 40.8440488533743], [-73.8764870053735, 40.8440292661848], [-73.8764668877732, 40.8439524217289], [-73.8764662170297, 40.8439381635202], [-73.8765008359827, 40.8437585709642], [-73.876519892887, 40.8437157242737], [-73.8765579745183, 40.8436853273172], [-73.8765974082792, 40.8436477874046], [-73.8766447464342, 40.8435948800041], [-73.8766830511353, 40.843559903419], [-73.8767055860183, 40.8435385723082], [-73.8767202393383, 40.8435208644876], [-73.8767230670047, 40.843512113773], [-73.8767210666312, 40.8435050662136], [-73.876702289677, 40.8434962897301], [-73.8766843126063, 40.8434864479495], [-73.8767108126737, 40.8434491075843], [-73.87672151187, 40.8434420725939], [-73.8767338940104, 40.843436106554], [-73.8767530339337, 40.8434250239579], [-73.8767631694702, 40.8434182009387], [-73.8767733081638, 40.843409672367], [-73.876782323141, 40.8434002853418], [-73.876790217298, 40.8433891898062], [-73.876798116085, 40.8433755323028], [-73.8768048971076, 40.843358457226], [-73.8768119297268, 40.8433366872256], [-73.8768162064895, 40.8433234481633], [-73.8768331646081, 40.8432764884284], [-73.8768444842877, 40.8432372101737], [-73.8768478744145, 40.8432295280468], [-73.8768636628096, 40.8432064833084], [-73.8768693046414, 40.8431962390196], [-73.8768760907376, 40.8431757483144], [-73.8768795045749, 40.8431552512504], [-73.8768795456762, 40.8431330433574], [-73.8768773263258, 40.8431168131607], [-73.8768764123486, 40.8431135812758], [-73.8768809009164, 40.8431107036817], [-73.8768871626551, 40.8431025221621], [-73.8768881074505, 40.8430955893494]]]]}, "properties": {"campus_name": "NYC Parks cluster (4 lots)", "owner_key": "PARKS", "owner_label": "NYC Parks", "lot_count": 4, "bldg_area_sqft": 390750, "derivation": "contiguous lots, owner=PARKS, snap=0.0003deg", "kind": "campus", "owner_kind": "public"}}, {"type": "Feature", "geometry": {"type": "MultiPolygon", "coordinates": [[[[-73.9029427164156, 40.6767248267967], [-73.9029147751494, 40.6770018359333], [-73.9025554320695, 40.6769796361708], [-73.9026480747913, 40.6760605071325], [-73.9029897443281, 40.6760786385063], [-73.9029624404128, 40.6763495409623], [-73.9029247500333, 40.676723716602], [-73.9029427164156, 40.6767248267967]]], [[[-73.9032094680674, 40.6774765036244], [-73.9031807399174, 40.6777518462801], [-73.902937502225, 40.6777344468503], [-73.9024076644417, 40.6775361005455], [-73.9025276142549, 40.677360400031], [-73.9025501818926, 40.677167266676], [-73.9030615615852, 40.6771956290253], [-73.9030332743742, 40.6774667324244], [-73.9032094680674, 40.6774765036244]]], [[[-73.8984723255229, 40.6778180795311], [-73.8987521117824, 40.6776950752511], [-73.8987621351495, 40.6780635992551], [-73.8983968239494, 40.6780716853461], [-73.8983909637039, 40.6778561625411], [-73.8984723255229, 40.6778180795311]]], [[[-73.9027760466363, 40.6783586252176], [-73.9023706785531, 40.6781229107091], [-73.901628943644, 40.6776915940066], [-73.9017557252524, 40.6774846855696], [-73.9021174642175, 40.6776055206014], [-73.9032192752742, 40.6780410719925], [-73.903241517412, 40.6780498643892], [-73.9033466391334, 40.6786904117771], [-73.9033145992986, 40.6786717820133], [-73.9027760466363, 40.6783586252176]]], [[[-73.8984028119296, 40.6782918215729], [-73.8987681231246, 40.678283735462], [-73.8987713585971, 40.6784026810803], [-73.8984370925364, 40.6784100796433], [-73.898181632216, 40.6782829838892], [-73.8984024377839, 40.678278097418], [-73.8984028119296, 40.6782918215729]]], [[[-73.898931574138, 40.6777139493213], [-73.8989285975227, 40.6776190818817], [-73.899655014458, 40.6772893195018], [-73.8998288092218, 40.677210423718], [-73.900139329164, 40.6771807758093], [-73.9003440726851, 40.6771999181747], [-73.9017360768123, 40.6780197667161], [-73.9021839591624, 40.678283549043], [-73.9032772612581, 40.6789274366034], [-73.9034547068734, 40.6790319391708], [-73.9034660772269, 40.6790722557944], [-73.9034890391232, 40.6791397956183], [-73.9034908588557, 40.6791451489344], [-73.9035185096395, 40.6792093329456], [-73.90353269998, 40.6792422730316], [-73.9035607837987, 40.6792966633774], [-73.9036130798015, 40.6793835340213], [-73.9036795281239, 40.6794757564827], [-73.9035115146892, 40.6796439940389], [-73.9034726405277, 40.6796829176414], [-73.9034018489971, 40.6796404259979], [-73.9033316602255, 40.6796186898366], [-73.9032281890492, 40.6795866472328], [-73.9031957394356, 40.6795803063825], [-73.903158032587, 40.6795736910398], [-73.9030659096959, 40.6795621435566], [-73.9029836242891, 40.6795540029363], [-73.9029135375604, 40.6795492872541], [-73.9028381323094, 40.6795464679828], [-73.902769580602, 40.6795460201321], [-73.9027248241292, 40.6795465982997], [-73.9026967098755, 40.6795475056743], [-73.9025659799103, 40.6796784046314], [-73.9016211398296, 40.6797392131097], [-73.9014634009585, 40.6797263934683], [-73.9014152727386, 40.679878494238], [-73.9008105408259, 40.6795557404974], [-73.9006294201883, 40.6795093806351], [-73.8989619764132, 40.6786826774885], [-73.8989387458571, 40.6779424677218], [-73.898931574138, 40.6777139493213]]], [[[-73.9038462393415, 40.6805710914969], [-73.9038912515713, 40.680707148281], [-73.9039104958764, 40.6807653168867], [-73.9039551493162, 40.6808714069228], [-73.9039804765506, 40.6809309502893], [-73.9040179705693, 40.6810047131032], [-73.9040670561701, 40.6810954250622], [-73.904117284398, 40.6811780107969], [-73.9040444744708, 40.6812544056326], [-73.9039976214562, 40.6811846397025], [-73.903936295847, 40.6810780278633], [-73.9039008038239, 40.6810096698523], [-73.9038853414929, 40.6809782298829], [-73.9038711859725, 40.6809454582031], [-73.9038076177986, 40.6807914251624], [-73.9038050105267, 40.6807940524451], [-73.9037366330427, 40.6805982431107], [-73.9036198887281, 40.6802483466244], [-73.9035033943621, 40.6798990319901], [-73.9035933673279, 40.6798067343719], [-73.9038251731532, 40.6805074155478], [-73.9038462393415, 40.6805710914969]]]]}, "properties": {"campus_name": "NYC Transit Authority cluster (10 lots)", "owner_key": "NYCTA", "owner_label": "NYC Transit Authority", "lot_count": 10, "bldg_area_sqft": 374450, "derivation": "contiguous lots, owner=NYCTA, snap=0.0003deg", "kind": "campus", "owner_kind": "public"}}, {"type": "Feature", "geometry": {"type": "Polygon", "coordinates": [[[-73.9825924300231, 40.5866286993201], [-73.9827427624617, 40.5867289980069], [-73.9829606535837, 40.5868754970857], [-73.9829613068764, 40.5868754278267], [-73.9832207790813, 40.5868474516289], [-73.9834411855712, 40.5880269452189], [-73.9834135052657, 40.5880998575063], [-73.9834020314217, 40.5881259655799], [-73.9833859692182, 40.5881581731834], [-73.9833647213952, 40.588195298755], [-73.9833335415892, 40.5882419665095], [-73.9832979549729, 40.5882873459764], [-73.9832629959446, 40.5883260471448], [-73.9832224424304, 40.5883654310855], [-73.9832025412876, 40.5883829874306], [-73.9831833728402, 40.5883989446036], [-73.9831659957011, 40.5884126778047], [-73.9831405481865, 40.5884316174264], [-73.9831116156615, 40.5884516273166], [-73.9830772549528, 40.5884734987089], [-73.9830415372197, 40.5884942766006], [-73.9830005260889, 40.5885159092223], [-73.9829572448898, 40.5885364050324], [-73.9829057395891, 40.5885579613532], [-73.9828522762517, 40.5885773623174], [-73.9828055177724, 40.5885920311827], [-73.982771562863, 40.5886014167892], [-73.982741298601, 40.5886089189611], [-73.9827302734176, 40.5886114631307], [-73.9826989813879, 40.5886148362648], [-73.9824280177517, 40.5886440486379], [-73.9822359372287, 40.5886647572534], [-73.982240580297, 40.5886886614574], [-73.9822795907756, 40.5888894644262], [-73.9823259660329, 40.5891281751252], [-73.9808109448766, 40.5892914951065], [-73.9804098805939, 40.5893347263819], [-73.9803205425366, 40.5888565359075], [-73.9798130183229, 40.5889112411014], [-73.9797176162065, 40.5889103832522], [-73.9796552392309, 40.5889061929055], [-73.9796182413214, 40.5889023329755], [-73.9795786888389, 40.5888970525067], [-73.9795450911206, 40.5888916145439], [-73.979522804544, 40.5888875140804], [-73.9794914727658, 40.5888810715612], [-73.9794517277518, 40.5888717278163], [-73.9793986197753, 40.5888571172491], [-73.9793479611374, 40.588840788855], [-73.979303080063, 40.5888242400251], [-73.9792536938445, 40.5888035911095], [-73.9791978964457, 40.5887768948648], [-73.9791509192353, 40.5887513286228], [-73.979115878272, 40.5887301950873], [-73.9790796829461, 40.5887062895341], [-73.9790493152798, 40.5886844156698], [-73.9790212073349, 40.5886625053155], [-73.9790017182876, 40.5886315408191], [-73.9788257094548, 40.5883519148766], [-73.9788301696766, 40.5880915122833], [-73.9789983906437, 40.5875236720716], [-73.9791116927546, 40.5875114591214], [-73.9799652018557, 40.5874194641613], [-73.9798722584916, 40.5869219383165], [-73.9803586386606, 40.5868695111145], [-73.9805933859472, 40.5868442057648], [-73.9806458532461, 40.587125047411], [-73.9814599488329, 40.5870372887311], [-73.981407479388, 40.5867564474545], [-73.9823298056418, 40.5866570140331], [-73.9825476101079, 40.5866335319331], [-73.9825924300231, 40.5866286993201]]]}, "properties": {"campus_name": "NYC DOE schools cluster (4 lots)", "owner_key": "EDUC", "owner_label": "NYC DOE schools", "lot_count": 4, "bldg_area_sqft": 365776, "derivation": "contiguous lots, owner=EDUC, snap=0.0003deg", "kind": "campus", "owner_kind": "public"}}, {"type": "Feature", "geometry": {"type": "MultiPolygon", "coordinates": [[[[-73.9276091451542, 40.8166173325353], [-73.9279565573063, 40.8167083175822], [-73.9279328634857, 40.816767311419], [-73.9279049098941, 40.8168369114185], [-73.9275612788685, 40.8167486004193], [-73.9274750610833, 40.8167264426082], [-73.9274672628591, 40.816724437661], [-73.9274060777744, 40.8168539942146], [-73.9273447166277, 40.8169839216523], [-73.9277979380533, 40.8171003965867], [-73.9273075311744, 40.8181388532691], [-73.9271901558645, 40.8183873416173], [-73.9265151273452, 40.8182138621673], [-73.926907280971, 40.8173265707656], [-73.9269350946422, 40.8172612807148], [-73.9275569677328, 40.8164701189388], [-73.9275675220024, 40.816472882894], [-73.9276535969085, 40.8164954259663], [-73.9276091451542, 40.8166173325353]]], [[[-73.9273856974768, 40.816425263704], [-73.9267685793414, 40.8172100178627], [-73.9268854188884, 40.816941661904], [-73.9268006957467, 40.8169194720766], [-73.9268292251418, 40.8168543626203], [-73.9269145370605, 40.816876707653], [-73.9271412652165, 40.816361247121], [-73.9273856974768, 40.816425263704]]]]}, "properties": {"campus_name": "CUNY cluster (7 lots)", "owner_key": "CUNY", "owner_label": "CUNY", "lot_count": 7, "bldg_area_sqft": 365382, "derivation": "contiguous lots, owner=CUNY, snap=0.0003deg", "kind": "campus", "owner_kind": "public"}}, {"type": "Feature", "geometry": {"type": "MultiPolygon", "coordinates": [[[[-73.8863210693756, 40.83080338733], [-73.8857923589211, 40.8306213115607], [-73.8858023382023, 40.8305968126688], [-73.8858267219875, 40.8305369574653], [-73.8865963903262, 40.8300788053579], [-73.8871187663238, 40.8302597420291], [-73.8874413028732, 40.8299155618205], [-73.8878110843457, 40.8300436403286], [-73.8871940648805, 40.8310733657621], [-73.8871788384491, 40.8310987781322], [-73.8865206180387, 40.8308721070213], [-73.8865355889575, 40.8308471258315], [-73.8863360380414, 40.8307784061635], [-73.8863210693756, 40.83080338733]]], [[[-73.8854109244071, 40.8314465723036], [-73.8854308297538, 40.8313984614923], [-73.8856995160127, 40.8307784938625], [-73.8862404273994, 40.8309643587101], [-73.8858374215674, 40.8316341687091], [-73.8853719956065, 40.8315291361064], [-73.8853889749007, 40.8314948755884], [-73.8854109244071, 40.8314465723036]]], [[[-73.8859933748416, 40.8317420213509], [-73.8864216242125, 40.8310294864658], [-73.8870898209413, 40.8312605109801], [-73.8866625191799, 40.8319733724207], [-73.8859933748416, 40.8317420213509]]], [[[-73.88576023138, 40.8323106488948], [-73.8856700740357, 40.8322799282814], [-73.8859593886823, 40.831798567652], [-73.8862984931001, 40.8319141136738], [-73.886265483225, 40.8319690346936], [-73.8862345622629, 40.8320204810586], [-73.8861618186775, 40.8321415141819], [-73.8860845283694, 40.8322701123243], [-73.8860091804027, 40.8323954751445], [-73.8859238204164, 40.8323663902379], [-73.8858432095467, 40.8323389228321], [-73.88576023138, 40.8323106488948]]]]}, "properties": {"campus_name": "NYC DOE schools cluster (4 lots)", "owner_key": "EDUC", "owner_label": "NYC DOE schools", "lot_count": 4, "bldg_area_sqft": 361792, "derivation": "contiguous lots, owner=EDUC, snap=0.0003deg", "kind": "campus", "owner_kind": "public"}}, {"type": "Feature", "geometry": {"type": "Polygon", "coordinates": [[[-74.1035228591315, 40.6096850754961], [-74.1034844084434, 40.6096563149748], [-74.1034586435546, 40.6096343744938], [-74.1034347077536, 40.6096116425121], [-74.1026435048269, 40.6088668679919], [-74.1021389900442, 40.608435925807], [-74.10207540677, 40.6083823165601], [-74.1020244780605, 40.6083369232421], [-74.1019924598167, 40.6083071704744], [-74.1019628872805, 40.6082788005451], [-74.1019223668322, 40.6082384435785], [-74.1018882036656, 40.6082029860427], [-74.1018487099676, 40.6081602192722], [-74.1018216511083, 40.6081297299384], [-74.1017956773128, 40.6080994810007], [-74.1017627826855, 40.608059680015], [-74.1017333861871, 40.6080225756831], [-74.1017081904383, 40.6079895173504], [-74.1016905696919, 40.6079656510688], [-74.1016722504859, 40.6079401383579], [-74.1016507919852, 40.6079092829447], [-74.1016382948091, 40.6078909494344], [-74.1016233722693, 40.6078666764207], [-74.1016109547945, 40.6078432873345], [-74.1016019427683, 40.6078238305094], [-74.1015939749483, 40.6078041107332], [-74.1015865180126, 40.6077824399355], [-74.1015794845807, 40.6077571576759], [-74.1015727951545, 40.6077234155859], [-74.1015695292376, 40.6076954545829], [-74.1015682885038, 40.6076666857929], [-74.1015736246781, 40.6072730474665], [-74.1033991032817, 40.6074404026549], [-74.1034213050396, 40.6074388671488], [-74.1034360196381, 40.6074368286275], [-74.1034559405952, 40.6074327079333], [-74.1034737224288, 40.6074276066383], [-74.103493880254, 40.6074200052339], [-74.1035121915139, 40.6074111519024], [-74.1035249740948, 40.6074036543486], [-74.1035395766732, 40.6073934499571], [-74.1035541769472, 40.6073809834379], [-74.103564711542, 40.6073700542666], [-74.1035750655117, 40.6073569728934], [-74.1035836873982, 40.6073432672922], [-74.1035902654134, 40.6073296932093], [-74.1035950653092, 40.6073161738524], [-74.1036173312869, 40.607243307779], [-74.1036991493691, 40.6069755393492], [-74.1039041237802, 40.6069948910518], [-74.1040882854347, 40.6069834624752], [-74.1052426928087, 40.6070928710402], [-74.1054692219937, 40.6070656009483], [-74.1066112190173, 40.6068040729056], [-74.1077490880571, 40.6073623047258], [-74.1084007307355, 40.6073179167022], [-74.1089671117928, 40.6074192275016], [-74.1093604561166, 40.6075907006246], [-74.1098131025942, 40.6077880219083], [-74.1098253229592, 40.6079599650387], [-74.1098340617627, 40.6079763551997], [-74.1102028247882, 40.608668035696], [-74.1100979806142, 40.6087348702734], [-74.1099890686734, 40.6088013943311], [-74.1098671759474, 40.608872514429], [-74.10971375651, 40.6089572992455], [-74.1096378027153, 40.6089974161794], [-74.1095311114851, 40.6090518095115], [-74.1093432322261, 40.6088401918692], [-74.1091221556294, 40.6087866831123], [-74.1090867343794, 40.6088458018211], [-74.1090745671146, 40.6088665406969], [-74.1090543611651, 40.6088980520215], [-74.1090397293249, 40.6089189940195], [-74.1090264135588, 40.6089369054645], [-74.1090126728039, 40.6089543877087], [-74.1089956120424, 40.6089748520389], [-74.1089697345144, 40.6090036221149], [-74.1089550130593, 40.6090189207109], [-74.1089407186869, 40.6090331165741], [-74.1089205690718, 40.6090521267698], [-74.1088822272055, 40.6090854355665], [-74.1088505135177, 40.6091105181535], [-74.10882608599, 40.6091285021752], [-74.1087948509194, 40.6091499714515], [-74.1087561540958, 40.6091744247953], [-74.1087202741089, 40.6091951879081], [-74.1086690382861, 40.6092219664924], [-74.1086177867286, 40.6092457113319], [-74.1084960349761, 40.6092886560423], [-74.1084121297064, 40.6093146603525], [-74.1083236774422, 40.6093420737338], [-74.1081382057714, 40.609398174403], [-74.1079574329565, 40.6094476181733], [-74.1077923801896, 40.6094884010785], [-74.1076232974675, 40.6095259915626], [-74.1074253366691, 40.6095647587211], [-74.1072208636077, 40.6095990127991], [-74.1070212932818, 40.6096269051742], [-74.1068477149786, 40.6096467953239], [-74.1066571016313, 40.6096640210058], [-74.1040725129281, 40.6098243500165], [-74.1040292099383, 40.6098265307034], [-74.1039843098182, 40.6098266739868], [-74.103931174141, 40.609824057425], [-74.1038775374042, 40.6098183092521], [-74.1038258648877, 40.6098097253284], [-74.1037703420102, 40.6097969961627], [-74.103715965896, 40.6097807466274], [-74.1036605546759, 40.6097599396987], [-74.103608063882, 40.6097357439912], [-74.1035702201699, 40.6097151777723], [-74.1035228591315, 40.6096850754961]]]}, "properties": {"campus_name": "NYC DOE schools cluster (13 lots)", "owner_key": "EDUC", "owner_label": "NYC DOE schools", "lot_count": 13, "bldg_area_sqft": 335951, "derivation": "contiguous lots, owner=EDUC, snap=0.0003deg", "kind": "campus", "owner_kind": "public"}}, {"type": "Feature", "geometry": {"type": "MultiPolygon", "coordinates": [[[[-73.8952750322674, 40.6660911848651], [-73.8949468136635, 40.6661392901496], [-73.894590829581, 40.6661914628477], [-73.8945483538447, 40.6660266519346], [-73.8949043358697, 40.6659744811224], [-73.8949002148393, 40.6659584868831], [-73.8952292181067, 40.6659102680805], [-73.8952462802849, 40.66597764492], [-73.8952750322674, 40.6660911848651]]], [[[-73.8953481385067, 40.6674424621553], [-73.895275789004, 40.6674531727823], [-73.8952013493506, 40.6674641921772], [-73.8951348256601, 40.6674740399549], [-73.8951913115446, 40.6676964541504], [-73.8951242139556, 40.6677063869012], [-73.8950501773182, 40.6677173470827], [-73.894974361525, 40.6677285712998], [-73.8949178740297, 40.6675061560777], [-73.8946252238951, 40.6663538133972], [-73.8953251475097, 40.666243750044], [-73.8956214224522, 40.6674020061456], [-73.8954934844016, 40.6674209449741], [-73.8954241147971, 40.6674312153327], [-73.8953481385067, 40.6674424621553]]]]}, "properties": {"campus_name": "NYC DOE schools cluster (7 lots)", "owner_key": "EDUC", "owner_label": "NYC DOE schools", "lot_count": 7, "bldg_area_sqft": 331920, "derivation": "contiguous lots, owner=EDUC, snap=0.0003deg", "kind": "campus", "owner_kind": "public"}}, {"type": "Feature", "geometry": {"type": "Polygon", "coordinates": [[[-73.916913811822, 40.8136313497172], [-73.9167650802805, 40.8138907262781], [-73.9161891814611, 40.813699776349], [-73.9163038476641, 40.8134998131506], [-73.9163378792855, 40.8134404626566], [-73.916373903948, 40.8133776394766], [-73.9164096125987, 40.8133153661998], [-73.9164840017383, 40.8131856385649], [-73.916815125629, 40.8132953865673], [-73.917311811752, 40.8134600063214], [-73.9175249645849, 40.8135306517513], [-73.9186849900454, 40.8140209124544], [-73.9189990404798, 40.8141536363836], [-73.919003995789, 40.814155731681], [-73.9188276694235, 40.8143992958591], [-73.918650292149, 40.814644308831], [-73.9186448854475, 40.8146420393553], [-73.9180918497157, 40.8144101091507], [-73.9182696569386, 40.8141645056918], [-73.9176619854448, 40.8139076855043], [-73.9176629370428, 40.8138800921636], [-73.9174950918599, 40.8138242079796], [-73.9173391506749, 40.8140944356598], [-73.9171869414054, 40.8140306008829], [-73.9170986249596, 40.8140013171441], [-73.9172473756443, 40.8137419041988], [-73.9171656918663, 40.8137148314495], [-73.916913811822, 40.8136313497172]]]}, "properties": {"campus_name": "NYC Housing Authority cluster (5 lots)", "owner_key": "NYCHA", "owner_label": "NYC Housing Authority", "lot_count": 5, "bldg_area_sqft": 329880, "derivation": "contiguous lots, owner=NYCHA, snap=0.0003deg", "kind": "campus", "owner_kind": "public"}}, {"type": "Feature", "geometry": {"type": "Polygon", "coordinates": [[[-73.9191688417843, 40.8184785183403], [-73.9192281541035, 40.8183486677105], [-73.9192575238165, 40.8182843702959], [-73.9192881461088, 40.8182173344124], [-73.9193185531502, 40.8181507656894], [-73.9208598262673, 40.8185472151286], [-73.9217093384112, 40.8187657180062], [-73.9216378315884, 40.8189222757655], [-73.9216177452745, 40.8189662739001], [-73.9215980012413, 40.8190094834407], [-73.9215674035416, 40.8190764730964], [-73.921548256075, 40.8191183799567], [-73.9215259591958, 40.8191672104844], [-73.921499065617, 40.8192260900382], [-73.9217535860349, 40.8192915535416], [-73.9216863297371, 40.8194388076136], [-73.9216780429432, 40.8194569487609], [-73.9216421864309, 40.8195354531455], [-73.9216313208301, 40.8195592432147], [-73.9213908161835, 40.8200857971618], [-73.9202867655954, 40.8198018258107], [-73.9205272779515, 40.8192752740569], [-73.9189859899533, 40.8188788203036], [-73.9190410030853, 40.8187583859523], [-73.9190791858207, 40.818674793499], [-73.918729027981, 40.8185847208813], [-73.9188186836428, 40.8183884477462], [-73.9191688417843, 40.8184785183403]]]}, "properties": {"campus_name": "NYC DOE schools cluster (7 lots)", "owner_key": "EDUC", "owner_label": "NYC DOE schools", "lot_count": 7, "bldg_area_sqft": 328530, "derivation": "contiguous lots, owner=EDUC, snap=0.0003deg", "kind": "campus", "owner_kind": "public"}}, {"type": "Feature", "geometry": {"type": "MultiPolygon", "coordinates": [[[[-74.0227231123982, 40.6369321216632], [-74.0249082835148, 40.6378124873569], [-74.0240802201255, 40.6385971355021], [-74.0223974177479, 40.6376106230614], [-74.0221689835306, 40.6374767043662], [-74.0227231123982, 40.6369321216632]]], [[[-74.026803637335, 40.6394634623582], [-74.0262935687253, 40.6399563116078], [-74.0242744135792, 40.6387351442223], [-74.0247760699001, 40.6382487281864], [-74.026803637335, 40.6394634623582]]], [[[-74.0310149551117, 40.6384528642668], [-74.0353895934953, 40.6398121310515], [-74.0353367076148, 40.639890206123], [-74.0352809694245, 40.6399622494002], [-74.0352090698985, 40.6400453766916], [-74.0351315134469, 40.6401328164812], [-74.0350539506453, 40.6402085593704], [-74.0350012647707, 40.6402658132769], [-74.0349165985604, 40.6403424732382], [-74.0347671056687, 40.6404685947195], [-74.0346855110738, 40.640535442373], [-74.0345942821443, 40.6406058300646], [-74.0344889551958, 40.6406794611083], [-74.0343619227148, 40.6407588131935], [-74.0342583076417, 40.6408267738745], [-74.0341536560693, 40.6408864544785], [-74.0340451618034, 40.6409408176128], [-74.0338854366983, 40.6410250380569], [-74.0337005877219, 40.6411046766575], [-74.0335846052278, 40.641152530864], [-74.0333713253322, 40.6412297565792], [-74.0331491552955, 40.6413029222062], [-74.0330329378543, 40.6413362478102], [-74.0329562824587, 40.6413587251558], [-74.0329041900745, 40.6413713158664], [-74.0327995163544, 40.6413972905496], [-74.0326576801199, 40.6414270499062], [-74.0325207970107, 40.6414563356716], [-74.0324212681165, 40.6414732160815], [-74.0322899929045, 40.6414925800248], [-74.0319590397585, 40.6415328229428], [-74.0313234590722, 40.6421365974296], [-74.0307269913325, 40.6427006532104], [-74.0286328940888, 40.6414453224005], [-74.0293408329224, 40.6407878940944], [-74.0305150772842, 40.6396973916914], [-74.0310149551117, 40.6384528642668]]], [[[-74.0284068778733, 40.6412728976539], [-74.0272100588949, 40.6405462767055], [-74.0264552187847, 40.6400879790247], [-74.0269636124996, 40.6395989872463], [-74.0289158610763, 40.6407842601682], [-74.0284068778733, 40.6412728976539]]]]}, "properties": {"campus_name": "NYC Parks cluster (5 lots)", "owner_key": "PARKS", "owner_label": "NYC Parks", "lot_count": 5, "bldg_area_sqft": 322648, "derivation": "contiguous lots, owner=PARKS, snap=0.0003deg", "kind": "campus", "owner_kind": "public"}}, {"type": "Feature", "geometry": {"type": "MultiPolygon", "coordinates": [[[[-73.9011592609433, 40.83900603737], [-73.9013057385738, 40.8387519146278], [-73.9013597751828, 40.8387701831998], [-73.9014451682804, 40.8387990531223], [-73.9008717801026, 40.8398214086625], [-73.9002992633477, 40.8396381591056], [-73.9008339268257, 40.8388960455643], [-73.9010375623739, 40.8389648920998], [-73.9011592609433, 40.83900603737]]], [[[-73.9007748876774, 40.8399805561358], [-73.9000909846762, 40.8411972624844], [-73.8993521605972, 40.8409573328274], [-73.9001901077682, 40.8397906524696], [-73.9007748876774, 40.8399805561358]]], [[[-73.8992601514272, 40.8410813054277], [-73.9000196969685, 40.8413261883374], [-73.8993074364839, 40.8425889397689], [-73.8985130708901, 40.8423328285391], [-73.8988704165074, 40.8416215452409], [-73.8992601514272, 40.8410813054277]]], [[[-73.8982824680311, 40.8415097371074], [-73.8985817074918, 40.8416074898723], [-73.8982515094904, 40.8422548800528], [-73.8979171017086, 40.8421456393221], [-73.8981543534901, 40.8416921253759], [-73.8981878220416, 40.8417030581084], [-73.8982824680311, 40.8415097371074]]], [[[-73.8989017613357, 40.8438742231553], [-73.8988485538222, 40.8438566330691], [-73.8994399603366, 40.8427949568946], [-73.900181590582, 40.8430356860958], [-73.8996632571501, 40.8439595182311], [-73.8989017613357, 40.8438742231553]]]]}, "properties": {"campus_name": "NYC Economic Development Corp cluster (5 lots)", "owner_key": "EDC", "owner_label": "NYC Economic Development Corp", "lot_count": 5, "bldg_area_sqft": 313779, "derivation": "contiguous lots, owner=EDC, snap=0.0003deg", "kind": "campus", "owner_kind": "public"}}, {"type": "Feature", "geometry": {"type": "MultiPolygon", "coordinates": [[[[-73.8988889468168, 40.6513935281744], [-73.8988545358842, 40.6514494219223], [-73.8985476231125, 40.6519479143758], [-73.8985049157621, 40.6520172805256], [-73.8984445213486, 40.6521153729337], [-73.8982261336414, 40.6524700767368], [-73.8981629113031, 40.652572759992], [-73.8981150796663, 40.6526670901399], [-73.8980557370362, 40.6527956954282], [-73.8980149616514, 40.6529015430646], [-73.8979748111091, 40.653034007882], [-73.8979413813134, 40.653194923369], [-73.8976348648256, 40.653328376037], [-73.8960498337923, 40.6519035289929], [-73.8974070463822, 40.6510264128342], [-73.8980335560546, 40.6506215098245], [-73.8988889468168, 40.6513935281744]]], [[[-73.8986001771803, 40.6522550158222], [-73.8987032799786, 40.6520875562908], [-73.8990118706184, 40.6515863353744], [-73.8990302304594, 40.6515565146442], [-73.899308704469, 40.6518063355436], [-73.8993361798073, 40.6517885743927], [-73.8996711193386, 40.6520890466232], [-73.8981920288347, 40.6530452038113], [-73.8982166838769, 40.6529638620258], [-73.898256104591, 40.6528615260525], [-73.8983142546271, 40.6527355058266], [-73.8983605206173, 40.6526442665824], [-73.8984250405843, 40.6525394745136], [-73.8986001771803, 40.6522550158222]]], [[[-73.898556263905, 40.6530871305143], [-73.8989695418743, 40.652822553745], [-73.9001036154062, 40.6538405397629], [-73.8996903356302, 40.6541051204926], [-73.899576851525, 40.6541777733974], [-73.899543128733, 40.6541993627522], [-73.8991898199577, 40.6544255464556], [-73.899084114241, 40.6540124987384], [-73.8988953716106, 40.6537186849016], [-73.898907828619, 40.6541397726326], [-73.8989181279428, 40.6541806940103], [-73.8989700224329, 40.6543868852723], [-73.8989520400687, 40.6543894629726], [-73.8989272922377, 40.6542911308076], [-73.8982989809951, 40.6543811960881], [-73.8982133273538, 40.6540378348125], [-73.8982134621619, 40.6539494751675], [-73.8982144196362, 40.6533218942876], [-73.8983170957521, 40.6532561401495], [-73.8984319432531, 40.653182589154], [-73.8987209380674, 40.6534471432448], [-73.8986637827264, 40.6533581695078], [-73.8985090797886, 40.6531173381831], [-73.898556263905, 40.6530871305143]]]]}, "properties": {"campus_name": "NYC DCAS (citywide municipal) cluster (5 lots)", "owner_key": "DCAS", "owner_label": "NYC DCAS (citywide municipal)", "lot_count": 5, "bldg_area_sqft": 311786, "derivation": "contiguous lots, owner=DCAS, snap=0.0003deg", "kind": "campus", "owner_kind": "public"}}, {"type": "Feature", "geometry": {"type": "MultiPolygon", "coordinates": [[[[-73.763152127634, 40.656108040474], [-73.7630647640196, 40.6562595270598], [-73.7630373802114, 40.656307010074], [-73.7629794047738, 40.6564075372255], [-73.7629247237573, 40.6565023520412], [-73.76292025373, 40.656510103512], [-73.7626927341167, 40.6564308856034], [-73.7626236063277, 40.6564068188098], [-73.7626279913491, 40.6563990383967], [-73.7626785491894, 40.6563093356256], [-73.7627354099576, 40.6562084460787], [-73.7628479554828, 40.6560087572666], [-73.7628986470652, 40.655918811467], [-73.7632020586149, 40.656021461018], [-73.763152127634, 40.656108040474]]], [[[-73.7635822994054, 40.6564326445054], [-73.7637186429198, 40.6561962273776], [-73.763976466749, 40.6562834516065], [-73.7641115107371, 40.6563291373703], [-73.7639875869082, 40.6565440246635], [-73.7642090098258, 40.6565270690951], [-73.7643025149883, 40.6565199088246], [-73.7643511906859, 40.6565161813826], [-73.7643691202402, 40.6565148096745], [-73.7646502214499, 40.6585289717666], [-73.7646318461615, 40.6585271529335], [-73.7642934716949, 40.6584763460418], [-73.7640716169861, 40.6584430357959], [-73.7617070851129, 40.6581575982018], [-73.7619428357089, 40.6566831062618], [-73.761948033991, 40.6566731023306], [-73.7619535872162, 40.656664697569], [-73.7619602087499, 40.6566564831738], [-73.761966180031, 40.6566502153198], [-73.7619745394507, 40.6566427394009], [-73.7619828141357, 40.6566364744723], [-73.7619890117857, 40.656632371908], [-73.7619983155621, 40.6566270042847], [-73.7620068950771, 40.6566227742963], [-73.7620203554622, 40.6566173251686], [-73.7620333840469, 40.6566132511239], [-73.7620425607508, 40.6566110151834], [-73.7620544923939, 40.6566088336318], [-73.7620669890542, 40.6566073799301], [-73.7620805529441, 40.6566067271516], [-73.76209720008, 40.6566072199652], [-73.7624245400154, 40.6566123424734], [-73.7624561326497, 40.6566123743423], [-73.7625263839816, 40.6564955868527], [-73.762857742122, 40.6566109571499], [-73.7630538828212, 40.6566051972764], [-73.7631223400338, 40.6566021171454], [-73.7631774178752, 40.6565996397334], [-73.7632010920666, 40.6565985754432], [-73.7633445923594, 40.6565921196384], [-73.7634207354835, 40.6565886930558], [-73.7634433227139, 40.6565876769284], [-73.7638611979454, 40.6565541375166], [-73.7639291916582, 40.6565486793856], [-73.7638405998029, 40.6565190460335], [-73.7635822994054, 40.6564326445054]]], [[[-73.7633222764715, 40.6563456670253], [-73.7631805474474, 40.656591422679], [-73.7631760786553, 40.6565991732407], [-73.7630481549174, 40.6565546339065], [-73.7630526249313, 40.6565468833522], [-73.7631935096285, 40.6563025939558], [-73.7633222764715, 40.6563456670253]]]]}, "properties": {"campus_name": "NYC Economic Development Corp cluster (8 lots)", "owner_key": "EDC", "owner_label": "NYC Economic Development Corp", "lot_count": 8, "bldg_area_sqft": 305980, "derivation": "contiguous lots, owner=EDC, snap=0.0003deg", "kind": "campus", "owner_kind": "public"}}, {"type": "Feature", "geometry": {"type": "MultiPolygon", "coordinates": [[[[-74.003678258797, 40.7492532902029], [-74.0038038975596, 40.7493062169448], [-74.0038174924599, 40.7493119427781], [-74.0036387137672, 40.7495569592174], [-74.0034618434545, 40.7497993602666], [-74.0034458636991, 40.7497926285354], [-74.0033259851622, 40.7497421334896], [-74.0033084032596, 40.7497347282375], [-74.0036640541421, 40.7492473067827], [-74.003678258797, 40.7492532902029]]], [[[-74.002906174364, 40.750289533764], [-74.0029517195948, 40.7502272202267], [-74.0030366610885, 40.7501110175815], [-74.0030493016441, 40.7501163212961], [-74.0032332499509, 40.7498646635359], [-74.003235573241, 40.7498656386966], [-74.0033608954171, 40.7499182273543], [-74.003369617639, 40.7499218876475], [-74.0034414967399, 40.7499520497523], [-74.0032558711434, 40.7502060204214], [-74.0031879292153, 40.7501775096257], [-74.0030124279718, 40.7504175928766], [-74.0030000821893, 40.7504123819286], [-74.0029123106171, 40.7503753202539], [-74.002780818567, 40.7503197974686], [-74.0028272887171, 40.7502562242052], [-74.002906174364, 40.750289533764]]], [[[-74.0025834454406, 40.7507256195817], [-74.0026253786384, 40.7506673027851], [-74.0026682886927, 40.7506076288158], [-74.0027120594374, 40.7505467572151], [-74.002756542914, 40.750484895883], [-74.0028001309198, 40.7505033156107], [-74.0028964389604, 40.7505440125196], [-74.0029087682583, 40.7505492224753], [-74.0027373348426, 40.7507876347492], [-74.002558701039, 40.7510360570162], [-74.002541189946, 40.751028657001], [-74.0024407510702, 40.7509862138146], [-74.0024064737122, 40.7509717299658], [-74.0024532299841, 40.7509067070234], [-74.0025834454406, 40.7507256195817]]], [[[-74.0022900030884, 40.751409190894], [-74.002112705071, 40.7516530846534], [-74.0019857205358, 40.7515995329238], [-74.0019556679486, 40.7515868587701], [-74.0020020403144, 40.7515230697586], [-74.0016815219045, 40.7513880737149], [-74.0017677719623, 40.7512694272056], [-74.0018541590014, 40.7511505923936], [-74.0021746778283, 40.7512855870414], [-74.0022161227884, 40.751228573414], [-74.0022595189331, 40.7511688770876], [-74.0023057935827, 40.7511052212228], [-74.0023411366615, 40.7511201076527], [-74.0024420742414, 40.7511626184276], [-74.0025014472135, 40.7511876251578], [-74.0027018829727, 40.7512720420951], [-74.002529009434, 40.7515098525524], [-74.002605740072, 40.7515421691458], [-74.0026875152685, 40.751576611623], [-74.0028440557264, 40.7516425392773], [-74.0026665910276, 40.7518866670463], [-74.002510097475, 40.7518206716377], [-74.0024283457215, 40.7517861956543], [-74.0022705264476, 40.7517196407649], [-74.0024478713675, 40.7514756800859], [-74.0022900030884, 40.751409190894]]]]}, "properties": {"campus_name": "NYC Parks cluster (4 lots)", "owner_key": "PARKS", "owner_label": "NYC Parks", "lot_count": 4, "bldg_area_sqft": 300446, "derivation": "contiguous lots, owner=PARKS, snap=0.0003deg", "kind": "campus", "owner_kind": "public"}}, {"type": "Feature", "geometry": {"type": "MultiPolygon", "coordinates": [[[[-73.9342184813017, 40.8449148060178], [-73.9343407169539, 40.8449661551096], [-73.9343585925432, 40.8449736654681], [-73.9344986245288, 40.8450324896495], [-73.9343129131968, 40.8452860258303], [-73.934172881943, 40.8452272015092], [-73.9340327715442, 40.8451683409165], [-73.9338942462199, 40.8451101474037], [-73.9340799563429, 40.8448566127254], [-73.9342029847468, 40.8449082947105], [-73.9342184813017, 40.8449148060178]]], [[[-73.932988055967, 40.8455334360478], [-73.9333406966709, 40.8450520261897], [-73.933653726305, 40.8451835300654], [-73.9334766628457, 40.8454252599155], [-73.9336158975468, 40.8454836137047], [-73.933749819774, 40.8455397418766], [-73.9339267329566, 40.8452982185816], [-73.9342055922964, 40.8454153645899], [-73.9340288354691, 40.8456566776598], [-73.9338529630865, 40.8458967789061], [-73.9334402509442, 40.8457234019939], [-73.9333010931169, 40.8456649426294], [-73.932988055967, 40.8455334360478]]], [[[-73.9334194460637, 40.8462184700837], [-73.9332992150482, 40.8461614210065], [-73.9331896373178, 40.8461094261992], [-73.9330358759791, 40.8460364665075], [-73.9330528635998, 40.8460132742554], [-73.9332020241415, 40.8458096458211], [-73.933473388494, 40.8459236447628], [-73.9337485966421, 40.8460392571272], [-73.933566285126, 40.8462881439241], [-73.9334194460637, 40.8462184700837]]]]}, "properties": {"campus_name": "NYC Housing Authority cluster (9 lots)", "owner_key": "NYCHA", "owner_label": "NYC Housing Authority", "lot_count": 9, "bldg_area_sqft": 283796, "derivation": "contiguous lots, owner=NYCHA, snap=0.0003deg", "kind": "campus", "owner_kind": "public"}}, {"type": "Feature", "geometry": {"type": "Polygon", "coordinates": [[[-73.8953225227542, 40.673492962111], [-73.8952961246225, 40.6733892499882], [-73.8956526814306, 40.6733368217266], [-73.8960683021117, 40.6732757061669], [-73.8963060610322, 40.6742166175368], [-73.8959585924178, 40.6742664148629], [-73.8958900928878, 40.6742762378635], [-73.8958835559132, 40.6742503736759], [-73.8958694287909, 40.674194469494], [-73.8958566899347, 40.6741440605836], [-73.8958391138506, 40.6740745212198], [-73.8958225641435, 40.674009036072], [-73.8958055348324, 40.6739416521363], [-73.8957885054457, 40.6738742681974], [-73.8957586011958, 40.6737559422052], [-73.8957286981522, 40.6736376161195], [-73.8953723416991, 40.6736886814586], [-73.8953429776509, 40.6735733157719], [-73.8953225227542, 40.673492962111]]]}, "properties": {"campus_name": "NYC DOE schools cluster (4 lots)", "owner_key": "EDUC", "owner_label": "NYC DOE schools", "lot_count": 4, "bldg_area_sqft": 278129, "derivation": "contiguous lots, owner=EDUC, snap=0.0003deg", "kind": "campus", "owner_kind": "public"}}, {"type": "Feature", "geometry": {"type": "MultiPolygon", "coordinates": [[[[-73.9505976437652, 40.6875774037094], [-73.9506089945808, 40.6876366137439], [-73.9505339791057, 40.687645092338], [-73.9504633032288, 40.6876530800723], [-73.9503907533028, 40.6876612804587], [-73.9503200112224, 40.6876692761911], [-73.9502485816138, 40.6876773490538], [-73.9501770964813, 40.6876854290426], [-73.9501050930875, 40.687693567325], [-73.9500352002435, 40.687701466875], [-73.9499624065345, 40.6877096939072], [-73.9498920381687, 40.6877176463705], [-73.9498197697033, 40.6877258140584], [-73.949749668614, 40.6877337376881], [-73.9496767375516, 40.6877419797063], [-73.949602550041, 40.6877503652751], [-73.9488543442808, 40.6878349238791], [-73.9481302991642, 40.6879167465255], [-73.9481189952684, 40.6878577739497], [-73.9481046964534, 40.6877831644848], [-73.9480901679117, 40.6877073607405], [-73.9481681144044, 40.687698423169], [-73.9481547519843, 40.6876305616265], [-73.9482141472627, 40.687623750771], [-73.9482691685984, 40.6876174413063], [-73.9483269348142, 40.687610816977], [-73.9483832291552, 40.6876043621259], [-73.9484457537546, 40.6875971923949], [-73.9485263360317, 40.6875879513182], [-73.9486009388455, 40.6875793964624], [-73.948690078444, 40.6875691749087], [-73.9487826348052, 40.6875585603447], [-73.948800968144, 40.6875564577403], [-73.9488391515249, 40.6875520792667], [-73.9489000693018, 40.6875450922096], [-73.9489611137965, 40.6875380926276], [-73.9490577398567, 40.6875270113985], [-73.9492051895391, 40.6875101028004], [-73.9492294347914, 40.6875073219063], [-73.9492430528245, 40.6875764756612], [-73.9494195251322, 40.6875562377547], [-73.949405906922, 40.6874870840192], [-73.9495489387725, 40.6874706809441], [-73.9495832012097, 40.6874667516865], [-73.9496231012312, 40.6874621755956], [-73.9496960119714, 40.6874538138005], [-73.9497629728453, 40.6874461347121], [-73.949766089119, 40.687445776748], [-73.9498383348466, 40.6874374919597], [-73.9499086805882, 40.6874294233964], [-73.9499534169844, 40.6874242937053], [-73.9499814504588, 40.6874210785098], [-73.9500261455162, 40.687415952369], [-73.9500513217784, 40.6874130654568], [-73.9500943828484, 40.6874081268172], [-73.9501233036415, 40.687404810157], [-73.9501582806704, 40.6874007982138], [-73.9501947661467, 40.6873966130664], [-73.9502161327908, 40.6873941630186], [-73.9502661718091, 40.687388423185], [-73.9503018941426, 40.687384326856], [-73.9503368924708, 40.6873803139476], [-73.950385236054, 40.6873747678432], [-73.9504094196554, 40.6873719947872], [-73.9504800740064, 40.6873638917928], [-73.9505550644248, 40.687355290827], [-73.9505657269678, 40.6874109129453], [-73.9505757059312, 40.6874629659656], [-73.9505861892888, 40.687517652427], [-73.9505976437652, 40.6875774037094]]], [[[-73.9509765133932, 40.6880575603006], [-73.9510324492567, 40.6883349937037], [-73.9509588704132, 40.6883434496781], [-73.9508822142609, 40.6883522590958], [-73.9508055569878, 40.6883610685457], [-73.9507515079631, 40.6880834179026], [-73.950726933694, 40.6880862422299], [-73.9506703658058, 40.6880927431212], [-73.950599386555, 40.6881009001386], [-73.9505227295353, 40.6881097093166], [-73.950446073594, 40.6881185185291], [-73.9503719330305, 40.6881270387223], [-73.950302658485, 40.6881350000227], [-73.950227081519, 40.6881436861555], [-73.9501615846025, 40.688151212212], [-73.9500884224294, 40.6881596192026], [-73.9499971739621, 40.6881701057105], [-73.9500512198078, 40.6884477566197], [-73.9490876487353, 40.6885584820934], [-73.9489808036137, 40.688009534764], [-73.9499441832123, 40.687897877113], [-73.9506719482613, 40.6878135206019], [-73.9506831739753, 40.6878692005901], [-73.9509327528809, 40.6878405187535], [-73.9509436923509, 40.6878947784511], [-73.9509546319481, 40.6879490390687], [-73.9509655726617, 40.6880032996853], [-73.9509765133932, 40.6880575603006]]], [[[-73.9504671537609, 40.6888636477207], [-73.9505160568876, 40.688858039726], [-73.9505310623866, 40.6888563189158], [-73.9505902219733, 40.6888495355964], [-73.9506444504211, 40.6891274907239], [-73.9505702886471, 40.689136013713], [-73.9504993697174, 40.6891441626618], [-73.9504272286084, 40.6891524541012], [-73.9503556069483, 40.6891606854841], [-73.9502835616522, 40.6891689651621], [-73.9502125906607, 40.6891771211076], [-73.9501399796991, 40.6891854652881], [-73.9500693624941, 40.6891935807229], [-73.9499994065302, 40.689201620772], [-73.9499247179819, 40.6892102025989], [-73.9491535045068, 40.6892988271537], [-73.9484297090166, 40.6893819979732], [-73.94841873498, 40.6893257343541], [-73.9484088168216, 40.6892748932616], [-73.9483995891264, 40.6892275887364], [-73.9483892184431, 40.6891744213346], [-73.9484633829428, 40.6891659168204], [-73.9484529533286, 40.6891124378447], [-73.9484495526734, 40.6890949816682], [-73.948441605783, 40.6890542739547], [-73.9484307366617, 40.6889985534232], [-73.9484205758496, 40.6889464595678], [-73.9483953568056, 40.6888171750185], [-73.9491947285713, 40.6887255080811], [-73.9492489264715, 40.6890033314238], [-73.9493095415028, 40.6889963819163], [-73.9493701577293, 40.6889894313736], [-73.9494307739432, 40.6889824808827], [-73.949491927305, 40.6889754701914], [-73.9495602869836, 40.6889676323769], [-73.9496267004713, 40.6889600170456], [-73.9496987408841, 40.6889517565998], [-73.9497683227817, 40.6889437787292], [-73.9498405228685, 40.6889354993573], [-73.9498704558932, 40.6889320670807], [-73.9499109576823, 40.6889274236391], [-73.9499451499488, 40.6889235032795], [-73.9499853950727, 40.6889188885619], [-73.9500151068227, 40.6889154812506], [-73.9500533393737, 40.6889110979617], [-73.9500857296617, 40.6889073839222], [-73.9501213499376, 40.6889032993179], [-73.9501583426229, 40.6888990576798], [-73.9501888683928, 40.6888955571421], [-73.9502293169362, 40.6888909198398], [-73.9502523783047, 40.6888882750871], [-73.9503013654437, 40.6888826572637], [-73.9503218061876, 40.6888803139659], [-73.9502676004148, 40.6886024703741], [-73.9504129486074, 40.6885858005994], [-73.9504671537609, 40.6888636477207]]]]}, "properties": {"campus_name": "NYC Housing Authority cluster (39 lots)", "owner_key": "NYCHA", "owner_label": "NYC Housing Authority", "lot_count": 39, "bldg_area_sqft": 270785, "derivation": "contiguous lots, owner=NYCHA, snap=0.0003deg", "kind": "campus", "owner_kind": "public"}}, {"type": "Feature", "geometry": {"type": "MultiPolygon", "coordinates": [[[[-74.0003048618355, 40.5717201402093], [-73.9969152882448, 40.57133680979], [-73.9958206903972, 40.5713094226401], [-73.993467645499, 40.5715137069561], [-73.9922960538248, 40.571452714767], [-73.9903655816621, 40.5716344210821], [-73.9873259682646, 40.5723767014489], [-73.98515674257, 40.5724145384406], [-73.9807338790401, 40.5729142530774], [-73.9735939075474, 40.5736658815663], [-73.9720207171052, 40.5738572236993], [-73.9713564092821, 40.5739491332573], [-73.9704658165994, 40.5740894364449], [-73.9689144405543, 40.5743611378024], [-73.9673730917453, 40.5746542652517], [-73.9668710601903, 40.574609948146], [-73.9663673421752, 40.5745786778403], [-73.9658625220752, 40.5745604905415], [-73.9653571828506, 40.5745554079963], [-73.9648519064724, 40.5745634366531], [-73.9643472819483, 40.5745845650626], [-73.9638438936854, 40.5746187726727], [-73.9633423211652, 40.5746660155926], [-73.9592357921562, 40.5750505310679], [-73.9591458444809, 40.5738491810028], [-73.9591751828071, 40.5738527241352], [-73.9592390313264, 40.573858725448], [-73.959370083889, 40.573874147407], [-73.9594260888351, 40.5738792903152], [-73.9594787356398, 40.5738835809193], [-73.9595347438774, 40.5738853089518], [-73.9595963541454, 40.5738861844045], [-73.9596702847609, 40.573886210381], [-73.9598192730526, 40.5738819922352], [-73.9599895464114, 40.5738735102079], [-73.9604422100282, 40.5736900211458], [-73.9610225270741, 40.5735825941671], [-73.9613059527118, 40.5735451065748], [-73.9618347194148, 40.5734735341487], [-73.9623623538798, 40.57341818814], [-73.962792542127, 40.5733474318161], [-73.9630401149961, 40.5733227418901], [-73.9634377994287, 40.5732818682376], [-73.9636640842072, 40.5732648552808], [-73.9640852841676, 40.5732376567455], [-73.964472862354, 40.573240338394], [-73.9649567921621, 40.5732165717902], [-73.9651819568073, 40.5731969934416], [-73.9659381100059, 40.5731254708176], [-73.9664343698454, 40.5730786374172], [-73.9666976284774, 40.5730419843137], [-73.9673137566566, 40.5729755359119], [-73.9673428871898, 40.5729618787891], [-73.9673821079485, 40.5729311387725], [-73.9674638748708, 40.5729448292055], [-73.9676464614367, 40.5729431724781], [-73.9681707189307, 40.5729048827532], [-73.968497821407, 40.5728776384184], [-73.968958256897, 40.5727795344742], [-73.9691240547793, 40.5727488307538], [-73.9693851141233, 40.5726190664976], [-73.9693552846026, 40.5725617131302], [-73.9693524583585, 40.5725561729587], [-73.9692485760204, 40.5723525305458], [-73.9692821868416, 40.5723405805813], [-73.9693976969956, 40.5725561729714], [-73.969445589682, 40.5726455616494], [-73.9695867352806, 40.5726387668574], [-73.9700695247663, 40.5726397473347], [-73.9703047712308, 40.5726124738035], [-73.9703305362528, 40.5726099175635], [-73.970591556939, 40.5725561729701], [-73.971088938255, 40.5724930904423], [-73.9713589432309, 40.5723855345754], [-73.9711899287316, 40.5720831158735], [-73.9711720229869, 40.5720480935507], [-73.9711888635097, 40.5720228390128], [-73.9712157028191, 40.5720617681531], [-73.9713623164704, 40.5723513695148], [-73.9714933839349, 40.5723368802583], [-73.971963841691, 40.5723583501259], [-73.9722651723431, 40.5723379246106], [-73.9725217035976, 40.5723021103053], [-73.9727513603062, 40.5722415200502], [-73.9733171175451, 40.5720494654719], [-73.9732777761277, 40.5719294604976], [-73.9732701410812, 40.5718769113107], [-73.9732556333782, 40.5717376805067], [-73.9732505035027, 40.5716842160542], [-73.9732894184058, 40.5716889114263], [-73.9733354184537, 40.5719111878404], [-73.9733786950296, 40.5721254984941], [-73.9734627040731, 40.5721323520138], [-73.9736116854123, 40.5721366584372], [-73.9742580281793, 40.5720983670682], [-73.9748293510179, 40.5719797630488], [-73.9751127906848, 40.5718781798572], [-73.9754869538109, 40.571785157732], [-73.9754399914468, 40.5715562297693], [-73.9754343980952, 40.5715348744756], [-73.9754332646204, 40.5715182333927], [-73.9754288378891, 40.5714263950923], [-73.9754475469866, 40.5714248592136], [-73.9754766828382, 40.5714737242826], [-73.9754836909514, 40.5715178020107], [-73.9754881651615, 40.5715348859597], [-73.9755250397033, 40.5717808928245], [-73.9756392940432, 40.571783481845], [-73.9757815503478, 40.5717911987702], [-73.9761343974483, 40.5717929808997], [-73.9763640418727, 40.5717562987384], [-73.9766116065061, 40.5717204751265], [-73.9771168344116, 40.5716044100706], [-73.9773565679234, 40.5715352694022], [-73.9774607523918, 40.571505395089], [-73.9776489714276, 40.5714046397638], [-73.9776411428648, 40.5713662002292], [-73.9776243664938, 40.5712918856773], [-73.977616537434, 40.5712517378487], [-73.9776232664835, 40.5712303840574], [-73.9776411946085, 40.5712115971842], [-73.9776602357745, 40.5712124554935], [-73.9779413880125, 40.5712236114934], [-73.9780696418939, 40.5712287636811], [-73.9780731673017, 40.5712421299186], [-73.9780522768118, 40.5712415730086], [-73.9779783514209, 40.5712412265569], [-73.9778618537836, 40.5712398272611], [-73.9777565594305, 40.5712389523179], [-73.9776949494389, 40.5712474819116], [-73.9776827270173, 40.5712644165423], [-73.9776836975391, 40.5713392980887], [-73.9777038334298, 40.5714746931994], [-73.9778639936733, 40.5715353682912], [-73.9779334346755, 40.5715661318073], [-73.978049912814, 40.5716182585428], [-73.9780731674055, 40.5716232108281], [-73.9784553782006, 40.5717046073755], [-73.978594270022, 40.5717200079559], [-73.9790681048857, 40.5716833647063], [-73.9790938668081, 40.5716884942694], [-73.9791061875521, 40.5716884965108], [-73.9791218704722, 40.5716884993618], [-73.9791330731392, 40.5716842319663], [-73.9791554802581, 40.5716731316825], [-73.9791711643651, 40.5716654458376], [-73.9791868485778, 40.5716577618308], [-73.9792058956506, 40.5716475154512], [-73.9792238202554, 40.5716389763182], [-73.9792428650122, 40.5716287290944], [-73.9792652717103, 40.5716227536628], [-73.9792831938773, 40.5716184875489], [-73.9792966366562, 40.5716142187848], [-73.9793044774304, 40.5716125136635], [-73.9793156809058, 40.5716090990991], [-73.9793336060101, 40.5716031219258], [-73.9793481682983, 40.5715988533571], [-73.9793660929817, 40.5715903142018], [-73.9793817779876, 40.5715834838537], [-73.9793963413238, 40.571575798697], [-73.9794086665659, 40.5715689695003], [-73.9794243507289, 40.5715612845409], [-73.9794445160481, 40.5715510365642], [-73.9794686032407, 40.5715373763007], [-73.9794893285668, 40.5715262747297], [-73.9795027735689, 40.5715185893599], [-73.9795184587564, 40.5715074886433], [-73.9795330245758, 40.5714955314447], [-73.9795475909121, 40.571481868548], [-73.9795587949247, 40.5714690578988], [-73.9795688802537, 40.5714571015723], [-73.9795767260277, 40.5714468523009], [-73.9795845703296, 40.5714374585554], [-73.979594654019, 40.571422938493], [-73.9796013798462, 40.5714101288018], [-73.979606982808, 40.5714007328152], [-73.9796148277194, 40.5713853613464], [-73.9796215537984, 40.571371695291], [-73.979626039998, 40.5713529038818], [-73.9796282849209, 40.571337529661], [-73.979627168795, 40.5713264232699], [-73.979622690153, 40.5713204439179], [-73.9796070078389, 40.5713187336812], [-73.9795902073726, 40.571316168721], [-73.9795734055499, 40.5713144574446], [-73.9795594035844, 40.5713131725856], [-73.9795431627477, 40.5713110345613], [-73.9795342023424, 40.5713093237537], [-73.9794927586466, 40.5713050470164], [-73.9794759570902, 40.571302480199], [-73.9794535542437, 40.5712999151393], [-73.9794378731473, 40.5712982040421], [-73.9794165949686, 40.5712828255291], [-73.9794152154463, 40.5712760290134], [-73.9794110012903, 40.5712584797696], [-73.9794138044134, 40.5712486572849], [-73.9794154875197, 40.5712401161317], [-73.9794278105467, 40.5712324305694], [-73.9794375612628, 40.571225744137], [-73.9794625405362, 40.5712213324312], [-73.9794748615642, 40.5712204817842], [-73.9794962092573, 40.5712245389282], [-73.9795062749942, 40.5712262949452], [-73.979527500059, 40.5712299053072], [-73.9795432681476, 40.5712330365667], [-73.9795756489285, 40.5712384959092], [-73.9796069397429, 40.5712438631866], [-73.9796238013193, 40.5712470900033], [-73.9796372644326, 40.571249581497], [-73.9796507263386, 40.5712520729065], [-73.9796618856745, 40.5712539245614], [-73.9796798348117, 40.5712572488617], [-73.9796988775422, 40.5712606670526], [-73.9797369579432, 40.5712726327335], [-73.979753756592, 40.5712811771498], [-73.9797747969802, 40.5712980296804], [-73.9797873542032, 40.5713085158052], [-73.9798075132194, 40.5713230394475], [-73.9798287899247, 40.5713392724093], [-73.9798510855971, 40.571356429507], [-73.979862742061, 40.5713663085004], [-73.9798725197717, 40.5713755468981], [-73.9798831239911, 40.5713853933274], [-73.9798955048149, 40.5713977470767], [-73.9799040790482, 40.5714074886548], [-73.9799113450884, 40.5714160476109], [-73.9799224594067, 40.5714301806224], [-73.9799295725111, 40.5714409359254], [-73.9799370740123, 40.5714523837638], [-73.9799441266298, 40.5714640008552], [-73.9799497242386, 40.5714759608727], [-73.9799564428263, 40.5714870654764], [-73.9799609182527, 40.5714998789003], [-73.9799653954, 40.571510983195], [-73.9799665127182, 40.5715263589286], [-73.9799676274413, 40.571538319001], [-73.9799732236513, 40.571554974286], [-73.9799821851798, 40.5715571109827], [-73.9799978669722, 40.5715571137139], [-73.9800146684279, 40.5715562647929], [-73.9800370717068, 40.5715537048708], [-73.9800605977567, 40.5715520006646], [-73.9800796397057, 40.5715502938372], [-73.9800986817624, 40.5715485906858], [-73.9801199654091, 40.571546031475], [-73.9801412489099, 40.5715443268642], [-73.98016701219, 40.5715409155701], [-73.9801927784729, 40.5715392117234], [-73.9802146219986, 40.5715362248283], [-73.9802353451598, 40.57153238589], [-73.9802644704908, 40.5715289733947], [-73.9802790320588, 40.571527265847], [-73.9802947139859, 40.571526415689], [-73.9803115180957, 40.5715247102795], [-73.9803316811137, 40.5715221517562], [-73.9803563244975, 40.5715195921567], [-73.9803832094374, 40.5715170338533], [-73.9804134540186, 40.5715144787944], [-73.9804481784797, 40.5715102126841], [-73.9804781413403, 40.5715079333924], [-73.980481782921, 40.5715076563387], [-73.980516508828, 40.5715025365228], [-73.9805545965405, 40.5714982735447], [-73.9805904414601, 40.5714948603473], [-73.9806251680646, 40.5714914504631], [-73.9806587727354, 40.5714880395432], [-73.9806912572856, 40.5714863367168], [-73.9807192617121, 40.5714837812009], [-73.9807483856544, 40.5714812223515], [-73.9807797506841, 40.5714795183911], [-73.9808088758281, 40.5714769621207], [-73.9808458409528, 40.5714752599977], [-73.980890646549, 40.5714727045619], [-73.9809309721544, 40.5714684400747], [-73.9809724193292, 40.5714650312846], [-73.9810082649304, 40.571463327085], [-73.9810362690933, 40.5714616234191], [-73.9810609141199, 40.5714573572171], [-73.9810855591433, 40.5714530910099], [-73.9811113208922, 40.5714505323512], [-73.9811370860194, 40.5714488282939], [-73.981162850309, 40.5714454150189], [-73.9811897354263, 40.5714420045981], [-73.9812098968298, 40.571440296929], [-73.9812300605145, 40.5714394465399], [-73.9812457433779, 40.571439449101], [-73.9812558243177, 40.5714377433758], [-73.981270387904, 40.5714368911457], [-73.9813174351268, 40.5714292118727], [-73.9813331166373, 40.5714257978395], [-73.981347679252, 40.5714240909929], [-73.9813611214932, 40.5714215302788], [-73.9813857667218, 40.5714164112421], [-73.981411530127, 40.5714121442247], [-73.9814328165682, 40.5714078755593], [-73.9814529786657, 40.5714036085487], [-73.9814742630348, 40.5713984861888], [-73.9814921858623, 40.5713950742531], [-73.9815067478426, 40.5713916582594], [-73.9815224321103, 40.5713865367468], [-73.9815369944489, 40.5713814142141], [-73.9815515594349, 40.5713754361546], [-73.9815638816434, 40.5713703141802], [-73.9815795668457, 40.5713617751577], [-73.9815941325291, 40.5713532360375], [-73.9816030947177, 40.5713446950969], [-73.981610940135, 40.5713301763406], [-73.9816109431915, 40.5713190719058], [-73.9816031034201, 40.5713130930118], [-73.9815919023869, 40.5713082490383], [-73.9815834821509, 40.5713001933973], [-73.9815784703839, 40.5712737955282], [-73.9815840736847, 40.5712661104972], [-73.9815958354087, 40.5712635485648], [-73.9816064755995, 40.5712635502687], [-73.9816154377288, 40.5712635517032], [-73.9816266403231, 40.5712626979699], [-73.9816423219366, 40.5712627004767], [-73.9816658440984, 40.5712618514677], [-73.9816930082934, 40.5712610021129], [-73.9817039307746, 40.5712610038528], [-73.9817196111812, 40.5712610063488], [-73.9817408943168, 40.5712601560481], [-73.9817610566242, 40.5712593046454], [-73.981775619932, 40.5712593069564], [-73.9818025030391, 40.5712584566123], [-73.9818125858875, 40.5712584582089], [-73.9818271458058, 40.5712576068277], [-73.9818517896565, 40.5712576107231], [-73.9818831543213, 40.5712567610667], [-73.9819083378086, 40.5712569180524], [-73.9819203961109, 40.5712578664171], [-73.9819341428897, 40.5712596606164], [-73.981947177514, 40.5712614790476], [-73.9819562500359, 40.5712638353857], [-73.9819661880377, 40.5712667707995], [-73.9819782322697, 40.5712714933077], [-73.9819862030542, 40.5712738601807], [-73.9819948498996, 40.571277818489], [-73.9820033468159, 40.5712820108604], [-73.982012261581, 40.5712867921921], [-73.9820192775144, 40.5712912671061], [-73.9820273619048, 40.5712967147565], [-73.9820361781138, 40.5713036736209], [-73.9820418452927, 40.5713087651628], [-73.9820487838477, 40.5713154175304], [-73.9820564601144, 40.5713237026728], [-73.9820637902779, 40.5713322533881], [-73.9820701458611, 40.5713416171422], [-73.9820750348934, 40.5713506348113], [-73.9820825101259, 40.5713644185111], [-73.9820946776428, 40.5713853216432], [-73.9821004237579, 40.5713951706247], [-73.9821116238539, 40.5714037129874], [-73.982129544931, 40.5714071323583], [-73.9821474654451, 40.5714122609369], [-73.9821620276941, 40.5714118345153], [-73.9821833109858, 40.5714105582109], [-73.982198992634, 40.5714105606417], [-73.9822157950047, 40.5714105632437], [-73.9822337157909, 40.5714105660163], [-73.9822572415077, 40.5714097150466], [-73.9822841246707, 40.5714088655086], [-73.9823087674856, 40.5714080137805], [-73.9823311701763, 40.5714071635428], [-73.9823558139723, 40.5714071673301], [-73.9823849373678, 40.5714063171937], [-73.9823983788886, 40.5714063192538], [-73.9824241419752, 40.5714071778031], [-73.9824465453106, 40.5714080349133], [-73.9824667087457, 40.5714080379922], [-73.9824857493851, 40.571406332606], [-73.9825092744474, 40.5714037742129], [-73.9825372791073, 40.5713995063654], [-73.9825507210747, 40.5713978001161], [-73.9825776059938, 40.5713943893718], [-73.9826067310308, 40.5713918300514], [-73.9826201728848, 40.5713901246302], [-73.9826459357567, 40.5713875674691], [-73.9826716999461, 40.5713841520154], [-73.9826862616415, 40.571381593154], [-73.982701945376, 40.5713781789343], [-73.982716507179, 40.5713747636236], [-73.982731071174, 40.5713722047582], [-73.982744514669, 40.5713687901122], [-73.9827613168142, 40.5713653752161], [-73.9827781189558, 40.57136196107], [-73.9827971626472, 40.5713576927357], [-73.9828397316942, 40.5713491585672], [-73.9828542935951, 40.5713457441592], [-73.9828677368597, 40.5713431823475], [-73.9828935003603, 40.571338062234], [-73.982910303587, 40.5713346472325], [-73.9829293473701, 40.5713303797963], [-73.9829495105557, 40.5713261106817], [-73.9829685533468, 40.5713209886336], [-73.9829864784906, 40.5713175755437], [-73.9830021597798, 40.5713141612826], [-73.9830167227618, 40.5713107459341], [-73.9830324065706, 40.5713073325907], [-73.9830503295115, 40.5713030631275], [-73.9830660109039, 40.5712996488577], [-73.9830828153167, 40.5712962347512], [-73.9830996173161, 40.5712928215632], [-73.9831153010069, 40.5712894072034], [-73.9831309833837, 40.57128684661], [-73.9831489082948, 40.5712842872649], [-73.9831645893524, 40.5712817275869], [-73.9831791524291, 40.5712783112976], [-73.9832071572075, 40.571273192362], [-73.9832239605119, 40.5712697763945], [-73.9832407624955, 40.5712663641047], [-73.9832575656851, 40.5712629472121], [-73.983275488495, 40.5712595350806], [-73.9832934124005, 40.5712561201861], [-73.9833124545033, 40.5712535609766], [-73.9833314979167, 40.5712501462388], [-73.983347180379, 40.5712467319308], [-73.9833628639448, 40.5712441730637], [-73.9833785461917, 40.5712416124366], [-73.983394229644, 40.5712390518087], [-73.9834076715572, 40.5712373454591], [-73.9834222342894, 40.5712347855844], [-73.9834479983799, 40.5712313708767], [-73.9834681599826, 40.5712288118039], [-73.983483843428, 40.5712262530028], [-73.9835028880314, 40.5712228382367], [-73.9835241687192, 40.5712219866851], [-73.9835465717508, 40.5712194287551], [-73.9835745762688, 40.5712151607384], [-73.9836003427585, 40.5712117477533], [-73.9836238650852, 40.5712100437382], [-73.9836339458303, 40.5712091914894], [-73.9834154772847, 40.5702182768765], [-73.9834056953622, 40.5701739090033], [-73.9830595655099, 40.5702182769026], [-73.9830450198938, 40.5701542113705], [-73.9833911487867, 40.5701124064119], [-73.9832736746889, 40.5695563287412], [-73.9833621654778, 40.5695486546559], [-73.9834617365293, 40.5700329795071], [-73.9834785208691, 40.5700996072862], [-73.9838224087485, 40.5700543858798], [-73.9838414360601, 40.570121013], [-73.9834897069903, 40.5701645258825], [-73.983608307393, 40.5707001048889], [-73.9836777575676, 40.570690717796], [-73.9837269947658, 40.5709008506042], [-73.9836508211024, 40.5709110886165], [-73.9837145972136, 40.5712066382963], [-73.9837269202821, 40.5712066400423], [-73.9837437212953, 40.5712074961059], [-73.9837627638429, 40.5712074987987], [-73.9837862864328, 40.5712092130889], [-73.9838154091032, 40.5712109245654], [-73.9838310906079, 40.5712117804585], [-73.9838501319501, 40.5712117831366], [-73.9838669354757, 40.5712117854974], [-73.9838837364918, 40.5712126424619], [-73.9838982983769, 40.5712134991089], [-73.9839128604683, 40.5712135011488], [-73.983927421052, 40.5712152106407], [-73.9839509438548, 40.5712160676141], [-73.9839655048499, 40.5712160696472], [-73.9839834290958, 40.5712160721473], [-73.9840002302092, 40.5712160744882], [-73.9840203950919, 40.5712143690042], [-73.9840472773535, 40.5712118106793], [-73.9840640800815, 40.5712101056408], [-73.9840842440679, 40.5712075437824], [-73.9841088871927, 40.5712049869744], [-73.9841391316004, 40.5712024291767], [-73.9841671355761, 40.5712007229073], [-73.9841895382643, 40.571199017702], [-73.9842130603717, 40.5711981663312], [-73.984234344955, 40.5711956091172], [-73.9842511465763, 40.5711939012895], [-73.9842679492948, 40.5711921953011], [-73.9842847522116, 40.5711896356238], [-73.9843049162737, 40.5711862217993], [-73.9843598040823, 40.5711802498051], [-73.984388929049, 40.5711768362639], [-73.9844169334055, 40.5711734243198], [-73.9844438169311, 40.5711700113808], [-73.9844729416017, 40.5711683070301], [-73.9845043054887, 40.5711657492875], [-73.9845323095274, 40.5711631901641], [-73.9845591929557, 40.5711606299644], [-73.9845927995638, 40.571157219734], [-73.9846308832229, 40.5711538082526], [-73.984662249597, 40.5711503940218], [-73.98469921464, 40.5711478369737], [-73.9847316976278, 40.5711469884461], [-73.9847563415229, 40.5711461371132], [-73.9847753854542, 40.5711452859532], [-73.9847910649317, 40.5711444325869], [-73.9848123488937, 40.5711444354023], [-73.9848414727245, 40.571141023504], [-73.9848683568435, 40.5711401724413], [-73.9848885183644, 40.5711376121991], [-73.9849042013482, 40.5711367605756], [-73.9849198841389, 40.5711367626351], [-73.9849344463233, 40.5711367645455], [-73.9849501267008, 40.5711367666006], [-73.9849658106981, 40.5711367686539], [-73.9849837303984, 40.5711359155545], [-73.9850038962463, 40.5711350653395], [-73.9850251766954, 40.5711350681151], [-73.9850430985064, 40.5711350704496], [-73.985061021632, 40.5711350727814], [-73.985078943634, 40.5711342196687], [-73.9850968682386, 40.5711325154599], [-73.985117029558, 40.5711308097829], [-73.9851360726542, 40.571128248431], [-73.9851539953304, 40.5711248350862], [-73.9851741591389, 40.5711222757144], [-73.9851943229463, 40.5711197144974], [-73.9852122444126, 40.5711163002233], [-73.9852312875005, 40.5711137406958], [-73.9852503305875, 40.571111179325], [-73.9852693734042, 40.5711103271628], [-73.9852884161117, 40.571109477674], [-73.9853074579107, 40.5711077700638], [-73.9853265006172, 40.5711069196485], [-73.9853511435806, 40.5711052136651], [-73.9853791487679, 40.5711026551716], [-73.9854049112371, 40.5711009501567], [-73.9854317955171, 40.5710992452783], [-73.9854642802383, 40.5710958318904], [-73.9854934050339, 40.5710932745146], [-73.9855236482067, 40.571089861747], [-73.9855583745353, 40.5710855949298], [-73.9855908592414, 40.5710821824262], [-73.9856211022207, 40.5710796223979], [-73.9856513466968, 40.5710762113546], [-73.9856804718451, 40.5710719429632], [-73.9857073574975, 40.5710693842515], [-73.9857331203102, 40.5710659708713], [-73.9857633643011, 40.571064265411], [-73.9857936085817, 40.571061707179], [-73.9858193724836, 40.5710582946997], [-73.9858708985709, 40.5710548826252], [-73.9858933035813, 40.5710531789281], [-73.9859123452387, 40.5710514720526], [-73.985934747942, 40.5710497674269], [-73.9859560310285, 40.5710480598985], [-73.9859739543101, 40.5710472084027], [-73.9859929959632, 40.5710455041917], [-73.9860120389326, 40.5710437964635], [-73.9860333220131, 40.5710420907609], [-73.9860534843783, 40.5710403839996], [-73.9860714076585, 40.5710395315686], [-73.9860882102896, 40.571037827069], [-73.986106132252, 40.5710369755525], [-73.9861251740094, 40.5710352678054], [-73.9861419776676, 40.5710344169859], [-73.9861598988859, 40.5710318554127], [-73.9861800622744, 40.5710310040695], [-73.986202464964, 40.5710292993917], [-73.9862215066065, 40.5710275933864], [-73.986242790883, 40.5710258885652], [-73.9862674349999, 40.5710241813827], [-73.9862954389114, 40.5710216227495], [-73.9863212027075, 40.5710190629227], [-73.9863492067251, 40.5710165024362], [-73.9863772095958, 40.5710130910192], [-73.9864029737351, 40.5710088219622], [-73.9864287375854, 40.5710054101838], [-73.9864556208771, 40.5710028513792], [-73.9864836250556, 40.5709994363384], [-73.9865082704254, 40.5709968771757], [-73.98652843184, 40.5709943175645], [-73.9865497162706, 40.5709917554047], [-73.9865732395429, 40.5709900516221], [-73.986596761889, 40.5709874914715], [-73.9866180449367, 40.5709857856618], [-73.9866415683157, 40.5709840782673], [-73.9866706927391, 40.5709823742794], [-73.9866953371688, 40.5709789605536], [-73.9867211006534, 40.5709772552424], [-73.9867468633786, 40.5709738425549], [-73.986772627139, 40.5709712826281], [-73.9867995090876, 40.5709687228227], [-73.9868241533372, 40.5709661636746], [-73.986848797475, 40.5709636044387], [-73.9868745610597, 40.5709618990929], [-73.9869003233282, 40.5709601937427], [-73.9869249687778, 40.5709576327328], [-73.986948491154, 40.5709542197451], [-73.9869720145132, 40.5709525132043], [-73.9869932964998, 40.5709499536385], [-73.9870145808436, 40.5709482477556], [-73.9870358638681, 40.5709465418673], [-73.9870549055756, 40.5709448357238], [-73.9870750704635, 40.570942276017], [-73.987096352443, 40.5709397155121], [-73.9871187562871, 40.5709380097355], [-73.987141158812, 40.5709363030331], [-73.9871613212266, 40.5709345969974], [-73.9871826030363, 40.5709328920031], [-73.9872061263818, 40.5709311863332], [-73.9872274095594, 40.5709286258041], [-73.9872498123525, 40.570926067153], [-73.9872744576662, 40.5709235060682], [-73.9872991017714, 40.5709209450617], [-73.987322624065, 40.5709183865202], [-73.9873416659172, 40.5709158266427], [-73.9873931955407, 40.5709107074356], [-73.9874122358614, 40.5709098549179], [-73.9874312786455, 40.5709081496309], [-73.9874514410442, 40.5709064435443], [-73.987471604539, 40.5709047356127], [-73.9874928864412, 40.5709030296409], [-73.9875152899914, 40.5709021793124], [-73.9875432937547, 40.5709004739764], [-73.9875746583381, 40.5708987690821], [-73.9876026622554, 40.5708962083737], [-73.9876273060216, 40.5708953555034], [-73.9876519476411, 40.5708936517041], [-73.9876743514538, 40.5708919457354], [-73.9876933942262, 40.5708902394849], [-73.9877113162861, 40.5708885313562], [-73.9877281187905, 40.5708876794656], [-73.9877460420547, 40.5708859748445], [-73.9877662044852, 40.5708834150175], [-73.9877852463127, 40.5708808523062], [-73.9878065294517, 40.57087829351], [-73.9878322934457, 40.5708740250538], [-73.9878490950965, 40.5708706093296], [-73.9878658992666, 40.5708671954433], [-73.9878860618421, 40.5708637791485], [-73.9879039843084, 40.5708603662947], [-73.9879219078684, 40.5708569506779], [-73.9879409507786, 40.5708543906187], [-73.9879577523727, 40.570851831324], [-73.9879734343533, 40.5708492683131], [-73.9879868773198, 40.5708467068237], [-73.9880070387855, 40.5708432941041], [-73.9880260832016, 40.5708390239828], [-73.98804288604, 40.5708356100705], [-73.9880574477159, 40.5708313394774], [-73.988077610575, 40.5708262184551], [-73.9881044963392, 40.5708219500529], [-73.9881224186316, 40.5708193890113], [-73.9881392211555, 40.5708176816189], [-73.9881560225816, 40.5708159750617], [-73.9881806657084, 40.5708117081682], [-73.9882053089424, 40.5708074385916], [-73.9882321936362, 40.5708023173957], [-73.9882590784343, 40.5707971943533], [-73.9882758811005, 40.5707946340921], [-73.9882882031845, 40.5707929252168], [-73.9883055669908, 40.5707899372464], [-73.9883240489825, 40.5707869503071], [-73.988340850696, 40.5707835354311], [-73.9883587728572, 40.570780976109], [-73.9883744558633, 40.5707792703252], [-73.9883867768454, 40.5707775606029], [-73.9884136612152, 40.5707741475725], [-73.988437184769, 40.57077073428], [-73.9884539875698, 40.5707673167096], [-73.9884719098698, 40.5707639027646], [-73.9884987941944, 40.5707613434819], [-73.988520074965, 40.570758782713], [-73.9885379981727, 40.5707570779684], [-73.988562642168, 40.5707545166908], [-73.9885861652699, 40.5707536635045], [-73.9886035275175, 40.5707519569375], [-73.9886074510024, 40.5707425630215], [-73.9886096925255, 40.5707348745538], [-73.9886152921207, 40.5707297511561], [-73.9886264960999, 40.5707203552841], [-73.9886354594993, 40.570711814716], [-73.9886460992765, 40.5707143804214], [-73.9886533777788, 40.5707254846561], [-73.988658974807, 40.5707425681186], [-73.9886701766445, 40.5707451303644], [-73.9886824985313, 40.5707451315787], [-73.9886993005373, 40.570739156431], [-73.9887183434945, 40.5707365935651], [-73.9887407460544, 40.5707340356258], [-73.9887575485425, 40.5707323289806], [-73.988779952273, 40.5707306219587], [-73.9888068338715, 40.5707297699753], [-73.9888359582717, 40.5707272099117], [-73.988859481645, 40.5707246502193], [-73.9889087683464, 40.5707203828785], [-73.9889255721729, 40.5707178242801], [-73.9889446139401, 40.5707144077752], [-73.9889703775162, 40.5707118473542], [-73.9889939004876, 40.5707109959246], [-73.989011822716, 40.5707084364993], [-73.9890308641936, 40.5707067300283], [-73.9890476681545, 40.5707033123724], [-73.9890700709403, 40.5706998996799], [-73.9890958338568, 40.5706939235698], [-73.9891092768898, 40.5706905082625], [-73.9891249601338, 40.5706870922456], [-73.9891406420287, 40.5706845325881], [-73.9891574435347, 40.5706819695213], [-73.989174247344, 40.5706794091301], [-73.9891921695554, 40.5706768488404], [-73.9892123320056, 40.5706734323127], [-73.9892347347746, 40.570670019588], [-73.9892548972203, 40.570666604893], [-73.9892784208285, 40.570662336823], [-73.9893041843987, 40.5706589217218], [-73.9893288286027, 40.5706546537457], [-73.9893534727757, 40.5706512394496], [-73.9893792366093, 40.5706461160411], [-73.9894049992068, 40.5706418463106], [-73.9894285229335, 40.5706367245246], [-73.9894509270442, 40.5706316016272], [-73.9894710894671, 40.5706281878144], [-73.9894890120585, 40.5706230627424], [-73.9895058159725, 40.5706196495363], [-73.9895192568005, 40.5706153786554], [-73.9895450196681, 40.5706085478379], [-73.9895719058942, 40.5706008615912], [-73.9895864671777, 40.570597448086], [-73.9896155921313, 40.5705914703224], [-73.9896335144588, 40.5705872035135], [-73.9896536769915, 40.5705829332231], [-73.9896738409702, 40.570577808324], [-73.9896973657504, 40.5705726874019], [-73.9897208882225, 40.5705675627956], [-73.9897477728347, 40.5705615866383], [-73.9897712951695, 40.5705573193035], [-73.9897948185968, 40.5705530483674], [-73.9898217031762, 40.5705479267994], [-73.9898508269003, 40.5705410962109], [-73.989878831227, 40.5705342663528], [-73.9899101978174, 40.5705257276564], [-73.9899471621336, 40.5705163348359], [-73.9899796481875, 40.5705086499036], [-73.9900143733592, 40.5705001114703], [-73.9900524580974, 40.5704924278401], [-73.9900827036872, 40.5704855972913], [-73.9901062251453, 40.5704787652343], [-73.9901297486513, 40.5704736414631], [-73.9901532735957, 40.5704676657599], [-73.9901734348507, 40.5704633954619], [-73.9901924792554, 40.5704582703746], [-73.990211522215, 40.5704540025673], [-73.9902305642007, 40.5704488784787], [-73.9902507279843, 40.5704437570749], [-73.990267529526, 40.5704394863902], [-73.9902854518812, 40.5704352176393], [-73.9903011363339, 40.5704309477767], [-73.9903179377468, 40.5704275334476], [-73.990332499063, 40.5704241163349], [-73.9903448212742, 40.5704207025451], [-73.9903717047962, 40.5704138707175], [-73.9903851477076, 40.5704104552608], [-73.990399710115, 40.5704070398961], [-73.9904288350477, 40.5703993536344], [-73.9904456366761, 40.5703950865229], [-73.9904646786272, 40.5703899614741], [-73.9904859617507, 40.5703856911305], [-73.9905038850527, 40.5703822777873], [-73.9905218072563, 40.5703788626847], [-73.9905408500517, 40.5703754467515], [-73.9905598917462, 40.5703720335766], [-73.9905789356241, 40.5703694704023], [-73.9905968577103, 40.5703660571282], [-73.9906136601768, 40.5703634956048], [-73.9906315811634, 40.5703600786448], [-73.990647265337, 40.5703575188669], [-73.9906719082458, 40.570353248761], [-73.9906954314262, 40.5703498340859], [-73.9907144731057, 40.5703464198815], [-73.990727915749, 40.5703447126752], [-73.9907379963407, 40.5703425783544], [-73.9907323991106, 40.5703233589388], [-73.9907290410739, 40.5703114005465], [-73.9907301627045, 40.5702960241754], [-73.9907312849466, 40.5702849217537], [-73.9907436069688, 40.5702738174744], [-73.9907671311716, 40.5702635695375], [-73.9907917732218, 40.5702644252001], [-73.9908029731796, 40.5702806554063], [-73.9908108100895, 40.5703045721923], [-73.9908164069589, 40.5703265688438], [-73.9908264884631, 40.5703353245266], [-73.9908444097086, 40.5703378879317], [-73.9908712923293, 40.5703370354652], [-73.9908880944284, 40.5703370367989], [-73.9909071356313, 40.5703370383072], [-73.99092953895, 40.5703361863927], [-73.9909497021776, 40.5703353342974], [-73.9909698643191, 40.5703327739066], [-73.9909911471619, 40.5703302108399], [-73.9910180300089, 40.5703276509674], [-73.9910437934705, 40.5703242382375], [-73.9910617154053, 40.5703216758158], [-73.9910942006669, 40.5703182626759], [-73.9911121209367, 40.5703191195064], [-73.9911367658801, 40.5703165576765], [-73.9911614074212, 40.570313141152], [-73.9911905318844, 40.5703088739573], [-73.9912084550177, 40.5703063115966], [-73.9912252575576, 40.570302898055], [-73.9912386982117, 40.570298628813], [-73.991253260551, 40.57029521334], [-73.9912700631977, 40.5702909434302], [-73.991287985449, 40.5702866736027], [-73.9913059087949, 40.5702824028524], [-73.9913215919399, 40.5702781337704], [-73.9913383935919, 40.5702730092438], [-73.9913540767324, 40.5702687409937], [-73.9913708782715, 40.5702636164636], [-73.9913888019341, 40.5702576383287], [-73.9914044838612, 40.5702533701553], [-73.9914212855024, 40.5702482456179], [-73.9914403285428, 40.5702422675585], [-73.9914593703719, 40.5702371449388], [-73.9914772951179, 40.5702311667901], [-73.9914940965276, 40.5702268968474], [-73.9915108979381, 40.5702234815074], [-73.9915265809478, 40.5702200660826], [-73.9915400224466, 40.5702175032557], [-73.9915635456427, 40.5702140902443], [-73.991585949127, 40.5702115289898], [-73.9916117115229, 40.5702064059167], [-73.9916397176209, 40.5702012822471], [-73.9916542788183, 40.5701970138744], [-73.9916699608244, 40.5701927429045], [-73.9916878831247, 40.5701867656441], [-73.9917069251327, 40.5701799346915], [-73.9917248487405, 40.5701731018988], [-73.9917450114366, 40.5701654155789], [-73.9917662949374, 40.5701577302559], [-73.9917875782185, 40.5701508986141], [-73.9918077421142, 40.5701440650485], [-73.9918312643724, 40.5701372326381], [-73.9918559085387, 40.5701312566655], [-73.9918839123804, 40.5701244264021], [-73.9919074357351, 40.5701193022681], [-73.9919455199357, 40.570112470859], [-73.9919645637888, 40.5701090556099], [-73.9919802455419, 40.5701056392029], [-73.9919948076988, 40.5701030782411], [-73.99201048825, 40.5701005173567], [-73.9920239309128, 40.5700979544733], [-73.9920384918678, 40.5700962481113], [-73.9920597760036, 40.5700919792326], [-73.9920765771402, 40.5700894166601], [-73.9920922588915, 40.5700868575197], [-73.9921090611297, 40.5700851485439], [-73.992130342753, 40.5700825871062], [-73.992161708242, 40.5700791745078], [-73.9921785093795, 40.570077467362], [-73.9921930714229, 40.5700757600604], [-73.9922065127675, 40.5700740517622], [-73.9922333968682, 40.5700697833147], [-73.9922602809566, 40.5700646584141], [-73.9922849224457, 40.5700603898035], [-73.9923129260291, 40.5700561204925], [-73.992326368671, 40.5700535602502], [-73.9923409295966, 40.5700510001659], [-73.9923566123283, 40.570049290158], [-73.9923734146598, 40.5700475839039], [-73.9923924559621, 40.570045023189], [-73.9924114996762, 40.570042461551], [-73.9924294215945, 40.5700398989171], [-73.9924507042876, 40.5700373392603], [-73.9924719869929, 40.570035632366], [-73.9924921489857, 40.5700330698677], [-73.99251343169, 40.5700313656422], [-73.9925358350749, 40.5700288042024], [-73.9925604762496, 40.5700270975098], [-73.9925795174443, 40.5700253886926], [-73.9925985611454, 40.57002282878], [-73.992616482955, 40.5700211216424], [-73.9926355241464, 40.5700194136523], [-73.9926534482593, 40.5700177056727], [-73.9926691299718, 40.5700151446134], [-73.9926859308768, 40.5700142919987], [-73.9927027319847, 40.5700125847763], [-73.9927228950771, 40.5700108760066], [-73.9927408179769, 40.570009169686], [-73.992759859179, 40.5700083162806], [-73.9927800233808, 40.5700074657043], [-73.9928024254684, 40.5700066125043], [-73.9928225907661, 40.5700057600804], [-73.992840508964, 40.5700049065928], [-73.9928595498711, 40.5700057623828], [-73.9928785932829, 40.5700057635646], [-73.9928965148102, 40.5700066183591], [-73.9929144362262, 40.5700074740708], [-73.9929301185731, 40.5700091814884], [-73.9929469206096, 40.5700100362061], [-73.9929648419371, 40.5700117474355], [-73.9929827645638, 40.5700126022178], [-73.9929995653057, 40.5700143115331], [-73.9930186072457, 40.5700168746687], [-73.9930443709824, 40.5700202937336], [-73.9930712516879, 40.57002371194], [-73.9930981349191, 40.5700271310603], [-73.9931261375359, 40.5700305493199], [-73.9931575010643, 40.570034820623], [-73.9931799026331, 40.5700390931424], [-73.9932023041802, 40.5700425110522], [-73.993228066901, 40.5700442217853], [-73.9932583097225, 40.5700476392258], [-73.993290793016, 40.5700493484974], [-73.9933221569051, 40.5700502040932], [-73.9933535206017, 40.5700519159598], [-73.9933815235193, 40.5700536258666], [-73.9934072837517, 40.5700561884881], [-73.9934565708868, 40.5700630262264], [-73.9934767310846, 40.570067297724], [-73.993495773058, 40.5700698617006], [-73.9935114542529, 40.5700724236427], [-73.9935282548324, 40.5700749884074], [-73.9935461773165, 40.5700775523125], [-73.9935708205679, 40.5700792619844], [-73.9935921017256, 40.5700809696234], [-73.9936111438689, 40.5700818252903], [-73.9936257070035, 40.5700809714923], [-73.9936503492934, 40.5700801191713], [-73.9936783522839, 40.5700801207152], [-73.993705235812, 40.5700809758761], [-73.9937343582128, 40.5700818320743], [-73.9937522784849, 40.5700835413405], [-73.993776921634, 40.5700852509694], [-73.9938004454021, 40.5700869623717], [-73.9938228472339, 40.5700878172632], [-73.9938418883658, 40.5700878182851], [-73.9938598109457, 40.5700895257796], [-73.9938743727139, 40.570090381162], [-73.9939001355483, 40.570091237974], [-73.9939258981959, 40.5700929476305], [-73.9939539011471, 40.5700946573977], [-73.9939819040651, 40.5700955134742], [-73.9939975854382, 40.5700963671419], [-73.9940110277941, 40.5700963678432], [-73.9940356699339, 40.5700972237314], [-73.9940614314568, 40.5700980778306], [-73.9940860748044, 40.5700989346268], [-73.9941062353218, 40.5700989356625], [-73.9941263995688, 40.5700989366949], [-73.9941465612927, 40.5700989377236], [-73.9941656025025, 40.5700980831664], [-73.9941868849248, 40.5700980842449], [-73.9942137685046, 40.5700972328365], [-73.9942406509118, 40.5700972341868], [-73.9942686540926, 40.5700963809802], [-73.9942832160136, 40.5700955288578], [-73.9942966571628, 40.5700955295257], [-73.9943246603405, 40.5700946763054], [-73.9943537840357, 40.5700946777399], [-73.9943683448586, 40.570093823849], [-73.9943829066342, 40.570094679167], [-73.994410909739, 40.5700946805323], [-73.994426592287, 40.5700946812939], [-73.9944400334342, 40.5700946819449], [-73.9944646757205, 40.5700938285291], [-73.9944848374429, 40.5700938294985], [-73.9945083601661, 40.5700938306249], [-73.9945330046846, 40.5700938317999], [-73.9945554067092, 40.5700938328633], [-73.9945733281699, 40.5700946883163], [-73.994589010787, 40.5700938344504], [-73.9946058117283, 40.5700938352402], [-73.9946293343417, 40.5700938363418], [-73.9946494961055, 40.5700946918876], [-73.9946674175676, 40.5700955473272], [-73.9946898205539, 40.5700972558187], [-73.994716702826, 40.5700989653482], [-73.9947458253592, 40.5700998212886], [-73.9947615090463, 40.5701006756911], [-73.9947760696887, 40.5701006763538], [-73.9947973532536, 40.5701015327609], [-73.9948175138137, 40.5701023865207], [-73.9948365549498, 40.5701023873777], [-73.9948522374321, 40.5701032417665], [-73.9948746391535, 40.5701058047447], [-73.9949037627028, 40.5701092235424], [-73.9949317644128, 40.5701117876778], [-73.9949575295097, 40.5701134961816], [-73.9949743301534, 40.5701160607347], [-73.994994492943, 40.5701194781971], [-73.9950112939722, 40.5701169169505], [-73.995030336065, 40.5701203334377], [-73.9950448989349, 40.5701228960423], [-73.9950672992746, 40.5701280219639], [-73.9950829818127, 40.5701297317628], [-73.9951042628508, 40.5701322955684], [-73.9951244245701, 40.5701340047174], [-73.9951401060432, 40.5701322970897], [-73.9951479478176, 40.5701254651776], [-73.9951557902097, 40.5701100890467], [-73.9951445923238, 40.5700511528228], [-73.9951535548481, 40.5700434645107], [-73.9951759575957, 40.5700332138657], [-73.995197239936, 40.5700340693623], [-73.9952062010427, 40.5700460286944], [-73.9952330796521, 40.5700989879257], [-73.9952487585031, 40.5701340099244], [-73.9952565995394, 40.570137425073], [-73.9952700406253, 40.5701399903643], [-73.9952890827468, 40.5701416994382], [-73.9953092433869, 40.5701417002628], [-73.9953215650525, 40.570141700765], [-73.9953361270893, 40.5701391384597], [-73.9953618914642, 40.5701357228361], [-73.9953820533173, 40.5701340153574], [-73.9954055759448, 40.5701340163001], [-73.9954268584885, 40.5701340171488], [-73.9954459007303, 40.5701340179049], [-73.9954649418755, 40.5701340186578], [-73.9954817439236, 40.5701340193195], [-73.995496306929, 40.57013487274], [-73.9955231880874, 40.5701357292318], [-73.9955467107685, 40.5701365829945], [-73.9955679918266, 40.5701391476343], [-73.9955814340782, 40.5701408564424], [-73.99559935562, 40.5701425654218], [-73.9956206380565, 40.5701425662347], [-73.9956475215774, 40.5701442746263], [-73.9956632017238, 40.570144275219], [-73.9956800049812, 40.5701442758518], [-73.9956956876489, 40.5701442764401], [-73.9957124885496, 40.5701434233828], [-73.9957572925187, 40.5701434250454], [-73.9957808163561, 40.5701434259112], [-73.9958009782034, 40.5701434266496], [-73.9958222619018, 40.5701425737399], [-73.9958446627875, 40.5701417208667], [-73.9958637038779, 40.5701408669468], [-73.995881626844, 40.5701391592998], [-73.9959017898916, 40.5701374498884], [-73.995928672367, 40.5701365971585], [-73.9959533157463, 40.5701357451799], [-73.9959801981177, 40.570136598972], [-73.9960104413257, 40.5701366000257], [-73.9960418064972, 40.5701374547952], [-73.9960698094616, 40.5701383103614], [-73.9960944504349, 40.570139166728], [-73.9961202133679, 40.5701391676005], [-73.99614485549, 40.5701391684296], [-73.9961650173851, 40.5701383135772], [-73.9961829401825, 40.5701374595685], [-73.9962087019065, 40.5701374604211], [-73.9962199040787, 40.57013746079], [-73.996244546296, 40.5701357550635], [-73.99626134855, 40.5701340473207], [-73.9962803908394, 40.5701331934156], [-73.9963072745621, 40.570131485908], [-73.9963263181037, 40.5701297782264], [-73.9963498384731, 40.5701289243703], [-73.9963722404442, 40.5701280705579], [-73.9963935230338, 40.5701272174586], [-73.9964170457945, 40.5701246571372], [-73.9964461697944, 40.5701212405387], [-73.9964775339195, 40.5701169712364], [-73.9965111371781, 40.5701118464681], [-73.9965492219795, 40.5701075764286], [-73.9965873055258, 40.570104160063], [-73.9966645953088, 40.5701033086462], [-73.9967082797186, 40.5701041635905], [-73.9967474849523, 40.570105019313], [-73.9967889267584, 40.5701058741632], [-73.9968292526525, 40.5701075844932], [-73.9968695761754, 40.570108441125], [-73.9969110214574, 40.5701101496164], [-73.9969468657664, 40.5701118588658], [-73.9969782284479, 40.5701144207501], [-73.9970095898869, 40.5701178399927], [-73.9970367754465, 40.5701200614171], [-73.997040953672, 40.5701204027812], [-73.9970689566379, 40.570123820081], [-73.9971272039068, 40.5701298010294], [-73.9971552067364, 40.5701340729147], [-73.9971776086287, 40.5701374882914], [-73.9971977704025, 40.5701391989167], [-73.9972156930819, 40.5701409076426], [-73.997231374291, 40.5701443236836], [-73.9972504164304, 40.5701468870377], [-73.9972694587858, 40.5701468874915], [-73.9972873803318, 40.5701468879157], [-73.9973036227458, 40.5701468882977], [-73.9973265844923, 40.5701451796219], [-73.9973411464528, 40.5701426189039], [-73.9973557085558, 40.5701392026574], [-73.9973713900067, 40.5701366391996], [-73.9973881910273, 40.5701349312919], [-73.9974049942823, 40.5701349316724], [-73.9974217951259, 40.5701349320503], [-73.997438597186, 40.5701374944016], [-73.9974576392664, 40.5701417678534], [-73.997473322869, 40.5701460375466], [-73.9974878810895, 40.5701494553681], [-73.9975046842526, 40.5701520177097], [-73.9975237251348, 40.5701562883889], [-73.9975494878537, 40.5701622675841], [-73.9975707725252, 40.5701673946651], [-73.9976021337744, 40.5701776442341], [-73.9976234160096, 40.5701836241542], [-73.9976469373775, 40.5701887504322], [-73.9976771815766, 40.570195585132], [-73.9976939848701, 40.5701981483673], [-73.9977119038981, 40.5702015635499], [-73.9977287072217, 40.5702032739312], [-73.9977455092027, 40.5702058354013], [-73.9977645501728, 40.57020839775], [-73.9977847131897, 40.5702101064307], [-73.9978037541888, 40.5702118160079], [-73.9978216770131, 40.5702135246393], [-73.9978407192224, 40.5702152342103], [-73.9978597614328, 40.5702169419367], [-73.9978776830516, 40.5702186505606], [-73.9978944863024, 40.5702195063949], [-73.9979090469173, 40.5702212149524], [-73.9979258478377, 40.5702229235471], [-73.9979437705845, 40.570223776634], [-73.9979605715325, 40.5702246306184], [-73.9979751334085, 40.5702246308757], [-73.9979896940265, 40.5702263394229], [-73.9980165776923, 40.5702263398897], [-73.9980546622287, 40.5702263405401], [-73.9980815446389, 40.5702280502022], [-73.9981061879761, 40.5702289052172], [-73.9981263498492, 40.5702289055474], [-73.9981465116986, 40.5702297595592], [-73.9981689148422, 40.5702306145233], [-73.9981913180094, 40.5702306148778], [-73.9982193211712, 40.5702306153146], [-73.9982473231505, 40.5702297611394], [-73.9982719677192, 40.5702297615122], [-73.9982988489514, 40.5702306165181], [-73.9983223715916, 40.5702314705487], [-73.9983458931145, 40.5702331774234], [-73.9983727766316, 40.5702348860986], [-73.9983884603968, 40.5702357426811], [-73.9984030199311, 40.570237451176], [-73.9984187024705, 40.5702391588468], [-73.9984332643296, 40.5702400135688], [-73.9984489445671, 40.5702417212355], [-73.998473589103, 40.5702434307757], [-73.9985105505859, 40.5702459941572], [-73.9985239929514, 40.570246848852], [-73.9985508765902, 40.5702485566491], [-73.9985800002982, 40.5702511207457], [-73.9985945610652, 40.5702519746934], [-73.9986113631077, 40.5702536831879], [-73.998625926144, 40.5702562434995], [-73.9986416063902, 40.5702579528963], [-73.998658408437, 40.5702596623053], [-73.9986763300708, 40.5702622254087], [-73.9986942515978, 40.5702647866703], [-73.9987099341346, 40.5702673506644], [-73.9987267350546, 40.570270768354], [-73.9987446600958, 40.5702733287702], [-73.9987625782107, 40.570276747303], [-73.998778263058, 40.5702793103677], [-73.9987939420916, 40.5702818707523], [-73.998809624621, 40.5702852893381], [-73.9988264255657, 40.5702878496474], [-73.99884322761, 40.5702904127146], [-73.9988611503413, 40.5702938303957], [-73.9988768317963, 40.5702963925255], [-73.9988936326364, 40.5702989574255], [-73.9989104358909, 40.5703015195628], [-73.9989261173343, 40.5703049345347], [-73.9989406792007, 40.5703066429614], [-73.9989664421192, 40.5703117698262], [-73.998981002767, 40.5703143320154], [-73.9989966853409, 40.5703160404436], [-73.9990112472116, 40.5703177488614], [-73.9990269286886, 40.5703194590433], [-73.9990437295525, 40.570321165718], [-73.9990616524498, 40.5703220195506], [-73.9990784533152, 40.5703237288982], [-73.9990930164078, 40.5703245836191], [-73.9991064564836, 40.5703262920146], [-73.9991344607381, 40.5703297069706], [-73.9991490226262, 40.5703305607643], [-73.9991635846137, 40.570332271923], [-73.9991781452961, 40.570333125713], [-73.9991971887911, 40.5703339804525], [-73.9992263102775, 40.5703348343382], [-73.9992599145865, 40.5703348345589], [-73.9992890383775, 40.5703356884274], [-73.999311440464, 40.5703373959338], [-73.9993282413482, 40.5703382506382], [-73.9993472837415, 40.5703399599595], [-73.9993708076241, 40.5703425229873], [-73.9993943303019, 40.570345085089], [-73.9994279345869, 40.5703485010065], [-73.9994436159791, 40.5703493565248], [-73.9994615364879, 40.5703485011681], [-73.9994772190955, 40.5703485012402], [-73.9994917786934, 40.5703485013052], [-73.9995085820101, 40.5703476485291], [-73.9995242635311, 40.5703459393828], [-73.9995388254394, 40.5703450857567], [-73.999553386135, 40.5703450858139], [-73.999580269854, 40.5703442313094], [-73.999607153464, 40.5703433777186], [-73.9996273153764, 40.5703425241002], [-73.9996429967833, 40.5703408167779], [-73.9996642805024, 40.5703382521043], [-73.9996822022177, 40.5703365438643], [-73.9997012433166, 40.5703348365446], [-73.9997180466272, 40.5703339829002], [-73.9997337281396, 40.5703322746467], [-73.9997527704443, 40.5703305636367], [-73.9997751736507, 40.5703288563118], [-73.9997986940494, 40.570326295298], [-73.9998222180656, 40.5703245870458], [-73.9998479809663, 40.5703211695797], [-73.9998827035605, 40.5703194630856], [-73.9999039861609, 40.5703211696389], [-73.9999263893558, 40.5703237325521], [-73.9999499120477, 40.5703271482252], [-73.9999723153542, 40.5703305638945], [-73.9999980782495, 40.5703339832399], [-74.000022719348, 40.5703373979792], [-74.0000451225529, 40.5703399617894], [-74.0000664039565, 40.570340817304], [-74.0000865681656, 40.5703399617647], [-74.0001022495601, 40.5703382525395], [-74.0001190505631, 40.5703373979176], [-74.000139213562, 40.5703356905241], [-74.0001616156597, 40.5703331285172], [-74.0001907394541, 40.5703314201814], [-74.0002075404498, 40.5703297100199], [-74.0002221035542, 40.5703288563071], [-74.0002389044417, 40.5703280016664], [-74.0002545859427, 40.5703271479471], [-74.00027026854, 40.5703262951459], [-74.000283709732, 40.5703254405078], [-74.0003049911262, 40.5703245867676], [-74.0003307541205, 40.5703228784039], [-74.0003430769119, 40.5703220228421], [-74.0003609974065, 40.5703220227867], [-74.0003800421152, 40.5703220227249], [-74.0004091636168, 40.5703237318361], [-74.000424843919, 40.5703245863842], [-74.0004416472291, 40.5703254400056], [-74.0004584481247, 40.5703262945448], [-74.0004763698271, 40.5703262944714], [-74.0004942938344, 40.5703262943953], [-74.000512215422, 40.5703254397111], [-74.0005301371173, 40.5703245859442], [-74.0005503001106, 40.5703237312436], [-74.0005671021993, 40.5703228774749], [-74.0005827824883, 40.5703220218707], [-74.0005984638737, 40.5703211681045], [-74.0006141464573, 40.5703194614873], [-74.0006298279516, 40.5703186059591], [-74.0006455105438, 40.5703177512664], [-74.0006578310168, 40.5703160429044], [-74.0006858341985, 40.5703143344494], [-74.0007015155807, 40.570313478829], [-74.0007160775676, 40.5703117722047], [-74.0007306406598, 40.5703109184262], [-74.0007776849011, 40.5703075006138], [-74.0007956052734, 40.5703066450491], [-74.0008135281666, 40.5703057911541], [-74.0008314509512, 40.5703049365025], [-74.0008504920243, 40.5703040825938], [-74.0008717758288, 40.5703040824337], [-74.0008930559906, 40.5703023748994], [-74.0009120994753, 40.5703015210641], [-74.0009300222456, 40.570299811708], [-74.000951303599, 40.5702972486361], [-74.0009737067636, 40.5702955419976], [-74.0009972293968, 40.5702921242928], [-74.0010229899198, 40.5702887056432], [-74.0010498735451, 40.5702844360526], [-74.001071157206, 40.570282726645], [-74.0010913178607, 40.5702810181629], [-74.0011092429243, 40.5702793114567], [-74.0011282828753, 40.5702776012226], [-74.0011484447189, 40.570275040803], [-74.0011697283443, 40.5702716230853], [-74.0011887682916, 40.5702699145989], [-74.0012279734915, 40.5702664966819], [-74.0012458951458, 40.5702647872779], [-74.0012582168342, 40.5702647871433], [-74.0012862199609, 40.5702622257756], [-74.0013108632863, 40.5702596626006], [-74.0013310251345, 40.5702579531563], [-74.0013523075732, 40.5702562436967], [-74.0013735889141, 40.570254536072], [-74.0013926323791, 40.5702536830771], [-74.0014116734304, 40.5702528291591], [-74.0014340766765, 40.5702511205068], [-74.0014553591307, 40.5702502647957], [-74.0014732795683, 40.5702485562763], [-74.0014934436741, 40.5702451411895], [-74.0015147260674, 40.5702417216515], [-74.0015326487653, 40.5702383056673], [-74.0015505691398, 40.5702340334024], [-74.0015707297072, 40.5702297636968], [-74.0015875328844, 40.5702254922777], [-74.0016043336686, 40.5702220754616], [-74.0016222564664, 40.5702186586271], [-74.0016390584326, 40.5702143881206], [-74.0016558616016, 40.5702101157701], [-74.0016816232029, 40.5702041368371], [-74.0016939447934, 40.5702007191533], [-74.0017118662425, 40.5701964485359], [-74.0017320279727, 40.5701913242804], [-74.0017454702807, 40.5701887611795], [-74.0017589102393, 40.5701844888663], [-74.0017790730818, 40.5701802200442], [-74.0017947532299, 40.5701759477759], [-74.0018115563793, 40.5701716771604], [-74.0018272388049, 40.5701665511173], [-74.0018429200671, 40.5701631352041], [-74.0018586001833, 40.5701580100782], [-74.0018787629393, 40.570151176585], [-74.0018933246294, 40.5701451950258], [-74.0019101254126, 40.5701392171092], [-74.0019224481613, 40.5701349447955], [-74.0019426096474, 40.5701264038369], [-74.0019605310702, 40.570118716682], [-74.0019784523807, 40.5701110286028], [-74.0019896544192, 40.5701067553812], [-74.0020075771168, 40.5701016328725], [-74.0020210169295, 40.5700973606125], [-74.0020367005283, 40.570092235377], [-74.0020479001125, 40.5700832668803], [-74.0020501400796, 40.5700760068322], [-74.0020482258994, 40.5700636019904], [-74.0020859772513, 40.570073849551], [-74.0023927954356, 40.5718801568775], [-74.0024523044868, 40.5722304877638], [-74.0003048618355, 40.5717201402093]]], [[[-73.997372128223, 40.571636483345], [-73.9973855346129, 40.5717785793359], [-73.9967477237904, 40.5718460555704], [-73.9967561798174, 40.5719356814707], [-73.9959171081181, 40.5719852547337], [-73.9959013372954, 40.5718180617817], [-73.9953435197194, 40.5717994374928], [-73.9951311886417, 40.5717101353374], [-73.9951162799456, 40.5716188188209], [-73.9958816400898, 40.5715534274997], [-73.9969259962195, 40.5715856196944], [-73.9972832591106, 40.5716272554709], [-73.997372128223, 40.571636483345]]], [[[-73.9918133818696, 40.5732697161722], [-73.991517282293, 40.5718116253074], [-73.9915104430542, 40.5717779451436], [-73.992381864286, 40.5717036319393], [-73.992386156901, 40.5717252186489], [-73.9926558501342, 40.5730815139306], [-73.9918133818696, 40.5732697161722]]], [[[-73.9824343591644, 40.5729939375285], [-73.9824705592822, 40.5729896826631], [-73.9827029925356, 40.57296236265], [-73.9828410339254, 40.5729461378964], [-73.9851981236454, 40.5726690608688], [-73.9853777014873, 40.5726654052534], [-73.9862605056932, 40.5726474325477], [-73.9862636495611, 40.5726640935069], [-73.9862637203594, 40.5726644709137], [-73.9862849143797, 40.5727768129517], [-73.9864197142968, 40.5734913584643], [-73.9862191918421, 40.5735133542122], [-73.9864611384479, 40.574795833638], [-73.986436145688, 40.5748034653322], [-73.9862918995355, 40.574844524739], [-73.986222640444, 40.5748642379693], [-73.9859687304667, 40.5749295871048], [-73.9856660074674, 40.574998002164], [-73.9854029952135, 40.5750493251016], [-73.9851154101726, 40.5750970502301], [-73.9848740981943, 40.5751269962459], [-73.9846612671691, 40.5751517801986], [-73.9832555746314, 40.5753154560016], [-73.9831169752689, 40.5753285212613], [-73.9830981282632, 40.5753302978939], [-73.9830606823293, 40.5753338278434], [-73.9829755626917, 40.57480880313], [-73.9829682542915, 40.5747637191248], [-73.9829621368882, 40.5747259889172], [-73.9828356870932, 40.5739460184714], [-73.9828322294017, 40.5739312907982], [-73.9828266824866, 40.5739169356092], [-73.9828191123558, 40.5739031240034], [-73.9828096077304, 40.5738900208914], [-73.9827982839905, 40.5738777792221], [-73.9827852736404, 40.5738665477655], [-73.9827707312366, 40.573856456975], [-73.9827548316392, 40.5738476286037], [-73.982740067901, 40.5738394082021], [-73.9827266190015, 40.5738299767416], [-73.9827146512413, 40.5738194559751], [-73.9827043207133, 40.5738079781099], [-73.9826173229844, 40.5738285608468], [-73.9825818476703, 40.5738369537821], [-73.9825476962786, 40.5738450335106], [-73.9823349065901, 40.5738953763626], [-73.9823174257619, 40.5738995115876], [-73.9823029192853, 40.5738165845158], [-73.9821761535269, 40.573091992837], [-73.9821645469333, 40.5730256503076], [-73.9821823836846, 40.5730235539162], [-73.9823995124302, 40.5729980332142], [-73.9824343591644, 40.5729939375285]]], [[[-73.981992353278, 40.5730967892042], [-73.9821256166341, 40.5738585314577], [-73.9820833123326, 40.5738685396052], [-73.9820707494463, 40.5737967153996], [-73.9818397974262, 40.5738505575034], [-73.9818355502876, 40.5738258743384], [-73.9817061658785, 40.5730738733612], [-73.9819836275155, 40.5730469140136], [-73.981992353278, 40.5730967892042]]], [[[-73.9810897190633, 40.5740250779428], [-73.9810490137818, 40.5740345672708], [-73.9809924313939, 40.5740474183337], [-73.9809348555426, 40.5740573973451], [-73.9808765364034, 40.5740644640214], [-73.9808177304015, 40.5740685849364], [-73.9807778102044, 40.5740704162303], [-73.980777016496, 40.5740704529933], [-73.9806973286028, 40.5735052982934], [-73.9806525553152, 40.5731877468058], [-73.9809669070689, 40.5731553560939], [-73.9810713207931, 40.5738947906283], [-73.9810862728292, 40.5740006794154], [-73.9810897190633, 40.5740250779428]]], [[[-73.9795797713864, 40.573309915469], [-73.9797865168695, 40.5732800032723], [-73.979772582926, 40.5739379232083], [-73.9797687956487, 40.5741166974655], [-73.9795673731202, 40.5741259344775], [-73.9795692328402, 40.5740035868506], [-73.9795700042281, 40.5739527613482], [-73.9795748468527, 40.5736340295975], [-73.9795797713864, 40.573309915469]]], [[[-73.9774854072421, 40.5752434242514], [-73.9777010105747, 40.5735172758112], [-73.9779768516308, 40.5734873667086], [-73.9777544702612, 40.5752678412392], [-73.9774854072421, 40.5752434242514]]], [[[-73.9768716659239, 40.5746711909424], [-73.9768699053156, 40.5746669383092], [-73.9768664980204, 40.5746605528878], [-73.9768616650862, 40.5746546724144], [-73.9768587041396, 40.574651736124], [-73.9768552413537, 40.5746487618355], [-73.9768480835515, 40.5746445882629], [-73.9768442649013, 40.5746427018394], [-73.9768384373681, 40.5746406267717], [-73.9768288025912, 40.5746379484039], [-73.976810021118, 40.5746346577092], [-73.9768236564178, 40.5744862738579], [-73.9768688650856, 40.5744891430309], [-73.9768897263738, 40.5744885330669], [-73.9769074330106, 40.5744851569417], [-73.9769228609593, 40.5744797163342], [-73.976935352219, 40.5744732234237], [-73.9769446276367, 40.5744667180701], [-73.9769548430209, 40.5744569998715], [-73.9769624014577, 40.5744466624604], [-73.9769678510165, 40.5744349990051], [-73.9769708522323, 40.5744204120825], [-73.9769821411162, 40.5742975737046], [-73.9769814194855, 40.5742839270637], [-73.9769786447174, 40.5742651397458], [-73.976974404435, 40.5742495787198], [-73.976970718173, 40.5742370426795], [-73.9769657408158, 40.5742252781616], [-73.9769602364877, 40.574214462598], [-73.9769493712233, 40.5741976440584], [-73.9768619316918, 40.574075968317], [-73.9768563740917, 40.5740654112515], [-73.9768517057961, 40.5740547282871], [-73.9768474539591, 40.5740419192243], [-73.9768455932246, 40.5740334674176], [-73.9768447497685, 40.5740241396244], [-73.9768455050036, 40.5740122843951], [-73.9768475619756, 40.5739993415733], [-73.9768503292618, 40.5739886033851], [-73.9768536755887, 40.5739799058237], [-73.976863326263, 40.5739604880195], [-73.9768777396794, 40.5739448091834], [-73.9768946126409, 40.5739303518834], [-73.9769122473984, 40.5739192852973], [-73.9769340686183, 40.5739085851509], [-73.9769555934811, 40.5739010773088], [-73.9769765986567, 40.5738969301369], [-73.9769921027803, 40.573892900659], [-73.9770005456334, 40.5738894209302], [-73.9770085388997, 40.5738848776029], [-73.9770144505257, 40.5738792963675], [-73.9770185810277, 40.5738739507854], [-73.9770209493792, 40.5738691874715], [-73.9770221622358, 40.5738658773831], [-73.9770508540598, 40.5735877687326], [-73.9772312172574, 40.5735682127772], [-73.9770807504639, 40.5752056356077], [-73.9768281516724, 40.5751761792378], [-73.9768732909061, 40.5746849972247], [-73.9768732148622, 40.5746796309741], [-73.9768727995207, 40.5746750400317], [-73.9768716659239, 40.5746711909424]]]]}, "properties": {"campus_name": "NYC Parks cluster (12 lots)", "owner_key": "PARKS", "owner_label": "NYC Parks", "lot_count": 12, "bldg_area_sqft": 255991, "derivation": "contiguous lots, owner=PARKS, snap=0.0003deg", "kind": "campus", "owner_kind": "public"}}, {"type": "Feature", "geometry": {"type": "MultiPolygon", "coordinates": [[[[-73.9431076067409, 40.703649788435], [-73.9430851354259, 40.7035120089154], [-73.9430733018932, 40.7034394478703], [-73.9430613423997, 40.7033661204286], [-73.9430511698446, 40.7033037396944], [-73.9430397189169, 40.7032335255979], [-73.9430155176333, 40.7030851425537], [-73.9438457337883, 40.7030057975356], [-73.9440903224166, 40.7029824213397], [-73.9441828865826, 40.7035499671925], [-73.943938194774, 40.703572683452], [-73.9431076067409, 40.703649788435]]], [[[-73.9440308030912, 40.7042787722499], [-73.9433399775705, 40.7043455214924], [-73.9432183639853, 40.7043572726912], [-73.9431823812521, 40.704143381546], [-73.9431715416061, 40.7040789544948], [-73.9432671187694, 40.704069970392], [-73.9432206143525, 40.7037935371532], [-73.9435602641871, 40.7037616117172], [-73.9439378243363, 40.703726121569], [-73.9442077843826, 40.7037007447709], [-73.9442995778039, 40.7042528004197], [-73.9440308030912, 40.7042787722499]]]]}, "properties": {"campus_name": "NYC Housing Authority cluster (5 lots)", "owner_key": "NYCHA", "owner_label": "NYC Housing Authority", "lot_count": 5, "bldg_area_sqft": 254303, "derivation": "contiguous lots, owner=NYCHA, snap=0.0003deg", "kind": "campus", "owner_kind": "public"}}, {"type": "Feature", "geometry": {"type": "MultiPolygon", "coordinates": [[[[-73.9291928365106, 40.6706255721804], [-73.9294577922939, 40.6706401377667], [-73.9297344445346, 40.6706553465467], [-73.9297023217445, 40.6709881648135], [-73.9294772145218, 40.6709757899564], [-73.9294256694491, 40.670972955874], [-73.9291903087575, 40.6709600176532], [-73.9291580958945, 40.6712937370654], [-73.9288781390519, 40.6712785671917], [-73.9289103736516, 40.6709446272552], [-73.9289639918305, 40.6709475752899], [-73.9289005773635, 40.6706095049683], [-73.9291928365106, 40.6706255721804]]], [[[-73.9287356105622, 40.6717360904432], [-73.9287282076482, 40.6718126702079], [-73.9287594166095, 40.6718143555613], [-73.9288031723128, 40.6718167194647], [-73.9288771423145, 40.6718207139305], [-73.9289461699424, 40.6718244433536], [-73.9289117996946, 40.6721800456206], [-73.9287250704661, 40.6721697119924], [-73.928531615449, 40.6721590046048], [-73.9283429692828, 40.6721485646739], [-73.9281322868247, 40.6721369048651], [-73.9281592342548, 40.671852247055], [-73.9281731068837, 40.6717057066895], [-73.928199558741, 40.6714262597901], [-73.9285717893839, 40.6714463659062], [-73.9287626182224, 40.6714566744631], [-73.9287356105622, 40.6717360904432]]], [[[-73.9286173741851, 40.6709285183756], [-73.9286060544168, 40.671045763903], [-73.9285938949342, 40.6711717259618], [-73.9285851141467, 40.6712626878651], [-73.9282253602455, 40.6712431911811], [-73.928233097501, 40.6711518890747], [-73.9282437758367, 40.6710258442241], [-73.9282545820941, 40.6708983109555], [-73.9286183596064, 40.6709183125138], [-73.9286173741851, 40.6709285183756]]]]}, "properties": {"campus_name": "NYC Housing Authority cluster (14 lots)", "owner_key": "NYCHA", "owner_label": "NYC Housing Authority", "lot_count": 14, "bldg_area_sqft": 249061, "derivation": "contiguous lots, owner=NYCHA, snap=0.0003deg", "kind": "campus", "owner_kind": "public"}}, {"type": "Feature", "geometry": {"type": "MultiPolygon", "coordinates": [[[[-74.1833259243905, 40.6291306764334], [-74.1833354860671, 40.6291628143253], [-74.1830505361092, 40.6294331043445], [-74.1829784501512, 40.6293877949755], [-74.1829864689948, 40.6293806058939], [-74.1828562034671, 40.6293147247964], [-74.1828678761924, 40.6293016423146], [-74.1826395009605, 40.6291861415409], [-74.1827930338099, 40.6289955587533], [-74.1828332728168, 40.6290176899272], [-74.1828334229947, 40.6290177157902], [-74.1833194242516, 40.6291012433732], [-74.1833259243905, 40.6291306764334]]], [[[-74.1820367627691, 40.629701725735], [-74.1821300583688, 40.6296766326233], [-74.182421540011, 40.6298772867359], [-74.1827634758244, 40.6297912049681], [-74.1827948119632, 40.629783315229], [-74.1829293012205, 40.629749456924], [-74.1832975199501, 40.6296567570345], [-74.1833483072148, 40.6297102093157], [-74.1817373528117, 40.6303624556119], [-74.1808821677081, 40.630708690385], [-74.1807536393047, 40.630765489453], [-74.1806303460927, 40.6308307053699], [-74.1804982979159, 40.6309261626429], [-74.1803408621915, 40.631070115835], [-74.1802762903064, 40.6311495359146], [-74.1802144454686, 40.6312387241837], [-74.1801835656037, 40.631294282499], [-74.1801406441979, 40.6313838327731], [-74.1801024536295, 40.6315239687493], [-74.1800873368783, 40.6316106522858], [-74.1800803886673, 40.6317393134914], [-74.1800928059192, 40.6318467271357], [-74.1801066698096, 40.6319264429538], [-74.1801455073859, 40.6320679746974], [-74.1801830422188, 40.6321445637958], [-74.1802297479199, 40.6322200686415], [-74.1803424166029, 40.6323727149464], [-74.1804693039902, 40.6325007203351], [-74.1806573017589, 40.6326354448146], [-74.1808127190817, 40.6327252868877], [-74.1810045652183, 40.6328053196549], [-74.1811046738226, 40.6328372439443], [-74.1811954219815, 40.6328604109887], [-74.1812952305195, 40.6328809737671], [-74.1814131608032, 40.6328954653313], [-74.1815051435487, 40.6329070341141], [-74.1820845809063, 40.6329704098157], [-74.1826411669033, 40.6330103512617], [-74.1830001229078, 40.6330332561785], [-74.1831054131353, 40.6330399748971], [-74.1829399245912, 40.6331877157331], [-74.1825860744254, 40.6335036155403], [-74.1823747638044, 40.6334782482501], [-74.1821185500282, 40.6334498340577], [-74.1818060306771, 40.6334186384146], [-74.181486321688, 40.6333906375121], [-74.1812202777805, 40.6333727522486], [-74.180889495387, 40.6333545602184], [-74.1807739050401, 40.6333466877513], [-74.180663711093, 40.6333398459312], [-74.1806004374141, 40.6333362117717], [-74.1804892036512, 40.6333303412218], [-74.1804016825683, 40.6333261848993], [-74.1803142454117, 40.6333224408296], [-74.1802305248789, 40.6333192347518], [-74.1800968436737, 40.6333148911935], [-74.1799698983217, 40.6333116418544], [-74.1798527252026, 40.6333094027791], [-74.1796421299341, 40.6333072060101], [-74.1794684508094, 40.6333071611601], [-74.1793224842873, 40.6333092638394], [-74.1790591162333, 40.6333133772294], [-74.178856487202, 40.6333197431744], [-74.1785557621073, 40.6333332123225], [-74.1784661762553, 40.6334028761182], [-74.1783588166517, 40.633432179997], [-74.178289859121, 40.6333433541907], [-74.1781822578232, 40.6333467438809], [-74.1780795508178, 40.6333791651303], [-74.1779356720767, 40.6334173267751], [-74.1779358782288, 40.6333377258083], [-74.1712848440207, 40.633580302046], [-74.1712632371649, 40.6335810888577], [-74.171160028508, 40.633584850945], [-74.1710166801382, 40.6306024434868], [-74.1710169554675, 40.6305069400398], [-74.1711058420679, 40.6305064863648], [-74.1713065396962, 40.6305054625838], [-74.1713286503678, 40.630795244385], [-74.1735035912586, 40.6307840321676], [-74.1734897454051, 40.6306481040305], [-74.1751498199615, 40.6306023909039], [-74.1751918757677, 40.6305702313462], [-74.1782626474683, 40.6304706332566], [-74.1783017422122, 40.6304818850124], [-74.1791615940906, 40.6307293542764], [-74.1810758952394, 40.6299826551681], [-74.18177633504, 40.6297663774495], [-74.1817763824254, 40.6297681324269], [-74.1817744470271, 40.6297722824216], [-74.1817947183753, 40.6297668301066], [-74.1818102215308, 40.6300311834783], [-74.1818496075884, 40.6300212685388], [-74.1818340634768, 40.6297562471164], [-74.1821335307451, 40.6299497923187], [-74.1823265354633, 40.6299012040029], [-74.1820367627691, 40.629701725735]]], [[[-74.1835927660255, 40.6420845962839], [-74.181983203405, 40.6412964589822], [-74.1820077528155, 40.6412558363883], [-74.183256879601, 40.6391887444049], [-74.1832897570993, 40.6391236806977], [-74.1833219371519, 40.6390543424078], [-74.1833537630209, 40.6389787532382], [-74.1833788427693, 40.6389127663526], [-74.1834035746824, 40.638840236769], [-74.1834230534732, 40.6387759941104], [-74.1834386654585, 40.6387181953673], [-74.183452091721, 40.6386621624352], [-74.183462903546, 40.6386174541569], [-74.1834726792594, 40.6385721396454], [-74.1834818234816, 40.6385237139344], [-74.1834892187662, 40.6384780907453], [-74.183495142875, 40.6384348355966], [-74.183500420955, 40.6383875327663], [-74.183504143057, 40.6383443873806], [-74.1835068061037, 40.6383017128585], [-74.1835086763407, 40.6382501757534], [-74.1834999937466, 40.6379252267444], [-74.1834479199396, 40.6359763690128], [-74.1833435619073, 40.6356665878263], [-74.1833185174461, 40.6355922392303], [-74.1832160090938, 40.6352879427431], [-74.1832022023154, 40.6352469586505], [-74.1830721150728, 40.6348607837139], [-74.1827827053923, 40.6344891856802], [-74.182518140513, 40.6342397545792], [-74.1824706897109, 40.6342148340957], [-74.1823690990085, 40.6341614791063], [-74.1822440831635, 40.634095820416], [-74.1823272088327, 40.6340219476342], [-74.1825021253353, 40.6338664967965], [-74.1831750379518, 40.6332684622008], [-74.1832891792193, 40.6331670211882], [-74.1844380266194, 40.6321459739281], [-74.1854309267357, 40.6327398791617], [-74.1855775776899, 40.6328275973288], [-74.1858147720963, 40.6329694705285], [-74.1859458139839, 40.632855204027], [-74.1860328527021, 40.6327793068963], [-74.1871891505974, 40.6317710073859], [-74.1865660491201, 40.6313675896161], [-74.1867177246008, 40.6312352584948], [-74.186227122362, 40.6309176188966], [-74.1861340850247, 40.6308573824071], [-74.1859909046791, 40.630764680291], [-74.1860682799867, 40.6306959082997], [-74.1861598002299, 40.6307551639407], [-74.1861602478583, 40.6307554531877], [-74.1863305408144, 40.6306034034321], [-74.1863492261321, 40.6305874816402], [-74.1865083593671, 40.6306690179865], [-74.1865955746094, 40.630713705338], [-74.1872490240771, 40.6310485114133], [-74.1872888820117, 40.631013083936], [-74.1882693820279, 40.6315052070931], [-74.1884029179991, 40.6315722284672], [-74.1892799803113, 40.6322150103349], [-74.1893644384414, 40.6323031358493], [-74.1894399899891, 40.6323819673763], [-74.18984654961, 40.6328061709293], [-74.1909719447003, 40.6332700245723], [-74.1917244894, 40.6337929035795], [-74.1916962506444, 40.6339201745621], [-74.1918212642315, 40.6339982304992], [-74.1918221790384, 40.6340005354375], [-74.1918290136381, 40.6340493040527], [-74.1918535081198, 40.6340937336301], [-74.1918705599979, 40.6341441488023], [-74.1918929875357, 40.634201053994], [-74.1919139046254, 40.6342670246719], [-74.1919817428894, 40.6343681750677], [-74.19206771248, 40.6344695436116], [-74.192181190084, 40.634563144243], [-74.192255467615, 40.634646592984], [-74.192593995026, 40.6349322409261], [-74.1928309176176, 40.6350786567352], [-74.1933247504367, 40.6352891663362], [-74.1934477051091, 40.6353438841594], [-74.1935531051447, 40.6353941783504], [-74.1936848782505, 40.6354520499212], [-74.1938152475817, 40.6355259260622], [-74.1939662062441, 40.6356122881884], [-74.1941398795733, 40.6357272735301], [-74.1942260380258, 40.6357833610236], [-74.1943057035308, 40.6358614313611], [-74.1943409703093, 40.6359099242116], [-74.1943494338557, 40.6359185490453], [-74.1943550483498, 40.6359299999262], [-74.1943664195582, 40.6359846486451], [-74.1943777932668, 40.6360401492825], [-74.1943768319039, 40.6360948170893], [-74.1943803267715, 40.6361400821765], [-74.194402877813, 40.6361836049231], [-74.194441069584, 40.6362074564084], [-74.1946105726428, 40.6362746493442], [-74.194629689916, 40.6362942645549], [-74.1946264040211, 40.636320747225], [-74.1945917905465, 40.6363703488922], [-74.1945493289566, 40.6364199619886], [-74.1945449188356, 40.6364455937951], [-74.1945585390683, 40.6365027988961], [-74.1945631882661, 40.6365591654934], [-74.1945599846328, 40.6366138388506], [-74.194560153973, 40.6366719194707], [-74.1945670580635, 40.6367325542579], [-74.194568348021, 40.6367906339011], [-74.1945673917869, 40.6368470109015], [-74.1945664343389, 40.6369033868997], [-74.194566601199, 40.6369606147605], [-74.1945745549184, 40.6369964771901], [-74.1946015713183, 40.637033160122], [-74.1946352164972, 40.6370356660627], [-74.1946441874378, 40.6370356508774], [-74.1947002659312, 40.6370415353896], [-74.1947238419973, 40.6370517460918], [-74.1947609425824, 40.6370858490221], [-74.1947756749846, 40.6371396364796], [-74.194772441462, 40.6371840565878], [-74.1947680101534, 40.6372020033765], [-74.1947569039475, 40.6372387508384], [-74.1947373969536, 40.6372780736554], [-74.1946988509006, 40.6373251191224], [-74.1946798417534, 40.6373430887499], [-74.1946541302928, 40.6373696121437], [-74.1946082317076, 40.6373944595754], [-74.1945421573388, 40.6374219048466], [-74.1945018168878, 40.6374305145933], [-74.194425563539, 40.6374272278199], [-74.1943918845075, 40.6374136184904], [-74.1943469334839, 40.6373786731879], [-74.1943076826329, 40.6373761757165], [-74.194233691761, 40.6373805728144], [-74.1941675774833, 40.637394349909], [-74.1940935753639, 40.6373944748457], [-74.1940173446024, 40.637399728348], [-74.1939422541368, 40.6374109611696], [-74.1938660194778, 40.6374145062934], [-74.1937942474855, 40.6374103551864], [-74.1937281057072, 40.6374147387312], [-74.193660899214, 40.6374387688347], [-74.1935970765939, 40.6374687700631], [-74.1935444911158, 40.6375081510396], [-74.1934885461846, 40.6375483912439], [-74.1934415749089, 40.6375911784572], [-74.1934035892744, 40.637638220705], [-74.1933633264762, 40.6376733070232], [-74.1933051251595, 40.6377092825223], [-74.1932525417865, 40.6377495152028], [-74.1932212327418, 40.637779463329], [-74.1931686331695, 40.6378137193041], [-74.1930925450996, 40.6378685131856], [-74.1932352414915, 40.6379699179929], [-74.1926445909987, 40.6384475305903], [-74.1922981865265, 40.6387300394571], [-74.1921691667955, 40.6388352610873], [-74.1916713425397, 40.6392332766327], [-74.1915494045248, 40.639331708589], [-74.191537105649, 40.6393436879812], [-74.1909654440086, 40.639803323611], [-74.1907238036598, 40.6399993294906], [-74.1903031675521, 40.6403399811124], [-74.1896263250264, 40.6408843446648], [-74.1896173728701, 40.6408903407185], [-74.1893846816681, 40.6410812013817], [-74.1887648839732, 40.6415801967114], [-74.1880913868414, 40.6421271075866], [-74.1873496277554, 40.6427270863082], [-74.1872661257083, 40.6427947097316], [-74.1870251753536, 40.6429898414717], [-74.1868611767744, 40.6428893182311], [-74.186807535368, 40.6429551758094], [-74.1867393541801, 40.6430338695539], [-74.1866856407612, 40.6430732491874], [-74.1866319165096, 40.6431092104091], [-74.1865759494494, 40.6431451743229], [-74.1865239999809, 40.6431849153646], [-74.1865196307878, 40.6431830345471], [-74.1865157895351, 40.6431880234017], [-74.1865028378764, 40.6432048437041], [-74.1864763863189, 40.6432298991897], [-74.1864327806609, 40.6432760946068], [-74.1864251687054, 40.6432846786441], [-74.18374764794, 40.6421568749946], [-74.1836956431653, 40.6421349691801], [-74.183693191533, 40.6421337682043], [-74.1835927660255, 40.6420845962839]]]]}, "properties": {"campus_name": "NYC Economic Development Corp cluster (6 lots)", "owner_key": "EDC", "owner_label": "NYC Economic Development Corp", "lot_count": 6, "bldg_area_sqft": 233560, "derivation": "contiguous lots, owner=EDC, snap=0.0003deg", "kind": "campus", "owner_kind": "public"}}, {"type": "Feature", "geometry": {"type": "MultiPolygon", "coordinates": [[[[-73.8468727683154, 40.7695250634722], [-73.8468738316837, 40.7695555740071], [-73.846878655989, 40.7695849404705], [-73.8466672713687, 40.7695714228446], [-73.8466712046825, 40.7695128520359], [-73.8468727683154, 40.7695250634722]]], [[[-73.8465017649698, 40.7697410574991], [-73.8465002505721, 40.7697696185888], [-73.8466355710393, 40.7697800672122], [-73.8467032105516, 40.7697852892608], [-73.8481055390916, 40.769893558194], [-73.8480909558257, 40.7698625111558], [-73.848041681167, 40.7697576202307], [-73.8484060050478, 40.7697342133778], [-73.8485620460998, 40.7696795182191], [-73.8485113197277, 40.7697712354818], [-73.8486166687718, 40.7698849762413], [-73.8486748366824, 40.7699969449378], [-73.8486917254179, 40.7699930066533], [-73.8487086846755, 40.7699887344058], [-73.8487254790748, 40.7699840810351], [-73.8487420836074, 40.7699790600625], [-73.8487730271034, 40.7699715102934], [-73.8488036535521, 40.7699632387846], [-73.8488339357322, 40.7699542644897], [-73.84886384173, 40.7699445872849], [-73.8488933464352, 40.7699342161721], [-73.8489230112346, 40.7699248654956], [-73.8488248130128, 40.7697528555226], [-73.849480888383, 40.7695349305682], [-73.8495038388765, 40.7695746016563], [-73.8494734394117, 40.7695854372419], [-73.8495196335991, 40.7696640490284], [-73.849537232864, 40.769693999026], [-73.8495669906907, 40.7696837630145], [-73.8496488910543, 40.7698253319877], [-73.8496178057513, 40.7698350368037], [-73.8496804814009, 40.7699410342049], [-73.8497102928231, 40.7699314681758], [-73.8497358631216, 40.7699756678834], [-73.8495196335388, 40.7700472530327], [-73.8490765969302, 40.7701939250736], [-73.8489781074984, 40.770022069797], [-73.848766967214, 40.7700847858061], [-73.8487462268469, 40.7700896303538], [-73.8487257322011, 40.7700948119499], [-73.8486674902766, 40.7702634288561], [-73.8486267423521, 40.7703957684858], [-73.8486142973857, 40.7704341883689], [-73.8485882784613, 40.7705127358206], [-73.8485859441454, 40.7705511689859], [-73.8485880493169, 40.7706135236078], [-73.8485992172278, 40.770643435009], [-73.8486115203949, 40.7706673667974], [-73.8486238120283, 40.7706964251686], [-73.8486462127213, 40.7707272013885], [-73.8486730802418, 40.7707699449226], [-73.8487492901392, 40.7708520431272], [-73.8489062660481, 40.7709906206475], [-73.8491307821994, 40.7710720593109], [-73.8491882973901, 40.7711062680356], [-73.8488780180573, 40.7712132245031], [-73.8487816108596, 40.77124645634], [-73.8484641533861, 40.7712408046704], [-73.8484748756306, 40.7712714116275], [-73.8480669223809, 40.7712615532829], [-73.8478970387214, 40.771257447077], [-73.8478949857815, 40.7712990197689], [-73.8478913854175, 40.7713719567944], [-73.8476687914822, 40.771363818437], [-73.8475544543038, 40.7713596383248], [-73.8466820029065, 40.7713277375389], [-73.8465536417729, 40.7713239411808], [-73.8457147679665, 40.7712991268848], [-73.8447110200274, 40.7712694261253], [-73.844122339677, 40.7712520025712], [-73.8440229659556, 40.7713173140287], [-73.8438682138365, 40.7711683977621], [-73.8457425378947, 40.7712276838236], [-73.8457827661423, 40.7704698422048], [-73.8458332670401, 40.7704714397606], [-73.8458739631467, 40.7697047422391], [-73.8465017649698, 40.7697410574991]]]]}, "properties": {"campus_name": "NYC Sanitation cluster (4 lots)", "owner_key": "SANIT", "owner_label": "NYC Sanitation", "lot_count": 4, "bldg_area_sqft": 229194, "derivation": "contiguous lots, owner=SANIT, snap=0.0003deg", "kind": "campus", "owner_kind": "public"}}, {"type": "Feature", "geometry": {"type": "Polygon", "coordinates": [[[-73.9904870205451, 40.5761128844799], [-73.9905411619751, 40.576397819357], [-73.9906124569244, 40.5763898852806], [-73.9906786439138, 40.5763825180571], [-73.9906814027933, 40.5763822112424], [-73.9907525939107, 40.5763742878619], [-73.9908214807157, 40.5763666209295], [-73.9908924460998, 40.576358721791], [-73.9909624431605, 40.5763509314608], [-73.9911093165375, 40.5763345840242], [-73.9913810894078, 40.5777647896364], [-73.9905253579261, 40.5778600319485], [-73.9903616226174, 40.5770003183454], [-73.9903098900189, 40.5767286869989], [-73.99026850523, 40.5765113815315], [-73.9902529853579, 40.5764298927079], [-73.990198723558, 40.5761449720761], [-73.9904870205451, 40.5761128844799]]]}, "properties": {"campus_name": "NYC Housing Authority cluster (5 lots)", "owner_key": "NYCHA", "owner_label": "NYC Housing Authority", "lot_count": 5, "bldg_area_sqft": 229134, "derivation": "contiguous lots, owner=NYCHA, snap=0.0003deg", "kind": "campus", "owner_kind": "public"}}, {"type": "Feature", "geometry": {"type": "MultiPolygon", "coordinates": [[[[-73.8882070493484, 40.8247916655431], [-73.8882011256706, 40.8247204449117], [-73.88819542507, 40.8246518818475], [-73.8881897291882, 40.8245834007717], [-73.8881840170441, 40.8245147081063], [-73.8881783210772, 40.8244462270282], [-73.8881725950463, 40.8243773578249], [-73.8881668991061, 40.8243088749059], [-73.8881610754829, 40.824238851193], [-73.8881553807743, 40.8241703691917], [-73.888149825557, 40.8241035586681], [-73.8881441285594, 40.8240350766638], [-73.8881384548336, 40.823966844151], [-73.8881374428306, 40.8239546702542], [-73.8885009982528, 40.8239365739032], [-73.8885990468824, 40.8251154860422], [-73.8878749343765, 40.8251515290445], [-73.8878519438993, 40.8248750696197], [-73.8882124931887, 40.8248571233451], [-73.8882070493484, 40.8247916655431]]], [[[-73.8891398640679, 40.8246997023609], [-73.8891381589812, 40.8246792999251], [-73.8895006878539, 40.8246619720276], [-73.8895344118582, 40.8250657014213], [-73.888811105397, 40.8251002742381], [-73.8887884555269, 40.8248290939743], [-73.889149231878, 40.8248118519939], [-73.8891442573592, 40.8247522910704], [-73.8891398640679, 40.8246997023609]]], [[[-73.8904755506957, 40.8250224883028], [-73.8897611117847, 40.8250580597493], [-73.8897360673054, 40.8247581164423], [-73.8900898970152, 40.8247404992027], [-73.8900896679505, 40.8247377597325], [-73.8904502751462, 40.8247198047609], [-73.8904755506957, 40.8250224883028]]], [[[-73.8892128118949, 40.8254168701569], [-73.8892126250492, 40.8254144602579], [-73.8892122386316, 40.8254094773969], [-73.8892000599717, 40.8252524722945], [-73.8895606661298, 40.8252341157772], [-73.88957754795, 40.8254527760544], [-73.8892170200222, 40.8254711281822], [-73.8892128118949, 40.8254168701569]]], [[[-73.888613801836, 40.8252771024866], [-73.888667735269, 40.8259251832639], [-73.8883057399812, 40.8259431402721], [-73.8883201955987, 40.8261168401727], [-73.8879583355319, 40.8261347881899], [-73.8879339894133, 40.825860481484], [-73.8882973618996, 40.8258424576244], [-73.8882746039831, 40.8255689665201], [-73.8882518112735, 40.825295057571], [-73.888613801836, 40.8252771024866]]], [[[-73.8874066602308, 40.8263952695897], [-73.8874012651883, 40.8263238225687], [-73.887762675036, 40.8263063748045], [-73.88778784568, 40.8266397549038], [-73.8874730727055, 40.826800921504], [-73.8872733269986, 40.8265767001441], [-73.8874239753385, 40.826499566729], [-73.8874066602308, 40.8263952695897]]]]}, "properties": {"campus_name": "NYC Housing Authority cluster (7 lots)", "owner_key": "NYCHA", "owner_label": "NYC Housing Authority", "lot_count": 7, "bldg_area_sqft": 222007, "derivation": "contiguous lots, owner=NYCHA, snap=0.0003deg", "kind": "campus", "owner_kind": "public"}}, {"type": "Feature", "geometry": {"type": "MultiPolygon", "coordinates": [[[[-73.9213939309811, 40.695546645888], [-73.921689935535, 40.6957160585478], [-73.9215028562458, 40.6959058106172], [-73.9209191786677, 40.6955718096652], [-73.9211281635996, 40.6953587916854], [-73.921416389177, 40.6955237539085], [-73.9213939309811, 40.695546645888]]], [[[-73.9221660752643, 40.6959654940967], [-73.9221459946632, 40.6959859789015], [-73.9224378723292, 40.6961525619474], [-73.9222565409839, 40.6963369096843], [-73.9216712838552, 40.6960025873179], [-73.9218721075461, 40.6957977166058], [-73.9221660752643, 40.6959654940967]]], [[[-73.92299198655, 40.6964348756378], [-73.9232169782915, 40.6965636759975], [-73.9230187548414, 40.6967664327357], [-73.922420202239, 40.6964279458636], [-73.922642847129, 40.6962014248291], [-73.9229362730226, 40.6963694043609], [-73.923013033758, 40.6964133476649], [-73.92299198655, 40.6964348756378]]], [[[-73.9199672182728, 40.6970126470313], [-73.9200231523981, 40.6969553709505], [-73.9200760740043, 40.6969011797478], [-73.9201307156826, 40.69684522464], [-73.9201838502941, 40.6967908120022], [-73.9202397829483, 40.6967335358137], [-73.9202914129376, 40.6966806655391], [-73.9203469165234, 40.6966238302273], [-73.9204000521008, 40.6965694174877], [-73.920457058729, 40.6965110397054], [-73.9205065372696, 40.6964603714691], [-73.9205637593054, 40.6964017731681], [-73.9206153899888, 40.696348903583], [-73.9206532520889, 40.6963101311063], [-73.9206904684624, 40.6962720209314], [-73.9207429577988, 40.6962182694267], [-73.9207988894933, 40.696160992126], [-73.9208520242231, 40.6961065790907], [-73.9208969840817, 40.6960605379485], [-73.9205964420002, 40.6958897729358], [-73.920774994675, 40.6957069288548], [-73.9213758417457, 40.696050536308], [-73.9200710018991, 40.6973867399888], [-73.9196201864178, 40.6971305893608], [-73.91981810297, 40.6969279202514], [-73.9199672182728, 40.6970126470313]]], [[[-73.9211767047652, 40.6969724507169], [-73.9211196858346, 40.6970303713865], [-73.9210654529998, 40.6970854636138], [-73.9210117886097, 40.6971399771036], [-73.9209566730842, 40.6971959646791], [-73.9212526190284, 40.6973640492671], [-73.9208188767022, 40.697804653647], [-73.9202250595306, 40.6974673878033], [-73.9215267844805, 40.6961417820893], [-73.9221218362738, 40.696481055575], [-73.9215807861027, 40.6970306837149], [-73.9212848420205, 40.6968626008846], [-73.9212357943362, 40.6969124251084], [-73.9211767047652, 40.6969724507169]]], [[[-73.9214436191916, 40.6978925107072], [-73.9214908100251, 40.6978445221556], [-73.9215460276179, 40.6977883705083], [-73.9215996009278, 40.6977338909279], [-73.9216532974091, 40.6976792861662], [-73.9218173593846, 40.6975124471527], [-73.9218733771679, 40.69745547911], [-73.9219247040054, 40.6974032841318], [-73.9219807583613, 40.6973462800858], [-73.9216815078798, 40.6971776412885], [-73.9222834950779, 40.6965636068087], [-73.9228796860461, 40.6969046440375], [-73.9215690031639, 40.6982375277571], [-73.9214190131498, 40.698153002421], [-73.9215926070497, 40.6979764707893], [-73.9215157240281, 40.6979331451334], [-73.9214436191916, 40.6978925107072]]]]}, "properties": {"campus_name": "NYC Housing Authority cluster (6 lots)", "owner_key": "NYCHA", "owner_label": "NYC Housing Authority", "lot_count": 6, "bldg_area_sqft": 210460, "derivation": "contiguous lots, owner=NYCHA, snap=0.0003deg", "kind": "campus", "owner_kind": "public"}}, {"type": "Feature", "geometry": {"type": "MultiPolygon", "coordinates": [[[[-73.910554801855, 40.8094488551145], [-73.9106979497953, 40.8090545828773], [-73.9107569446989, 40.8089360418845], [-73.9125982964768, 40.8094927079272], [-73.913146205795, 40.8097018710348], [-73.9132375545927, 40.8099703810666], [-73.9132467421384, 40.8099957829478], [-73.913257546311, 40.8100192995267], [-73.9132764040399, 40.8100517640112], [-73.9132950439288, 40.81007760167], [-73.9133181675113, 40.8101042701705], [-73.9133373699129, 40.8101232158007], [-73.9133605959148, 40.8101432116992], [-73.9133886657921, 40.8101640226428], [-73.9134104096879, 40.8101780840443], [-73.9134360189409, 40.8101927039263], [-73.9134693438369, 40.8102090207672], [-73.9135014556732, 40.8102222227185], [-73.9135192309093, 40.8102285765126], [-73.9135340595925, 40.8102333899337], [-73.913546640061, 40.8102371418692], [-73.9135570860139, 40.8102400321849], [-73.9135677431205, 40.8102427776772], [-73.9135778732344, 40.8102452004324], [-73.9135863981174, 40.8102471005356], [-73.9135922632352, 40.81024833598], [-73.9135976602661, 40.810249420568], [-73.913603706723, 40.8102505777579], [-73.9136080825491, 40.8102513788968], [-73.914981841217, 40.8104904864457], [-73.9149558197864, 40.8105356091751], [-73.9128915540458, 40.8141152630562], [-73.9124096658367, 40.8139551127958], [-73.9122225576615, 40.8138929289208], [-73.9111261059078, 40.8135285238145], [-73.9110816634799, 40.8135193260089], [-73.9110603834909, 40.8135035787983], [-73.9110407970598, 40.8134888045946], [-73.9110162772634, 40.8134699193248], [-73.9109861200863, 40.8134460743057], [-73.9109542518813, 40.8134201009182], [-73.9109225813638, 40.8133934604072], [-73.9108863483337, 40.8133619150127], [-73.9108634806404, 40.8133413866635], [-73.910834345754, 40.8133144960237], [-73.9107913794648, 40.8132732496946], [-73.9107610995151, 40.8132429596556], [-73.9107248120875, 40.8132052132547], [-73.9106760901675, 40.813151826469], [-73.9106328535658, 40.81310022686], [-73.9105964366653, 40.8130531512149], [-73.9105617958775, 40.8130047126192], [-73.9105327848144, 40.8129608593142], [-73.9105066687484, 40.8129183022088], [-73.9104811591658, 40.8128733214554], [-73.9104574401172, 40.8128277828228], [-73.9104399005247, 40.81279125943], [-73.9104223602664, 40.8127517265574], [-73.9104076681259, 40.8127157393693], [-73.9103960646878, 40.8126850143263], [-73.9103877523843, 40.8126614751647], [-73.9103809365022, 40.8126410385005], [-73.9103763584123, 40.8126266503882], [-73.9103676364809, 40.8125974926805], [-73.9103565285743, 40.812556145791], [-73.9103505824209, 40.8125314179928], [-73.9103467312473, 40.8125141245386], [-73.9103430218654, 40.8124962818852], [-73.9103402451648, 40.8124820059383], [-73.9103373121807, 40.8124658774834], [-73.9103355082675, 40.8124553123325], [-73.9103335348994, 40.8124430262603], [-73.9103489401067, 40.8124405258666], [-73.9103643882641, 40.8124369574248], [-73.9103831225868, 40.8124310809479], [-73.9103950238634, 40.8124263626097], [-73.9104081810064, 40.8124201287517], [-73.9104249412216, 40.8124103524596], [-73.9104367763683, 40.8124019113924], [-73.910452719894, 40.8123877895313], [-73.9104593334829, 40.8123806573543], [-73.9104654676801, 40.8123730916173], [-73.9104716546438, 40.8123641968252], [-73.9104782149428, 40.8123526376876], [-73.9104834413243, 40.8123406137914], [-73.9104860642426, 40.812332689692], [-73.9104882746959, 40.8123237764176], [-73.9104897890753, 40.8123143386446], [-73.9104904975028, 40.8123040401443], [-73.9104903314738, 40.8122952664929], [-73.91048942742, 40.8122862959204], [-73.9104877824835, 40.8122773697819], [-73.910484746367, 40.8122665128758], [-73.9104798856188, 40.8122542596173], [-73.9104746629821, 40.8122441844002], [-73.9104679887714, 40.8122337757602], [-73.9104600425991, 40.8122235903388], [-73.9104499755807, 40.8122129233167], [-73.9104392206443, 40.8122034489092], [-73.9104320929475, 40.8121979963128], [-73.910421680367, 40.8121913722752], [-73.9104099795224, 40.8121854657854], [-73.9103929322246, 40.8121778811167], [-73.9103758604331, 40.8121708277466], [-73.9103582848782, 40.8121629654141], [-73.9103466259669, 40.8121567545988], [-73.9103375918003, 40.8121501010063], [-73.9103291427741, 40.8121427832783], [-73.9103241907228, 40.8121376834845], [-73.9103218302713, 40.8121329594132], [-73.910319516464, 40.8121269585695], [-73.9103189460606, 40.8121184015317], [-73.9103188130475, 40.8121072064703], [-73.9103203357514, 40.8120907060163], [-73.9103246275848, 40.8120457051454], [-73.9103346033299, 40.8119816280901], [-73.9103508411443, 40.8118827030008], [-73.9103518346079, 40.8118789837774], [-73.9103525338006, 40.8118763710545], [-73.9103540347859, 40.8118707531572], [-73.9103780876481, 40.8117807652764], [-73.9104280335634, 40.8115939003214], [-73.9101829854268, 40.8115434474838], [-73.9098298146958, 40.8114707321048], [-73.9099955295801, 40.8110085899457], [-73.9105537530252, 40.8111235254178], [-73.910593688585, 40.8109741097446], [-73.91060697608, 40.8109200297562], [-73.9106213334329, 40.8108529429855], [-73.9106253426532, 40.8108319762064], [-73.9106297384092, 40.8108073581627], [-73.9106335453259, 40.8107843642433], [-73.9106372911128, 40.8107600698739], [-73.9106405804581, 40.8107367918643], [-73.9106436036833, 40.8107130948497], [-73.9101387587703, 40.8106091505879], [-73.9104877747524, 40.8096357888286], [-73.9104881447702, 40.8096347598546], [-73.910554801855, 40.8094488551145]]], [[[-73.9095129752507, 40.8116974679223], [-73.9088094814025, 40.8115528159466], [-73.9092152881763, 40.8104241491369], [-73.9099168160697, 40.8105691654883], [-73.9095129752507, 40.8116974679223]]]]}, "properties": {"campus_name": "NYC Parks cluster (5 lots)", "owner_key": "PARKS", "owner_label": "NYC Parks", "lot_count": 5, "bldg_area_sqft": 204450, "derivation": "contiguous lots, owner=PARKS, snap=0.0003deg", "kind": "campus", "owner_kind": "public"}}, {"type": "Feature", "geometry": {"type": "MultiPolygon", "coordinates": [[[[-73.9481091714237, 40.7028705082396], [-73.9480405142718, 40.7029149886637], [-73.9478014822594, 40.7027016392347], [-73.9478684925437, 40.702658227975], [-73.9478701393504, 40.7026571598734], [-73.9479383061471, 40.7026129989947], [-73.9479437993417, 40.7026094407987], [-73.9480049267975, 40.7025698405524], [-73.9482439577794, 40.7027831894782], [-73.9481773394892, 40.7028263472224], [-73.9481091714237, 40.7028705082396]]], [[[-73.9498357415652, 40.7027215067701], [-73.9481846206599, 40.7037878812317], [-73.9477120012725, 40.7033656082994], [-73.9493622382521, 40.7022971474002], [-73.9498357415652, 40.7027215067701]]], [[[-73.9484524546165, 40.7043220645221], [-73.9480785094997, 40.7041040535467], [-73.9481551423324, 40.7040530156131], [-73.9484524546165, 40.7043220645221]]]]}, "properties": {"campus_name": "NYC Parks cluster (5 lots)", "owner_key": "PARKS", "owner_label": "NYC Parks", "lot_count": 5, "bldg_area_sqft": 203435, "derivation": "contiguous lots, owner=PARKS, snap=0.0003deg", "kind": "campus", "owner_kind": "public"}}, {"type": "Feature", "geometry": {"type": "Polygon", "coordinates": [[[-73.905207583787, 40.8133569070426], [-73.9055562520909, 40.8134287386318], [-73.9059250559474, 40.8135047170276], [-73.9058965228405, 40.8135841537066], [-73.9058584774544, 40.8136900689021], [-73.905820433157, 40.8137959850056], [-73.9057823875257, 40.8139019010937], [-73.9054051301138, 40.8149521552643], [-73.9046883397656, 40.8148089495223], [-73.9051839056218, 40.8134231245968], [-73.905207583787, 40.8133569070426]]]}, "properties": {"campus_name": "NYC Parks cluster (6 lots)", "owner_key": "PARKS", "owner_label": "NYC Parks", "lot_count": 6, "bldg_area_sqft": 200640, "derivation": "contiguous lots, owner=PARKS, snap=0.0003deg", "kind": "campus", "owner_kind": "public"}}, {"type": "Feature", "geometry": {"type": "MultiPolygon", "coordinates": [[[[-73.986439832252, 40.6603303895005], [-73.9863711249194, 40.6602888513582], [-73.9863231799521, 40.6602598634661], [-73.9862768229562, 40.6602318383479], [-73.9862288981732, 40.6602028630526], [-73.9861820411314, 40.6601745343133], [-73.9861363712278, 40.6601469225911], [-73.9860876828119, 40.6601174869241], [-73.9860420082628, 40.6600898706456], [-73.9861537172726, 40.6599826119103], [-73.986268874852, 40.6598720386587], [-73.9862733926719, 40.6598747687239], [-73.9862972240018, 40.6598903162104], [-73.9863273736957, 40.6599110110212], [-73.9863594869118, 40.6599344093126], [-73.9863953892423, 40.659962384556], [-73.98644263526, 40.6600024937364], [-73.9864851726138, 40.6600423214114], [-73.9865468963134, 40.6601052801709], [-73.9866401394517, 40.6602058931388], [-73.9867253729967, 40.6603044042082], [-73.9867898658004, 40.6603836903651], [-73.9868469666634, 40.6604577653139], [-73.9868871968907, 40.6605123907934], [-73.986912483952, 40.6605478533321], [-73.9868690784959, 40.660589900705], [-73.9867626539892, 40.6605255591738], [-73.9866547044722, 40.6604602961742], [-73.986581715501, 40.6604161686866], [-73.9865119863129, 40.6603740118351], [-73.986439832252, 40.6603303895005]]], [[[-73.9894388385389, 40.6615874855282], [-73.9879751633559, 40.6607076633057], [-73.987960751358, 40.6606978812342], [-73.9879454196982, 40.6606864349624], [-73.9879241588655, 40.6606684692804], [-73.9879085051182, 40.6606533335171], [-73.9878933055981, 40.6606366552559], [-73.9878852047768, 40.660626766753], [-73.9878785299004, 40.660617707732], [-73.9878700037521, 40.6606057525045], [-73.9875990252562, 40.6602289483031], [-73.9878966146207, 40.6599442195453], [-73.9898915566262, 40.6611525910938], [-73.9894388385389, 40.6615874855282]]], [[[-73.9878237420095, 40.6615805612756], [-73.9878041256165, 40.6615442071313], [-73.9877768763651, 40.6615128410474], [-73.9877474732658, 40.6614900755871], [-73.9868513644398, 40.6609495460505], [-73.9872140797209, 40.6606003126153], [-73.9880723299766, 40.661785336871], [-73.9884335127144, 40.6622840257395], [-73.9885380122252, 40.6624283052409], [-73.988480290638, 40.6624837487626], [-73.9884136064276, 40.6624436573823], [-73.9883408327956, 40.6623999047576], [-73.9882695112727, 40.6623570265753], [-73.9881944451271, 40.6623118948889], [-73.9882406456394, 40.6622675168469], [-73.988171113354, 40.6622257130778], [-73.9881018199731, 40.6621840526022], [-73.9880312176974, 40.6621416047813], [-73.9879591197863, 40.6620982581582], [-73.9878893041117, 40.6620562822639], [-73.9878174806798, 40.6620131020654], [-73.987758608342, 40.6619777046824], [-73.9877503054307, 40.6619727140017], [-73.9877259916993, 40.6619960663136], [-73.9876534459558, 40.6619524501451], [-73.9875761766542, 40.6619059932101], [-73.9877798922632, 40.6617102886547], [-73.9877988542517, 40.6616907332212], [-73.9878076532952, 40.6616793408571], [-73.9878182766591, 40.6616627535015], [-73.9878262019942, 40.6616373589432], [-73.9878285047289, 40.6616221097838], [-73.9878284133836, 40.6616043210083], [-73.9878237420095, 40.6615805612756]]], [[[-73.9881431774506, 40.6612571300355], [-73.9881348510838, 40.6612651455799], [-73.9881803176499, 40.6613283250673], [-73.9881984153574, 40.6613534720101], [-73.9882304020697, 40.6613979193864], [-73.9882633760154, 40.6614437410712], [-73.9882856620048, 40.6614571529551], [-73.9883561679205, 40.6614995852192], [-73.9884253401272, 40.6615412167533], [-73.9884953744155, 40.6615833670313], [-73.9885672343943, 40.6616266152463], [-73.9886157926571, 40.6616558391031], [-73.9886639512177, 40.6616848215377], [-73.9887121477185, 40.6617138283848], [-73.9888669796428, 40.6618070117672], [-73.9888431393936, 40.6618299122569], [-73.9888084995954, 40.6618631902631], [-73.9887709667384, 40.6618992450221], [-73.9887346922949, 40.6619340905712], [-73.9887417726326, 40.6619383516205], [-73.9889326454838, 40.6620532237944], [-73.9887687219032, 40.6622106956551], [-73.9887182378716, 40.6621402712022], [-73.9877224792009, 40.660751158527], [-73.9883044343334, 40.6611018767173], [-73.9881431774506, 40.6612571300355]]], [[[-73.9890348605383, 40.6630059115327], [-73.9891578119972, 40.6631182544461], [-73.9892854863364, 40.6632281861371], [-73.9894194335678, 40.6633368557328], [-73.989554602314, 40.6634417557666], [-73.9884992354398, 40.6628042659951], [-73.9886766231576, 40.6626335718051], [-73.9887748276193, 40.6627436065784], [-73.9889136463365, 40.662888239363], [-73.9890348605383, 40.6630059115327]]], [[[-73.9889269471648, 40.6623926918419], [-73.9900651000365, 40.6630797186766], [-73.9898924436333, 40.6632435084429], [-73.989863232432, 40.663271220182], [-73.9899177319712, 40.6633119463111], [-73.9899675089405, 40.6633482864916], [-73.9900217321617, 40.6633869755684], [-73.9900739560297, 40.6634233789956], [-73.990128395935, 40.6634604605777], [-73.9901696895716, 40.6634880118523], [-73.9902157190226, 40.6635181542455], [-73.9902602493045, 40.6635467602259], [-73.9903052005575, 40.6635750924849], [-73.9903368669242, 40.6635947146658], [-73.9903475056416, 40.6636011353727], [-73.9904055470741, 40.6636361702727], [-73.990532138914, 40.6637125823584], [-73.990693833873, 40.6638101827157], [-73.9906579544754, 40.6638442193084], [-73.9904700433277, 40.663736020393], [-73.9903466442598, 40.6636614122393], [-73.9902512170926, 40.6636016882016], [-73.9901114841451, 40.6635078407213], [-73.9899657514094, 40.6634047333606], [-73.9898238452517, 40.6632988129683], [-73.9896940566394, 40.66319678916], [-73.9895619836646, 40.6630879093113], [-73.9894273156028, 40.6629699158718], [-73.9892930630669, 40.6628444912874], [-73.9891790852538, 40.6627311704418], [-73.9890218992396, 40.6625625014098], [-73.9888972663472, 40.6624212524537], [-73.9889269471648, 40.6623926918419]]], [[[-73.9913490509339, 40.6642153607984], [-73.9914133323807, 40.6642538473444], [-73.9914744779051, 40.6642904561004], [-73.9915321268333, 40.6643249726232], [-73.991586883374, 40.6643577572052], [-73.9916112700677, 40.6643723581707], [-73.9916425096188, 40.6643874314755], [-73.9916661955002, 40.6643985131765], [-73.991708463374, 40.6644177413659], [-73.9917213316122, 40.6644235956372], [-73.9918464587406, 40.6644811943956], [-73.991864010884, 40.6644892732783], [-73.9919244128227, 40.6645170854544], [-73.9919420028867, 40.66452518499], [-73.9919619071979, 40.6645331550951], [-73.9919951930749, 40.6645462481912], [-73.9920089708439, 40.6645511380479], [-73.9920322659495, 40.6645575296931], [-73.9920557114089, 40.6645616458464], [-73.9920783221254, 40.6645646560236], [-73.9921013493451, 40.6645658345496], [-73.9921215468493, 40.6645651128519], [-73.9921620451982, 40.6645602851974], [-73.9921701114046, 40.6645525683517], [-73.9923005120421, 40.664427834962], [-73.9924805083214, 40.6645365967459], [-73.9922706001865, 40.6647398230767], [-73.9922531845615, 40.6647566831998], [-73.9923977500959, 40.6648432359868], [-73.9924685886247, 40.664885647748], [-73.9925372300478, 40.6649267436692], [-73.9926080687539, 40.6649691553455], [-73.9927546998109, 40.6650569443241], [-73.992908635877, 40.6651491055237], [-73.9929082349292, 40.6651494936024], [-73.9908953819518, 40.6639443613539], [-73.9908957853206, 40.6639439741186], [-73.9910487972972, 40.6640355893485], [-73.9913047974246, 40.6641888642728], [-73.9913103397253, 40.6641921821859], [-73.9913490509339, 40.6642153607984]]]]}, "properties": {"campus_name": "NYC Parks cluster (9 lots)", "owner_key": "PARKS", "owner_label": "NYC Parks", "lot_count": 9, "bldg_area_sqft": 195552, "derivation": "contiguous lots, owner=PARKS, snap=0.0003deg", "kind": "campus", "owner_kind": "public"}}, {"type": "Feature", "geometry": {"type": "MultiPolygon", "coordinates": [[[[-74.1002546466629, 40.6436018244128], [-74.1002206357135, 40.6432155782869], [-74.1004026714447, 40.6432085206186], [-74.1005785281712, 40.6431406496576], [-74.1013445515669, 40.6432932616621], [-74.1014871263868, 40.6429528387866], [-74.1020044210745, 40.6430558957915], [-74.1020677029824, 40.6429047919438], [-74.1026479534166, 40.6430449284928], [-74.1025246458559, 40.6435190292949], [-74.1026706231968, 40.6435626084807], [-74.1024724949042, 40.6441149581928], [-74.1031724460691, 40.6442966541145], [-74.1028260962919, 40.6451588013557], [-74.10277966666, 40.6452743740543], [-74.1027524371031, 40.6452689737074], [-74.10272045781, 40.6452624041631], [-74.1026928129951, 40.645256801461], [-74.1026594745519, 40.6452497595078], [-74.1026196972884, 40.6452409419748], [-74.1025722922289, 40.6452298367367], [-74.1025288967113, 40.6452190953455], [-74.1024825187598, 40.645206997687], [-74.1024386483265, 40.6451949554165], [-74.1023980486947, 40.6451832839337], [-74.1023020447637, 40.6451587995697], [-74.1022098585441, 40.645134465835], [-74.1020509552461, 40.6450887903645], [-74.1019043285661, 40.645042315792], [-74.1017609684816, 40.6449926899675], [-74.1016266564332, 40.6449422752413], [-74.1015378089561, 40.6449067571081], [-74.1014425018538, 40.6448666592134], [-74.1013963311799, 40.6448459717651], [-74.1013422908594, 40.6448225672215], [-74.1012600961461, 40.644788586478], [-74.1012195139001, 40.644772510131], [-74.101149150712, 40.6447460508334], [-74.1011226719891, 40.6447373841397], [-74.1010964500709, 40.6447296627555], [-74.1010678415993, 40.6447221739479], [-74.1010400434177, 40.6447157974518], [-74.1010078888918, 40.6447094887766], [-74.1009769574517, 40.6447044667314], [-74.1009605742984, 40.6447022865973], [-74.1009392924846, 40.6446996973069], [-74.1009242485794, 40.644698198583], [-74.100908412808, 40.6446968688802], [-74.1008925172231, 40.6446957860285], [-74.100870514107, 40.6446947030926], [-74.1006428592827, 40.6446862620183], [-74.0998053212903, 40.6446996830367], [-74.099796330095, 40.6445975539802], [-74.0996765039319, 40.6432366721367], [-74.1000346729286, 40.6432227876653], [-74.1000686828068, 40.6436090338459], [-74.1002546466629, 40.6436018244128]]], [[[-74.1006668914836, 40.6448341188049], [-74.1007410518173, 40.6448331200367], [-74.1007596616494, 40.6448332549912], [-74.1007775166001, 40.6448337580465], [-74.1007916075484, 40.6448344157392], [-74.1008061362524, 40.6448353341553], [-74.1008226081159, 40.6448366722668], [-74.1008383461009, 40.6448382497045], [-74.1008617824781, 40.6448411423215], [-74.1008890712936, 40.6448453453687], [-74.1009163521719, 40.6448504706163], [-74.1009428609787, 40.6448563601942], [-74.1009737071912, 40.6448643873513], [-74.1011684085718, 40.6449443930085], [-74.101284368036, 40.6449913952432], [-74.1014211377145, 40.645044067641], [-74.101526043486, 40.6450824992472], [-74.1016499079985, 40.6451257408373], [-74.1017588785669, 40.6451602810674], [-74.1018532959455, 40.6451918805051], [-74.1019918597973, 40.6452335849855], [-74.1021022764101, 40.6452649259049], [-74.1022596408747, 40.6453067619509], [-74.1024116371247, 40.6453440828453], [-74.1025094294109, 40.6453665231012], [-74.1026051065368, 40.6453873045692], [-74.1026683675079, 40.6454004155561], [-74.1027233826814, 40.6454114139805], [-74.1027658689109, 40.645419653552], [-74.1027374260992, 40.6454831853959], [-74.1026995853225, 40.6454783086137], [-74.1026586908721, 40.645472689877], [-74.1026163437383, 40.645466491644], [-74.1025716037576, 40.6454595173977], [-74.1025281296191, 40.6454523177922], [-74.102479401844, 40.6454437504731], [-74.1024220095444, 40.6454329791814], [-74.1023788311732, 40.6454243852084], [-74.1023383853064, 40.6454159464069], [-74.1023023832167, 40.6454081187137], [-74.1022646646633, 40.6453995946343], [-74.1022034609812, 40.6453850498187], [-74.1021340668002, 40.6453674757597], [-74.1012237806469, 40.6451411733963], [-74.1006995466569, 40.6450350220788], [-74.1006961266273, 40.6450139862725], [-74.1006668914836, 40.6448341188049]]], [[[-74.1007137221588, 40.6451222285447], [-74.1011837707228, 40.6452219751955], [-74.1020916172841, 40.6454426653636], [-74.102208270217, 40.6454682940261], [-74.1022893942619, 40.6454847229945], [-74.1023518647962, 40.6454965560952], [-74.1024228027142, 40.6455091415996], [-74.1024935369184, 40.6455207988539], [-74.1025573616799, 40.6455305594343], [-74.1026094028286, 40.6455379909076], [-74.1026554810976, 40.6455441786168], [-74.1027072051794, 40.6455506864564], [-74.1026848688681, 40.6456005780543], [-74.1026696388327, 40.64563459569], [-74.1025637582666, 40.6456202317467], [-74.1024224270906, 40.6455964407916], [-74.1022137829822, 40.6455539184396], [-74.1019569015226, 40.6454994813666], [-74.1016865343261, 40.6454254072108], [-74.101340994368, 40.645324921738], [-74.1010582877544, 40.6452474421771], [-74.1008844005219, 40.6451989092663], [-74.1008743065082, 40.6451989181209], [-74.1007419347754, 40.645166575846], [-74.1007202387665, 40.6451623267871], [-74.1007195980814, 40.6451583854802], [-74.1007166279142, 40.6451401093492], [-74.1007137221588, 40.6451222285447]]]]}, "properties": {"campus_name": "CULT cluster (4 lots)", "owner_key": "CULT", "owner_label": "CULT", "lot_count": 4, "bldg_area_sqft": 187130, "derivation": "contiguous lots, owner=CULT, snap=0.0003deg", "kind": "campus", "owner_kind": "public"}}, {"type": "Feature", "geometry": {"type": "MultiPolygon", "coordinates": [[[[-73.9559958222849, 40.7547255598959], [-73.9560117622595, 40.7547009335378], [-73.9557863658399, 40.754581856227], [-73.956599486827, 40.7537069315246], [-73.9567028969523, 40.7535976949238], [-73.9568088031391, 40.7534898414783], [-73.9569171770906, 40.7533834008726], [-73.9570279832456, 40.7532784090589], [-73.9571178208849, 40.7531976455696], [-73.9573084971493, 40.7529645987896], [-73.9573899892039, 40.7528913377216], [-73.9574046254098, 40.7528821039687], [-73.9574225849991, 40.7528772955524], [-73.9574416297298, 40.7528775097319], [-73.9574593922673, 40.7528827202839], [-73.9575601235364, 40.7529294405928], [-73.9579070276178, 40.7531160545277], [-73.9581152197808, 40.7532289277728], [-73.9583725969104, 40.753379641471], [-73.9581277357217, 40.753593495848], [-73.9578769168243, 40.7538819813261], [-73.9576686591011, 40.7541550221031], [-73.9575507504046, 40.754329591298], [-73.9573968397818, 40.7545408777525], [-73.9572870293024, 40.7546863353826], [-73.9571714139569, 40.7548291882484], [-73.9570491879033, 40.7548325124859], [-73.9569240582201, 40.7548193057896], [-73.9565083407007, 40.7547488677918], [-73.9564559611136, 40.7547152068777], [-73.956244432923, 40.7548252189995], [-73.9561130343339, 40.7547797249626], [-73.9559958222849, 40.7547255598959]]], [[[-73.9564302278053, 40.755028049909], [-73.9567971520223, 40.7552429695266], [-73.9559921194565, 40.7561091978818], [-73.9559545806417, 40.7561455801657], [-73.9558231252751, 40.7562729846306], [-73.9557098051535, 40.7562126622287], [-73.9557928739765, 40.7558061969045], [-73.9556204352613, 40.7558189745111], [-73.9556279178144, 40.7557823592293], [-73.955494998085, 40.7557922090367], [-73.9554593314187, 40.7557879935113], [-73.9554775282182, 40.7556989522182], [-73.9554415034963, 40.7557006574196], [-73.95544330826, 40.7555908765751], [-73.95544003241, 40.7554762328638], [-73.9558649416841, 40.7554447463384], [-73.9560798344664, 40.7550939302329], [-73.9564302278053, 40.755028049909]]], [[[-73.9554053224336, 40.7557023705814], [-73.9553411410731, 40.7560164122597], [-73.9548282757875, 40.7557433970175], [-73.9548285018261, 40.7557296742672], [-73.9554053224336, 40.7557023705814]]]]}, "properties": {"campus_name": "NYC DCAS (citywide municipal) cluster (4 lots)", "owner_key": "DCAS", "owner_label": "NYC DCAS (citywide municipal)", "lot_count": 4, "bldg_area_sqft": 185257, "derivation": "contiguous lots, owner=DCAS, snap=0.0003deg", "kind": "campus", "owner_kind": "public"}}, {"type": "Feature", "geometry": {"type": "MultiPolygon", "coordinates": [[[[-73.9015030488083, 40.8336822296039], [-73.9014730818676, 40.8337270098729], [-73.901458728046, 40.8337484609248], [-73.9014160492502, 40.8338122389068], [-73.9013777538801, 40.8338694650987], [-73.9013733680618, 40.8338760169542], [-73.901293332611, 40.8339954432221], [-73.9012912944155, 40.8339986670367], [-73.9012509288832, 40.8340589863791], [-73.9011859532247, 40.8340381743324], [-73.9011230372471, 40.8340180204892], [-73.901060120095, 40.8339978674468], [-73.9009972005609, 40.8339777126103], [-73.900929276751, 40.8339559550508], [-73.9008663597175, 40.8339358010662], [-73.9005316770258, 40.8338285944679], [-73.9006024562952, 40.8337228266202], [-73.9006867707573, 40.8335968064876], [-73.9007538339308, 40.8334966193351], [-73.9008193510637, 40.8333986883525], [-73.9015386123697, 40.8336290839343], [-73.9015030488083, 40.8336822296039]]], [[[-73.9003167922987, 40.8338379856454], [-73.9002522899746, 40.8339335696589], [-73.9001920141512, 40.8340228889694], [-73.9001267854213, 40.8341195483027], [-73.8997709156751, 40.8340293053606], [-73.8996050886075, 40.8339872538889], [-73.8994350828595, 40.8339441423389], [-73.899473828229, 40.8338892567094], [-73.8995079884803, 40.8338408632811], [-73.8995433011779, 40.8337908390756], [-73.8995901232341, 40.833724511616], [-73.8996287007887, 40.8336698626263], [-73.8997885485525, 40.8337273640456], [-73.8997978184765, 40.8337306993866], [-73.8999699059463, 40.8334779394133], [-73.9001116025409, 40.8335289113676], [-73.9000429628827, 40.8336297307492], [-73.9003763882218, 40.8337496733528], [-73.9003167922987, 40.8338379856454]]]]}, "properties": {"campus_name": "NYC Housing Authority cluster (11 lots)", "owner_key": "NYCHA", "owner_label": "NYC Housing Authority", "lot_count": 11, "bldg_area_sqft": 184475, "derivation": "contiguous lots, owner=NYCHA, snap=0.0003deg", "kind": "campus", "owner_kind": "public"}}, {"type": "Feature", "geometry": {"type": "MultiPolygon", "coordinates": [[[[-73.9983025354389, 40.6911585195389], [-73.9983320011189, 40.6911436389796], [-73.998371823566, 40.6911179424787], [-73.9984004257511, 40.6910941459118], [-73.9984230108756, 40.6910707212111], [-73.9984427366138, 40.6910450793747], [-73.9984567848733, 40.691021922852], [-73.9984817281523, 40.6909805301828], [-73.9985072217601, 40.6909323899406], [-73.9985361808399, 40.6908669338003], [-73.9985528853884, 40.6908207044147], [-73.9985656372653, 40.6907781454257], [-73.9985773457847, 40.6907289027631], [-73.9985253782033, 40.6907142804681], [-73.9991643815574, 40.6893780870473], [-74.0002913429618, 40.6896924437004], [-73.999375660067, 40.6915091875287], [-73.9982808784816, 40.691201482697], [-73.9983025354389, 40.6911585195389]]], [[[-73.9990842044228, 40.6935930296522], [-73.999113952581, 40.6934887801645], [-73.9991314172115, 40.6934180477427], [-73.9991531413891, 40.6933141800096], [-73.9991644502544, 40.6932488217331], [-73.9991760421067, 40.6931671804016], [-73.9991887714678, 40.6930367168473], [-73.9991923771189, 40.6929688056042], [-73.9991944317101, 40.6929064594627], [-73.9991945738448, 40.6928958757955], [-73.9991945094967, 40.6928361068911], [-73.999195322849, 40.6927907723977], [-73.9991927454143, 40.692743068608], [-73.9991909794196, 40.6927178442968], [-73.9991887247109, 40.6926960347631], [-73.9991229654, 40.6926783293277], [-73.9989429322518, 40.6926298558731], [-73.9990710156009, 40.6923654816719], [-73.9990790418705, 40.6923471751755], [-73.9990814602801, 40.6923384798323], [-73.9990835202127, 40.6923255205478], [-73.9990837593468, 40.6923120344391], [-73.9990821233744, 40.6922988284096], [-73.9990788676157, 40.6922864859985], [-73.9990750097248, 40.6922766496386], [-73.9990640760373, 40.6922577378725], [-73.9990558597015, 40.692247451215], [-73.9990445649631, 40.6922361839437], [-73.9990353393798, 40.6922286483767], [-73.9990228663506, 40.6922201861545], [-73.9990113373289, 40.692213747359], [-73.998996335972, 40.6922069672788], [-73.9989818895404, 40.6922018774827], [-73.9989659404888, 40.6921976754804], [-73.9984952449083, 40.6920675038847], [-73.998634030381, 40.6917809181923], [-73.9984608085614, 40.6917330132042], [-73.9984240007459, 40.6916893791915], [-73.9984309859415, 40.6916749575958], [-73.9983710993744, 40.6916583954501], [-73.9984433421724, 40.6915092192071], [-73.9991223144557, 40.6917015903811], [-73.9994285135085, 40.691788344149], [-73.9994311304906, 40.6917890853125], [-73.9994787583993, 40.6918009002755], [-73.999524249867, 40.6918128736623], [-73.9995859267335, 40.6918349211843], [-73.9996404271694, 40.6918609326634], [-73.9996926088166, 40.6918930595455], [-73.9997538090228, 40.69194335603], [-73.9997887947605, 40.6919815432981], [-73.999825261779, 40.6920347213073], [-73.9998477732513, 40.6920818154784], [-73.9998643822473, 40.6921386217314], [-73.9998702549658, 40.6921890594618], [-73.9998687192981, 40.6922338275798], [-73.9998654444229, 40.6922568896639], [-73.9998599064478, 40.6922820419248], [-73.9998457743631, 40.692337656725], [-73.9998252584536, 40.6923863383803], [-73.9995843621639, 40.6928784366816], [-73.9991312110535, 40.6938041003439], [-73.9990170000999, 40.6937839432158], [-73.9990323397029, 40.6937442956063], [-73.9990462866447, 40.6937064831647], [-73.9990637204478, 40.6936564751075], [-73.9990842044228, 40.6935930296522]]], [[[-74.000448513063, 40.6941330132742], [-74.0005789492264, 40.6941690151608], [-74.0005928943624, 40.6941403013906], [-74.0005861186207, 40.6941384310226], [-74.0010413813672, 40.6932117359702], [-74.0013304323003, 40.6932875535363], [-74.0013808267421, 40.693305770318], [-74.003415092709, 40.6940410409396], [-74.0034118228897, 40.6940419269189], [-74.0013312421738, 40.6933219169222], [-74.0012179058142, 40.6935636438162], [-74.0011494525158, 40.6936909149124], [-74.0009699076619, 40.6940701604319], [-74.0017285233189, 40.6943306680857], [-74.0023345241688, 40.6945416340673], [-74.0029607285742, 40.6947594266466], [-74.0029825020482, 40.6947998613171], [-74.0029573341221, 40.6948382163896], [-74.0029126611564, 40.6949066186991], [-74.0029126398352, 40.6949066501555], [-74.00284238206, 40.6950142262927], [-74.002782294895, 40.6951062286966], [-74.0027687535626, 40.6951269614868], [-74.002405406967, 40.6956832946477], [-74.0023789982869, 40.69569099993], [-74.0003220068369, 40.6949544759638], [-74.0003055210802, 40.6949485731596], [-74.0002724466959, 40.6949367305678], [-74.0000674845491, 40.6952646039876], [-73.999548382851, 40.6960949758977], [-73.9995466566736, 40.6960977359408], [-73.9995482763415, 40.6960949452764], [-73.9993976135879, 40.6960514129146], [-73.9983970674, 40.6957623126129], [-73.9992600588462, 40.6939851566074], [-74.0003779956913, 40.6942784400428], [-74.0003948418995, 40.6942436981974], [-74.000409583235, 40.6942132986004], [-74.0004235355976, 40.6941845236104], [-74.0004431323478, 40.6941441103036], [-74.000448513063, 40.6941330132742]]], [[[-73.9987005246771, 40.6944075849393], [-73.9987108604537, 40.6944036182827], [-73.9987225289154, 40.6943788678054], [-73.9987180201181, 40.6943704776732], [-73.9987317673767, 40.6943413183825], [-73.9987591907325, 40.6943488199516], [-73.9987973168475, 40.6942679569977], [-73.9988340136983, 40.6941901215291], [-73.9988587868472, 40.6941968990481], [-73.9987056655305, 40.6945216691897], [-73.9986808934854, 40.6945148916381], [-73.9987156064379, 40.6944412624805], [-73.998688183049, 40.6944337609011], [-73.9987005246771, 40.6944075849393]]], [[[-73.9985329375155, 40.6948799829649], [-73.9985307333746, 40.6948793759786], [-73.9986212867354, 40.6946873130047], [-73.9986234920797, 40.6946879190692], [-73.9986314097939, 40.6946711255297], [-73.9986292045602, 40.6946705194652], [-73.9986369518919, 40.6946540888425], [-73.9986425114174, 40.6946556188127], [-73.9984272208819, 40.6951122463873], [-73.9983758923708, 40.6950980932113], [-73.9983873053849, 40.6950744620641], [-73.9984792234464, 40.6948841489904], [-73.9985250196434, 40.6948967765811], [-73.9985329375155, 40.6948799829649]]], [[[-73.9992120664499, 40.6963551907505], [-73.9994125687538, 40.6964274030921], [-73.9994908222991, 40.6964555864101], [-73.9994908221416, 40.6964763146869], [-73.9994908219793, 40.6964976685789], [-73.9995132686599, 40.696514752273], [-73.9995727469976, 40.6965343972111], [-73.999593970775, 40.6964927356819], [-73.9996124017538, 40.6964993736367], [-73.9996052920893, 40.6965156053768], [-73.999654670983, 40.6965326873769], [-73.9996625271918, 40.6965198776084], [-73.999738278642, 40.6965480630095], [-73.9998409634184, 40.6965899172197], [-73.9997927081585, 40.696673624273], [-73.9996670155204, 40.6966309153614], [-73.9999397201458, 40.6967462282882], [-74.000460446436, 40.6969324317335], [-74.000450347175, 40.6969580558735], [-74.0004705473163, 40.696965743457], [-74.000434635275, 40.6970323698041], [-74.0004189227277, 40.6970272441387], [-74.0004088233889, 40.6970451806101], [-73.99960192444, 40.6967846651113], [-73.9995503013257, 40.6968880167529], [-73.999752305755, 40.6969683079506], [-74.0004503487881, 40.6971955120256], [-74.0004301476589, 40.6972322404008], [-73.9999154711702, 40.6970691284369], [-73.9998833030827, 40.697058009234], [-73.9998453743162, 40.6970469132722], [-73.9997321042863, 40.6970110156019], [-73.9994156301489, 40.6969012554559], [-73.9994819167492, 40.696756490224], [-73.9994470537577, 40.6967598940494], [-73.9994223634875, 40.6967633104644], [-73.9993741069187, 40.6967880806386], [-73.9993550305502, 40.696826518023], [-73.9993674447729, 40.6968958167543], [-73.9991692115602, 40.6968276146308], [-73.9991665282133, 40.6968266915829], [-73.9987631084585, 40.6966878937812], [-73.9988809954101, 40.6964382881885], [-73.9981687811986, 40.696243181235], [-73.9982540473044, 40.6960636211745], [-73.9991679330491, 40.6963180757937], [-73.9992209782162, 40.6963378027714], [-73.9992120664499, 40.6963551907505]]], [[[-73.9951008138477, 40.7010503870603], [-73.9952457603439, 40.7007343799971], [-73.9953639722382, 40.7004766564558], [-73.995771280952, 40.6996204236726], [-73.9961375461532, 40.6997201745234], [-73.9961987148769, 40.6995917617046], [-73.9962314995981, 40.6995229357377], [-73.9963879635767, 40.6991944617768], [-73.9963377622328, 40.6991807895365], [-73.9960222178506, 40.6990948512791], [-73.9960798256028, 40.6989737361096], [-73.9963217873514, 40.699039633731], [-73.9964489771151, 40.6990742731571], [-73.9964819056737, 40.6990050590169], [-73.9965129692217, 40.6989397638103], [-73.9965058145355, 40.6989378158059], [-73.9964959918339, 40.6989351409591], [-73.9965271251442, 40.6988696980893], [-73.9965562361429, 40.6988085073713], [-73.9965584134032, 40.6988039291901], [-73.9965753920809, 40.6988085529523], [-73.9966070589866, 40.6987419870983], [-73.9966293609591, 40.698695109749], [-73.9966534687896, 40.6986444332477], [-73.9966537562672, 40.698643829896], [-73.9966604787457, 40.6986296992166], [-73.9966608360313, 40.6986289482047], [-73.9966515327459, 40.6986264139376], [-73.9962913719615, 40.6985283271567], [-73.9963228295824, 40.6984623665734], [-73.9963309933597, 40.6984452489392], [-73.9963908588537, 40.6983206911232], [-73.9968166089349, 40.6984378405072], [-73.9968191377319, 40.6984325473659], [-73.996831027561, 40.6984076611519], [-73.9968345558008, 40.6984086328838], [-73.9968902719184, 40.6982852543081], [-73.9968950531358, 40.6982865808778], [-73.996904432102, 40.6982658126176], [-73.9968413595481, 40.6982484345825], [-73.996841451892, 40.6982482391526], [-73.9968525737998, 40.6982249603708], [-73.9968844424157, 40.6981582530546], [-73.9969140615296, 40.6980962535907], [-73.9969478636195, 40.6980254948714], [-73.9969785240014, 40.6979613161397], [-73.9970141765441, 40.6978866852977], [-73.9970463040542, 40.6978194349831], [-73.9971210853239, 40.6976628971925], [-73.9971512979537, 40.697599654898], [-73.9971829294008, 40.6975334419226], [-73.9972133514423, 40.6974697593095], [-73.9972433640441, 40.6974069339507], [-73.9972742533913, 40.6973422751787], [-73.9973066655346, 40.6972744268702], [-73.9973361075359, 40.6972127964802], [-73.9973674830305, 40.697147118289], [-73.9974045298124, 40.6970695679259], [-73.9974492617363, 40.6969758958042], [-73.9974778728539, 40.6969160366211], [-73.9975109696564, 40.6968467545726], [-73.997539378397, 40.6967872871525], [-73.9975711096555, 40.6967208633255], [-73.99760402994, 40.6966519477618], [-73.9976642973256, 40.6965257871614], [-73.9973054939322, 40.6964295127195], [-73.9973320496961, 40.6963747630982], [-73.997333501555, 40.6963707711775], [-73.9973357094831, 40.6963656058499], [-73.9973376513072, 40.6963601676978], [-73.9973403717619, 40.6963500901605], [-73.9973423680808, 40.6963424970778], [-73.9973441832535, 40.6963349039908], [-73.9973454530849, 40.6963281402196], [-73.9973459988339, 40.6963198186695], [-73.9973463600601, 40.6963107081949], [-73.9973463616643, 40.6963007682996], [-73.9973449104663, 40.6962882051897], [-73.997342908946, 40.6962773954279], [-73.9973407323621, 40.6962684217632], [-73.9973385568116, 40.6962611041626], [-73.9973354714985, 40.6962529616467], [-73.9973309274735, 40.6962415979922], [-73.9973262118047, 40.6962317966962], [-73.9973209494671, 40.6962230993756], [-73.9973086738063, 40.6962053283844], [-73.9973027962794, 40.6961961394578], [-73.9972931542245, 40.6961824090874], [-73.9972862604842, 40.6961709499192], [-73.9972820889448, 40.6961633575282], [-73.9972768280161, 40.6961527268901], [-73.9972746512054, 40.6961469293188], [-73.9972715672103, 40.6961364373569], [-73.997268289413, 40.6961183064163], [-73.9972672012572, 40.6961093336959], [-73.9972662940916, 40.6961014649667], [-73.9972661098569, 40.6960936863582], [-73.9972664734542, 40.6960859554478], [-73.99726683693, 40.6960785009536], [-73.9972670182211, 40.6960722874768], [-73.9972672041176, 40.6960690032971], [-73.997268288125, 40.696063819957], [-73.9972701021658, 40.6960570562831], [-73.9972726438686, 40.6960475307351], [-73.9972759097992, 40.6960385571975], [-73.9972794429903, 40.6960311144907], [-73.9972877647236, 40.6960140040654], [-73.9972916966184, 40.6960057311176], [-73.9976093943242, 40.6960906808682], [-73.9977898902572, 40.6961389438147], [-73.9978383339636, 40.6960380368739], [-73.9979136225314, 40.6958803233603], [-73.997782879183, 40.6958453639616], [-73.9974149881635, 40.6957469923867], [-73.9974961165885, 40.6955767188714], [-73.9975202074313, 40.6955831616849], [-73.9978142846032, 40.6956617877892], [-73.9979965198397, 40.6957105106646], [-73.9980727979691, 40.6955508258427], [-73.9981165423558, 40.6954592507167], [-73.9981528809581, 40.6953831804625], [-73.9981809974263, 40.695324322503], [-73.9983011308442, 40.6953555289457], [-73.9971065592777, 40.6978576209217], [-73.9969245971859, 40.6982396631717], [-73.996934770009, 40.698242465824], [-73.996841029857, 40.6984395782257], [-73.9968388289923, 40.6984442086174], [-73.9967801770567, 40.698567553785], [-73.9967647454364, 40.6986000015645], [-73.996740285147, 40.6986514345385], [-73.9967337237368, 40.6986652301659], [-73.9962908026423, 40.6995965302694], [-73.9962211672396, 40.6997429485594], [-73.9963267353641, 40.6997716999543], [-73.9962464330576, 40.6999401543842], [-73.9956428677714, 40.7012036904635], [-73.9954596077939, 40.701151861552], [-73.9954571407547, 40.7011511635572], [-73.9954140528156, 40.7011389770114], [-73.9951551422101, 40.7010657512099], [-73.9951008138477, 40.7010503870603]]], [[[-73.9951461692756, 40.7006164313035], [-73.9950335876105, 40.7008533052862], [-73.995018062368, 40.7008859734305], [-73.9949895577431, 40.7008779846094], [-73.994800118005, 40.7008248937785], [-73.9946772765086, 40.7007904660734], [-73.9947985068086, 40.7005317742974], [-73.9948327740304, 40.7004586514902], [-73.9951747994405, 40.7005561936557], [-73.9951461692756, 40.7006164313035]]], [[[-73.9949634637886, 40.7010202337684], [-73.9945608435228, 40.7018571118004], [-73.9939775793696, 40.7016869202059], [-73.9934569975535, 40.7015350177819], [-73.9934073204727, 40.7015205211588], [-73.9934647970721, 40.7013953181634], [-73.993506867879, 40.7013036763289], [-73.9941399021806, 40.7010779644897], [-73.9942611535883, 40.7008253003699], [-73.9946241361581, 40.700926051002], [-73.9948111799585, 40.7009779669176], [-73.9949634637886, 40.7010202337684]]]]}, "properties": {"campus_name": "NYC Parks cluster (13 lots)", "owner_key": "PARKS", "owner_label": "NYC Parks", "lot_count": 13, "bldg_area_sqft": 179546, "derivation": "contiguous lots, owner=PARKS, snap=0.0003deg", "kind": "campus", "owner_kind": "public"}}, {"type": "Feature", "geometry": {"type": "MultiPolygon", "coordinates": [[[[-73.8930489407342, 40.6727165246956], [-73.8926824434682, 40.6727701711246], [-73.892698982052, 40.6728346581473], [-73.8923312298255, 40.6728884869279], [-73.8923146395987, 40.6728240069973], [-73.8922426113804, 40.6725440718182], [-73.8929771403519, 40.6724365559685], [-73.8930489407342, 40.6727165246956]]], [[[-73.891808998965, 40.6731045855008], [-73.8918258067775, 40.6731710287278], [-73.8914708964808, 40.6732234575619], [-73.8913361336806, 40.6726781669637], [-73.8920539157663, 40.6725721315271], [-73.8921749305881, 40.6730505279539], [-73.891808998965, 40.6731045855008]]], [[[-73.8905632628467, 40.6732928362501], [-73.8904444753997, 40.6728210122412], [-73.8911608214151, 40.6727118399554], [-73.8912813964455, 40.673183391176], [-73.8909275879555, 40.6732373114699], [-73.8905632628467, 40.6732928362501]]]]}, "properties": {"campus_name": "NYC Housing Authority cluster (4 lots)", "owner_key": "NYCHA", "owner_label": "NYC Housing Authority", "lot_count": 4, "bldg_area_sqft": 178992, "derivation": "contiguous lots, owner=NYCHA, snap=0.0003deg", "kind": "campus", "owner_kind": "public"}}, {"type": "Feature", "geometry": {"type": "MultiPolygon", "coordinates": [[[[-73.8413226220633, 40.8321134656566], [-73.8418165160723, 40.8317251391506], [-73.8418259035145, 40.8317188924801], [-73.8427381675693, 40.8324004516251], [-73.8420309212975, 40.8329869857993], [-73.8413635144079, 40.8324883592696], [-73.8412617816393, 40.8325727281715], [-73.8409786945801, 40.8326108217348], [-73.8407808089412, 40.832572600923], [-73.8407757239741, 40.8325688028042], [-73.8408142231931, 40.8325348277565], [-73.8413226220633, 40.8321134656566]]], [[[-73.8449257014978, 40.8334166589684], [-73.8419373307108, 40.8338196865635], [-73.8418568941826, 40.8334628529877], [-73.8421487039328, 40.8332195506595], [-73.8447988753123, 40.8328616145339], [-73.8449257014978, 40.8334166589684]]], [[[-73.8417482561185, 40.8340120928437], [-73.8418117987367, 40.8342877443199], [-73.8418770071113, 40.8345706173097], [-73.8403180157279, 40.8347861246731], [-73.8403079517412, 40.8347453290915], [-73.8406768401873, 40.8344375050256], [-73.8410811469613, 40.8341001202724], [-73.8417482561185, 40.8340120928437]]]]}, "properties": {"campus_name": "NYC DCAS (citywide municipal) cluster (4 lots)", "owner_key": "DCAS", "owner_label": "NYC DCAS (citywide municipal)", "lot_count": 4, "bldg_area_sqft": 176384, "derivation": "contiguous lots, owner=DCAS, snap=0.0003deg", "kind": "campus", "owner_kind": "public"}}, {"type": "Feature", "geometry": {"type": "MultiPolygon", "coordinates": [[[[-73.9889067688675, 40.6988682930283], [-73.9889783239355, 40.6975726857502], [-73.9898342270782, 40.6976043644095], [-73.9897570105661, 40.6988997618881], [-73.9889067688675, 40.6988682930283]]], [[[-73.990451945892, 40.7006460860622], [-73.990436728112, 40.7006565325086], [-73.9904201237779, 40.700665043683], [-73.9904047068297, 40.7006699528614], [-73.9903853343811, 40.7006743205904], [-73.9903701130807, 40.7006755295535], [-73.9903526664419, 40.7006751895177], [-73.9898409394485, 40.7006634442191], [-73.989875306328, 40.7000867565108], [-73.9898804166813, 40.7000009697293], [-73.9899097212177, 40.6995092294709], [-73.9899552139831, 40.6994572793385], [-73.9901355892921, 40.6964653763843], [-73.9910842212192, 40.6964998965355], [-73.9911058725125, 40.6965825166641], [-73.9911141703763, 40.696615084323], [-73.9911218332477, 40.6966451377615], [-73.9911341978822, 40.696693737547], [-73.9911475377479, 40.6967489040196], [-73.9911627275943, 40.6968172630861], [-73.9911765656556, 40.6968899472215], [-73.9911887905723, 40.6969675479701], [-73.9912014806265, 40.6970698634584], [-73.9912050411548, 40.6971032195843], [-73.9912102730537, 40.697157195771], [-73.9912144085059, 40.6972086694155], [-73.9912178542464, 40.6972515565741], [-73.991220610065, 40.6972949326775], [-73.9912230959786, 40.6973387284017], [-73.9912255867196, 40.6973826105478], [-73.9912280774639, 40.6974264927773], [-73.9912305811522, 40.6974705928599], [-73.9912341043347, 40.697518239229], [-73.9912393742298, 40.6975896520592], [-73.9912425538873, 40.6976668568924], [-73.9912447959718, 40.6977487289177], [-73.9912476596599, 40.6978532561332], [-73.9912495963946, 40.6980080057903], [-73.9912506771259, 40.6980944505322], [-73.9912503740675, 40.6982218181238], [-73.9912447716812, 40.6984294200014], [-73.9912382655434, 40.6985444690017], [-73.9912279509405, 40.6986491194418], [-73.9912176363035, 40.698753783431], [-73.9911989568109, 40.6988910147088], [-73.9911894732683, 40.6989462316171], [-73.9911712860104, 40.6990377987546], [-73.9911544230262, 40.6991006208517], [-73.9911395669923, 40.6991527062578], [-73.9911228502284, 40.6992091418721], [-73.9910739543717, 40.6993419798582], [-73.9910447538988, 40.6994138654454], [-73.9910004710955, 40.6995193678821], [-73.9909205916288, 40.6997013002181], [-73.99087323163, 40.6998021132629], [-73.9908171485298, 40.6999220201346], [-73.9907605594364, 40.7000373658403], [-73.9907101715783, 40.700143200804], [-73.9906571621237, 40.7002533120131], [-73.9906153525227, 40.7003404088958], [-73.9904886319549, 40.700604246808], [-73.9904751200264, 40.7006254274807], [-73.990465470576, 40.7006349424123], [-73.990451945892, 40.7006460860622]]], [[[-73.9884099218209, 40.7000338402304], [-73.9884160074144, 40.6999500886555], [-73.9884579292657, 40.69937319142], [-73.9887542038446, 40.6993811875805], [-73.9887634550418, 40.6993968285122], [-73.9887861075659, 40.6994245494236], [-73.9888122154753, 40.6994502111932], [-73.9888314719318, 40.6994661331863], [-73.9888521104266, 40.6994810152404], [-73.9888740377524, 40.6994948006234], [-73.9888971377348, 40.6995074136114], [-73.988933777844, 40.6995240127391], [-73.9889620357563, 40.6995350025235], [-73.9889938350594, 40.6995455956692], [-73.9890186482673, 40.6995520925337], [-73.9890311011487, 40.699554693476], [-73.9890434913984, 40.6995564686796], [-73.9890535152801, 40.699557765454], [-73.9890660051203, 40.6995588841801], [-73.9891044853247, 40.6995593263769], [-73.9892164801625, 40.6995632595195], [-73.9891945902505, 40.69993939247], [-73.9894006344187, 40.6999461537532], [-73.9894198611947, 40.6996728878341], [-73.9893408493623, 40.6996691974688], [-73.9893477589169, 40.6995678040585], [-73.9893752197469, 40.6995698111059], [-73.9893965075491, 40.6995726199673], [-73.9894155317887, 40.6995761544561], [-73.9894294636483, 40.6995791940411], [-73.989460738037, 40.6995877743014], [-73.9894897345145, 40.6995981968052], [-73.9895240379857, 40.6996145171914], [-73.9895456496151, 40.6996273342969], [-73.9895609704532, 40.6996383742103], [-73.9895756237657, 40.6996512636306], [-73.9895911554728, 40.6996677814081], [-73.9896087196026, 40.6996869719912], [-73.989620334127, 40.6997016576612], [-73.9896302008683, 40.699717681408], [-73.9896361083214, 40.6997268427832], [-73.9896459983388, 40.6997452177303], [-73.9896569706415, 40.6997659665607], [-73.9896625546232, 40.6997784878012], [-73.9896741455853, 40.6998077960089], [-73.9896813696667, 40.6998266011474], [-73.9896861380307, 40.6998418832823], [-73.9896894263837, 40.6998563808823], [-73.989681628903, 40.699994750235], [-73.9896769862242, 40.7000771286314], [-73.9896432745039, 40.7006753530194], [-73.9887714548395, 40.7006471059258], [-73.9888007092222, 40.7001660038567], [-73.9884015007605, 40.7001497200225], [-73.9884099218209, 40.7000338402304]]], [[[-73.9895766373545, 40.7015614518313], [-73.9892846864618, 40.7015505648724], [-73.9887449740803, 40.7015304364933], [-73.9887487979216, 40.701469748597], [-73.9887609290897, 40.7012771860623], [-73.9887919488279, 40.7007847998911], [-73.9896172458381, 40.7008119548017], [-73.9895852501556, 40.701402487929], [-73.9895766373545, 40.7015614518313]]], [[[-73.9876500914069, 40.7011134078489], [-73.9876380395755, 40.7013079666741], [-73.9876360005909, 40.7013408837414], [-73.9876154994455, 40.7013045566701], [-73.9874945710717, 40.7010902685955], [-73.9874791834856, 40.7010630020837], [-73.9875733857607, 40.7010873432343], [-73.9876515298144, 40.7010901747715], [-73.9876500914069, 40.7011134078489]]], [[[-73.9885565382307, 40.7010591006796], [-73.9885447629055, 40.7012432947423], [-73.988532418101, 40.7014363812853], [-73.9885261739144, 40.7015340547188], [-73.9877827671311, 40.7015106946331], [-73.9877934115153, 40.7013299169831], [-73.9878050102218, 40.7011329347811], [-73.9878113614015, 40.7010250163094], [-73.9883679403965, 40.7010489356657], [-73.9883677591, 40.701050988847], [-73.9885565382307, 40.7010591006796]]], [[[-73.9902266320617, 40.7016144454515], [-73.9901667897527, 40.7016118153362], [-73.989782216706, 40.7015993133998], [-73.9898359635804, 40.7008059679026], [-73.9899629664682, 40.7008084941356], [-73.9919045140823, 40.7023602050459], [-73.9921927757051, 40.7021510521932], [-73.9905269415213, 40.7008197055994], [-73.9906735683317, 40.700822620763], [-73.9908479702797, 40.700877988411], [-73.9926796515325, 40.7022963494125], [-73.9926959695622, 40.7023094420837], [-73.9927067131809, 40.7023239076897], [-73.9927125200716, 40.7023388619772], [-73.9927139789768, 40.7023505497948], [-73.9927131673549, 40.7023607867942], [-73.9927107903647, 40.7023698286849], [-73.9927052407692, 40.7023814259565], [-73.9926974786648, 40.7023917426613], [-73.9926901180402, 40.702398851759], [-73.9926806629535, 40.7024058156551], [-73.9926710046698, 40.7024112235341], [-73.9926598223003, 40.7024158929258], [-73.9926508446556, 40.7024186325737], [-73.9926406458742, 40.7024208066796], [-73.9924981603835, 40.7024389184617], [-73.9924947750741, 40.7024393486761], [-73.9920588524627, 40.7024293885832], [-73.9920450603795, 40.7024290734024], [-73.9919856149545, 40.7024267513772], [-73.9919425258419, 40.702422719441], [-73.9918874188144, 40.7024146037527], [-73.9918422087238, 40.7024053694445], [-73.9917960704212, 40.7023915522889], [-73.9917543186078, 40.7023761063903], [-73.9917152626056, 40.7023588300077], [-73.9916741849058, 40.7023372895339], [-73.9916400705955, 40.7023163339201], [-73.9916054432994, 40.7022916411387], [-73.9911668645477, 40.7019666351836], [-73.9911029682172, 40.7019192182727], [-73.9910184051288, 40.7018640589313], [-73.9909181157931, 40.7018080392606], [-73.9908224835704, 40.7017626818356], [-73.9907118393357, 40.7017187036905], [-73.9906093795317, 40.701685209871], [-73.9905060067822, 40.7016578221925], [-73.9904174422044, 40.7016391256537], [-73.9903558546211, 40.7016283827507], [-73.9902931094789, 40.7016201873509], [-73.9902266320617, 40.7016144454515]]]]}, "properties": {"campus_name": "NYC Parks cluster (7 lots)", "owner_key": "PARKS", "owner_label": "NYC Parks", "lot_count": 7, "bldg_area_sqft": 174347, "derivation": "contiguous lots, owner=PARKS, snap=0.0003deg", "kind": "campus", "owner_kind": "public"}}, {"type": "Feature", "geometry": {"type": "MultiPolygon", "coordinates": [[[[-73.9278868542451, 40.8353412302395], [-73.9277820424053, 40.835528243257], [-73.9274640541217, 40.8354222446071], [-73.9271334907154, 40.8353120552703], [-73.9272533059251, 40.8351334745853], [-73.9275680493436, 40.8352366874462], [-73.9276033564828, 40.8352482656834], [-73.9278868542451, 40.8353412302395]]], [[[-73.9273803787488, 40.8355372283526], [-73.9272510510562, 40.8357285549644], [-73.9272484187751, 40.8357276888556], [-73.9269197205862, 40.8356194937666], [-73.9270505884554, 40.8354286736297], [-73.9273803787488, 40.8355372283526]]], [[[-73.9271003369657, 40.8359743821203], [-73.9270646144242, 40.8360376166137], [-73.9270385789232, 40.8360290471849], [-73.9269676977806, 40.8361545159986], [-73.926860541094, 40.8363441966473], [-73.9265033374153, 40.8362266198609], [-73.9266292045585, 40.836043096363], [-73.9267124597833, 40.8359217014462], [-73.9267544215158, 40.835860518829], [-73.9267963808553, 40.8357993361107], [-73.9271360606526, 40.8359111458609], [-73.9271003369657, 40.8359743821203]]], [[[-73.9260157461412, 40.8359134043256], [-73.9263926404426, 40.8360366098046], [-73.9262222516259, 40.8362855416337], [-73.9258691172668, 40.8361701023851], [-73.9260157461412, 40.8359134043256]]]]}, "properties": {"campus_name": "NYC Housing Authority cluster (8 lots)", "owner_key": "NYCHA", "owner_label": "NYC Housing Authority", "lot_count": 8, "bldg_area_sqft": 170245, "derivation": "contiguous lots, owner=NYCHA, snap=0.0003deg", "kind": "campus", "owner_kind": "public"}}, {"type": "Feature", "geometry": {"type": "MultiPolygon", "coordinates": [[[[-73.977653266051, 40.6861711475825], [-73.9779963057302, 40.6861380468542], [-73.9780802083291, 40.6867199533122], [-73.9780808386156, 40.6867243236217], [-73.9779952287663, 40.686734364234], [-73.9779975126004, 40.6867502037523], [-73.977508230869, 40.6868075943504], [-73.9775051249304, 40.6867918510386], [-73.9774195966779, 40.6868018822038], [-73.9774187392557, 40.6867975388679], [-73.9773018787949, 40.6862050533867], [-73.977653266051, 40.6861711475825]]], [[[-73.9773055426387, 40.6871189153013], [-73.9773108140199, 40.6871468061745], [-73.9773173476871, 40.6871813755189], [-73.9773532909894, 40.6873715494496], [-73.977231668457, 40.6873236883764], [-73.9771680983235, 40.6872986721623], [-73.9771062314092, 40.6872743261252], [-73.9770419599495, 40.6872490341242], [-73.976982040138, 40.6872254529846], [-73.9769209257698, 40.687201402488], [-73.9768567726904, 40.6871761571734], [-73.976701110246, 40.6871148998636], [-73.976918206289, 40.6870877858899], [-73.9770076783888, 40.6870766122443], [-73.9770929139336, 40.6870659680101], [-73.9771488562611, 40.6870589812396], [-73.9772129236547, 40.6870509794061], [-73.9772908622174, 40.6870412448974], [-73.9773055426387, 40.6871189153013]]]]}, "properties": {"campus_name": "NYC Parks cluster (10 lots)", "owner_key": "PARKS", "owner_label": "NYC Parks", "lot_count": 10, "bldg_area_sqft": 170000, "derivation": "contiguous lots, owner=PARKS, snap=0.0003deg", "kind": "campus", "owner_kind": "public"}}, {"type": "Feature", "geometry": {"type": "MultiPolygon", "coordinates": [[[[-73.8773489974232, 40.8370897268211], [-73.8775698980604, 40.8369918985703], [-73.8779018711358, 40.8368313851932], [-73.8779647413277, 40.8367978614567], [-73.8781954381845, 40.8366748482824], [-73.8783241519687, 40.836599796416], [-73.8784738547627, 40.8365125045343], [-73.8786814173954, 40.8363818505236], [-73.8788919290778, 40.8362401582484], [-73.8791302887732, 40.8360674565153], [-73.8793601718025, 40.8358871461653], [-73.8795511139306, 40.8357258365818], [-73.8798800280762, 40.835419326989], [-73.8800550924084, 40.8352387942448], [-73.8799018605361, 40.8351807428883], [-73.8801783006102, 40.8348994068314], [-73.8800968577048, 40.8348615122279], [-73.8801324785374, 40.8348226181756], [-73.8804619027175, 40.8349402666412], [-73.8802557425332, 40.8352579050002], [-73.8802300622789, 40.8352484916222], [-73.8799206895813, 40.8357731872988], [-73.879234973693, 40.8368335459988], [-73.8789425013483, 40.8367608125908], [-73.878912507136, 40.8367801759462], [-73.8786135595451, 40.8369731781636], [-73.8785999179747, 40.836981985902], [-73.8784124178936, 40.8371030355156], [-73.8787239955992, 40.8372394868335], [-73.8788423900465, 40.8374931519056], [-73.8788350628648, 40.8375574890428], [-73.8788218392667, 40.8376049231186], [-73.8786485674738, 40.838157389757], [-73.8783558162938, 40.8386104326676], [-73.8782925414654, 40.8388773210617], [-73.8780069853816, 40.8387368106604], [-73.8768086783821, 40.8381501524862], [-73.8765002316336, 40.8379989934513], [-73.8756596436166, 40.8375870433454], [-73.8764759387463, 40.8372746356226], [-73.8762626104357, 40.837505868322], [-73.8768388272396, 40.8372908606792], [-73.8769839749629, 40.8372367841983], [-73.8773489974232, 40.8370897268211]]], [[[-73.876353276044, 40.8382349456876], [-73.8765082794772, 40.8383128874456], [-73.8763397377857, 40.8385718349813], [-73.8762583771718, 40.838541991803], [-73.8760982218357, 40.8387880528586], [-73.8756068012991, 40.8386077996001], [-73.8758520468039, 40.8382310105525], [-73.876353276044, 40.8382349456876]]], [[[-73.8758710736135, 40.8388848027185], [-73.8758096404054, 40.8389446644662], [-73.8757512729881, 40.8390015371664], [-73.8756944306904, 40.8390569266173], [-73.8756353452829, 40.839035379795], [-73.875595068233, 40.8390983322624], [-73.8755555817936, 40.8391600500907], [-73.8755176746775, 40.8392192986584], [-73.875476607701, 40.839283487464], [-73.875433322901, 40.83935114077], [-73.8751140495715, 40.8392347046841], [-73.875275793409, 40.8389818975354], [-73.8754395956423, 40.8387258748489], [-73.8758710736135, 40.8388848027185]]]]}, "properties": {"campus_name": "NYC Transit Authority cluster (5 lots)", "owner_key": "NYCTA", "owner_label": "NYC Transit Authority", "lot_count": 5, "bldg_area_sqft": 160000, "derivation": "contiguous lots, owner=NYCTA, snap=0.0003deg", "kind": "campus", "owner_kind": "public"}}, {"type": "Feature", "geometry": {"type": "MultiPolygon", "coordinates": [[[[-73.9108127615208, 40.8531357528852], [-73.9107707361726, 40.8531811106228], [-73.9107122108019, 40.8532493757329], [-73.9106566897724, 40.853319029032], [-73.9106042241686, 40.8533900218711], [-73.9105858390908, 40.8534169341152], [-73.9105548509911, 40.8534622922115], [-73.9105086294198, 40.8535357508366], [-73.910458429235, 40.8536239906963], [-73.9104020746409, 40.8537291658158], [-73.9103040333054, 40.8539075815249], [-73.9102239482735, 40.8540559742808], [-73.9100152060071, 40.853952893574], [-73.9099098212638, 40.8539008529698], [-73.9099671458464, 40.8538402540748], [-73.9100752646867, 40.8538936448353], [-73.9101077548174, 40.8538588184215], [-73.910140051476, 40.8538240476461], [-73.9101747748556, 40.853787273452], [-73.9101880039551, 40.8537944516336], [-73.9102436906866, 40.8537318297111], [-73.9102952404316, 40.8536738601549], [-73.9101319293396, 40.8535893156003], [-73.9103881604263, 40.8533097419495], [-73.9106480525773, 40.8530267874767], [-73.9108234541246, 40.8531242132303], [-73.9108127615208, 40.8531357528852]]], [[[-73.9106156613363, 40.8537024932632], [-73.9109992070274, 40.8538226271848], [-73.9108376653835, 40.8541185373065], [-73.9106800068972, 40.8542558691034], [-73.9103729544934, 40.8541615044254], [-73.9104924583438, 40.8539354962957], [-73.9106156613363, 40.8537024932632]]]]}, "properties": {"campus_name": "NYC Housing Authority cluster (4 lots)", "owner_key": "NYCHA", "owner_label": "NYC Housing Authority", "lot_count": 4, "bldg_area_sqft": 158610, "derivation": "contiguous lots, owner=NYCHA, snap=0.0003deg", "kind": "campus", "owner_kind": "public"}}, {"type": "Feature", "geometry": {"type": "MultiPolygon", "coordinates": [[[[-73.7737091799565, 40.6603209858103], [-73.7727152800199, 40.6607684053327], [-73.7724043427208, 40.6603730846705], [-73.773444401127, 40.6599843537299], [-73.7737091799565, 40.6603209858103]]], [[[-73.7743028075002, 40.6603956633051], [-73.7744475136817, 40.6605473946671], [-73.7745387163834, 40.660647211443], [-73.7745852753706, 40.6607009106193], [-73.7742731993373, 40.6608416604605], [-73.7742730454024, 40.6608417312717], [-73.774385456333, 40.6609871893936], [-73.7747035918539, 40.6608437055196], [-73.7749089158119, 40.6611070177498], [-73.7750581032864, 40.6612983386103], [-73.7746235905915, 40.6614943100937], [-73.7735741086222, 40.6619676333731], [-73.7734840357314, 40.6620082567532], [-73.7733429023591, 40.6620719075553], [-73.7725313482366, 40.6610217514781], [-73.7726724306132, 40.6609580376487], [-73.7727624708593, 40.6609173742618], [-73.7739257217351, 40.6603920293864], [-73.7741790071202, 40.6602776386267], [-73.7743028075002, 40.6603956633051]]], [[[-73.7725290770977, 40.6608620758837], [-73.7723797228533, 40.6609303171514], [-73.7720534285875, 40.6605086204489], [-73.7722100273945, 40.6604497385861], [-73.7725290770977, 40.6608620758837]]]]}, "properties": {"campus_name": "MTA cluster (5 lots)", "owner_key": "MTA", "owner_label": "MTA", "lot_count": 5, "bldg_area_sqft": 151068, "derivation": "contiguous lots, owner=MTA, snap=0.0003deg", "kind": "campus", "owner_kind": "public"}}, {"type": "Feature", "geometry": {"type": "MultiPolygon", "coordinates": [[[[-73.9304222281932, 40.8597594322582], [-73.9302055820665, 40.8602617895333], [-73.930200009093, 40.860271566443], [-73.9307120442355, 40.8604243542256], [-73.9306952900426, 40.8604548176599], [-73.9306754297057, 40.8604873746215], [-73.9306554927038, 40.8605217884224], [-73.9306408706283, 40.8605469834707], [-73.9301371973745, 40.8603787588107], [-73.9300438756364, 40.860347589452], [-73.9298608346036, 40.8604147431383], [-73.9295757780677, 40.8599753813723], [-73.9298948088038, 40.8598573979454], [-73.9303714281962, 40.8596811318357], [-73.9304222281932, 40.8597594322582]]], [[[-73.9297966218603, 40.860955196428], [-73.9296002389098, 40.8606436781733], [-73.9300240362533, 40.8604885654025], [-73.9305677382354, 40.8606722480759], [-73.9301268962038, 40.8614231386528], [-73.9296220303527, 40.8612525733773], [-73.9297889970395, 40.8609681841414], [-73.9297966218603, 40.860955196428]]]]}, "properties": {"campus_name": "NYC DOE schools cluster (4 lots)", "owner_key": "EDUC", "owner_label": "NYC DOE schools", "lot_count": 4, "bldg_area_sqft": 150191, "derivation": "contiguous lots, owner=EDUC, snap=0.0003deg", "kind": "campus", "owner_kind": "public"}}, {"type": "Feature", "geometry": {"type": "MultiPolygon", "coordinates": [[[[-73.966645456143, 40.7079218060802], [-73.966730314646, 40.7079314543642], [-73.9667182802597, 40.7079922822502], [-73.9672016412042, 40.7080472368952], [-73.9671594155527, 40.708260681144], [-73.9660555134543, 40.7081352024548], [-73.9660859366961, 40.707978939397], [-73.9660979756933, 40.7079170940132], [-73.9661089362099, 40.7078608053823], [-73.966382771675, 40.7078919407323], [-73.966645456143, 40.7079218060802]]], [[[-73.9665135420554, 40.7083491657581], [-73.9665812976894, 40.7083568605522], [-73.9666674382259, 40.7083666425244], [-73.9667542178259, 40.7083764967318], [-73.9668236549344, 40.7083843817778], [-73.9668975826955, 40.7083927768974], [-73.9669665666973, 40.7084006096062], [-73.9670308908919, 40.7084079140456], [-73.967128683539, 40.708419018336], [-73.9670659743292, 40.7087310410534], [-73.9670181204394, 40.7089691513586], [-73.9662003018185, 40.7088762830762], [-73.9661339314063, 40.7088687452465], [-73.9659214120491, 40.7088446117968], [-73.9660290718885, 40.7082941485002], [-73.9662445016361, 40.7083186139036], [-73.9663108727226, 40.708326150834], [-73.9663788117893, 40.7083338664644], [-73.9664485920194, 40.7083417896521], [-73.9665135420554, 40.7083491657581]]], [[[-73.9658590513411, 40.7076530997794], [-73.9659553072384, 40.7076352612304], [-73.9659380209366, 40.7077231649016], [-73.9659300135977, 40.7077638827312], [-73.9659220075681, 40.7078046006456], [-73.9659140003192, 40.7078453193938], [-73.9659027919124, 40.7079023238181], [-73.9658602554354, 40.7081186194916], [-73.9647258554508, 40.7079894484747], [-73.9646495369741, 40.7079807585819], [-73.9644422748571, 40.7079571571799], [-73.964454350473, 40.7078960864251], [-73.9644656512242, 40.707838932669], [-73.9644774906728, 40.7077790540854], [-73.9646429349959, 40.7077978932602], [-73.9646847534593, 40.7078026554248], [-73.9647198058848, 40.7078066473276], [-73.9647636049887, 40.7077985309417], [-73.964801400345, 40.7077915266438], [-73.9648785283316, 40.7077772329467], [-73.9649004617054, 40.7078471337039], [-73.9649848159919, 40.7078315013092], [-73.9650625487013, 40.7078170960697], [-73.9651253069523, 40.7078054660327], [-73.9651956264408, 40.7077924344216], [-73.9652607705241, 40.7077803611284], [-73.9653341657637, 40.7077667593786], [-73.9654193292864, 40.7077509765719], [-73.9655120386235, 40.7077337955684], [-73.9655960720138, 40.7077182221135], [-73.9656659935265, 40.7077052638851], [-73.9657547358111, 40.7076888181354], [-73.965778566061, 40.7076844009981], [-73.9657711940553, 40.7076609071654], [-73.9658565384249, 40.7076450898727], [-73.9658590513411, 40.7076530997794]]]]}, "properties": {"campus_name": "NYC Housing Authority cluster (28 lots)", "owner_key": "NYCHA", "owner_label": "NYC Housing Authority", "lot_count": 28, "bldg_area_sqft": 149363, "derivation": "contiguous lots, owner=NYCHA, snap=0.0003deg", "kind": "campus", "owner_kind": "public"}}, {"type": "Feature", "geometry": {"type": "MultiPolygon", "coordinates": [[[[-74.0042324365088, 40.7065663868216], [-74.0041297873651, 40.7064748742317], [-74.0043133285764, 40.7063547635978], [-74.0038284899278, 40.7059225369955], [-74.0038842933078, 40.7058866038184], [-74.0045469048748, 40.7064773340186], [-74.0045064426817, 40.7065038692362], [-74.0038707865855, 40.7069207436466], [-74.0038639543038, 40.7069252239011], [-74.0038481146201, 40.706935611814], [-74.0032514219823, 40.7062941265976], [-74.003294660569, 40.7062662842087], [-74.0038231699769, 40.7068344663271], [-74.0042324365088, 40.7065663868216]]], [[[-74.0027797769275, 40.7071222087966], [-74.0024665683293, 40.7067369140985], [-74.0030594871671, 40.7063965244812], [-74.0030773396606, 40.7063862744107], [-74.0034087558273, 40.7067962598519], [-74.0027797769275, 40.7071222087966]]], [[[-74.0034548496271, 40.7070105333184], [-74.0034126752427, 40.7070317956592], [-74.0033859016655, 40.7070452915729], [-74.0033368290266, 40.7069849236123], [-74.0033628795571, 40.7069717906511], [-74.0034960256103, 40.7069046688876], [-74.0036230028192, 40.7070608685597], [-74.0036664510331, 40.7071143134128], [-74.0035761998986, 40.7071598101269], [-74.0035496320625, 40.7071271286913], [-74.0035327529365, 40.70710636524], [-74.0034548496271, 40.7070105333184]]], [[[-74.003134469467, 40.7070869374087], [-74.0031945072426, 40.7070566713738], [-74.0033394532126, 40.7072349730597], [-74.0032794152321, 40.7072652400072], [-74.003134469467, 40.7070869374087]]]]}, "properties": {"campus_name": "NYC HPD cluster (4 lots)", "owner_key": "HPD", "owner_label": "NYC HPD", "lot_count": 4, "bldg_area_sqft": 144583, "derivation": "contiguous lots, owner=HPD, snap=0.0003deg", "kind": "campus", "owner_kind": "public"}}, {"type": "Feature", "geometry": {"type": "MultiPolygon", "coordinates": [[[[-73.9096311721716, 40.858164522067], [-73.9098561769384, 40.8579148478014], [-73.9098707914457, 40.8579479459816], [-73.9098955710784, 40.8579986900271], [-73.9099224486507, 40.8580488142886], [-73.9099514038587, 40.8580982639519], [-73.9099823999592, 40.8581469966555], [-73.9100741178488, 40.8582752746175], [-73.9099232346466, 40.8584431300094], [-73.9098213783442, 40.8585564420957], [-73.9096921587806, 40.8587001963149], [-73.9095739606401, 40.8588316861297], [-73.9092747489823, 40.8586744884771], [-73.9093694504387, 40.8585694044409], [-73.9093931512474, 40.858543105288], [-73.9094460038375, 40.8584844582066], [-73.9095225761293, 40.8583994921072], [-73.9095241357527, 40.8583977616796], [-73.9095991125794, 40.8583145665025], [-73.9096246295075, 40.8582862507091], [-73.909701182363, 40.8582013043013], [-73.9096311721716, 40.858164522067]]], [[[-73.9103210503239, 40.8585169164062], [-73.9103780582388, 40.8585646326838], [-73.9104369893247, 40.8586109636991], [-73.9104616320749, 40.858629167294], [-73.9102654776233, 40.8588472804022], [-73.9105612136085, 40.8590019749043], [-73.9102986737167, 40.8592993076863], [-73.9102093971245, 40.8594004164642], [-73.9101031608954, 40.8595357793024], [-73.9100541943216, 40.8596052445959], [-73.9099901372549, 40.8597055038939], [-73.9096524831873, 40.8595288806555], [-73.9094882506315, 40.8597114894914], [-73.9092635964691, 40.8599612811181], [-73.9089659000484, 40.8598055571195], [-73.9102136646565, 40.8584181526181], [-73.910266025091, 40.8584678869465], [-73.9103210503239, 40.8585169164062]]]]}, "properties": {"campus_name": "NYC DOE schools cluster (5 lots)", "owner_key": "EDUC", "owner_label": "NYC DOE schools", "lot_count": 5, "bldg_area_sqft": 144000, "derivation": "contiguous lots, owner=EDUC, snap=0.0003deg", "kind": "campus", "owner_kind": "public"}}, {"type": "Feature", "geometry": {"type": "MultiPolygon", "coordinates": [[[[-73.9402064830478, 40.8167606615664], [-73.9402848285092, 40.8167937180412], [-73.9403655094263, 40.8168277589159], [-73.9404541348602, 40.8168651519649], [-73.9402797673509, 40.817101401766], [-73.9401911240594, 40.8170640338401], [-73.9401104250836, 40.8170300161762], [-73.9400320627818, 40.8169969830002], [-73.9399300238203, 40.8169539671802], [-73.940104466825, 40.8167176180533], [-73.9402064830478, 40.8167606615664]]], [[[-73.9405116174889, 40.8176919622161], [-73.9403249172096, 40.8179428738327], [-73.9392996986161, 40.8175113149059], [-73.9396639887982, 40.817021902316], [-73.94068919627, 40.8174534552737], [-73.9405116174889, 40.8176919622161]]]]}, "properties": {"campus_name": "NYC Housing Authority cluster (5 lots)", "owner_key": "NYCHA", "owner_label": "NYC Housing Authority", "lot_count": 5, "bldg_area_sqft": 143189, "derivation": "contiguous lots, owner=NYCHA, snap=0.0003deg", "kind": "campus", "owner_kind": "public"}}, {"type": "Feature", "geometry": {"type": "MultiPolygon", "coordinates": [[[[-73.9007229212668, 40.8323132278215], [-73.9007580129753, 40.832260746562], [-73.9007919116392, 40.8322100553215], [-73.9012784739659, 40.832382569169], [-73.9011729244222, 40.8325401158843], [-73.901078898899, 40.8326804602845], [-73.900995695244, 40.8328046508804], [-73.9009601115811, 40.8328577648337], [-73.9009204701494, 40.8329169347991], [-73.9004531793401, 40.8327511807727], [-73.9002795784844, 40.8326896017062], [-73.9003189169543, 40.8326303236919], [-73.9003542296472, 40.8325771133252], [-73.9003829064886, 40.8325872876156], [-73.9004165165339, 40.8325389132616], [-73.9004452431919, 40.832497532344], [-73.9004756735924, 40.8324538188847], [-73.9005995252443, 40.8324977519202], [-73.9006865033915, 40.8323676890587], [-73.9006876523314, 40.8323659718582], [-73.9007229212668, 40.8323132278215]]], [[[-73.9018738672476, 40.8321083029021], [-73.9019650998847, 40.8321375258885], [-73.9022320908291, 40.8322230483915], [-73.9024358123439, 40.832288303233], [-73.9023981044311, 40.8323446558687], [-73.902368131407, 40.8323894490053], [-73.9023381429981, 40.8324342656291], [-73.9022659729102, 40.8325421170788], [-73.9021839013434, 40.8326647679068], [-73.9021035132143, 40.8327848995384], [-73.9013842662323, 40.8325545110495], [-73.9017165743151, 40.8320579177213], [-73.9018738672476, 40.8321083029021]]]]}, "properties": {"campus_name": "NYC Housing Authority cluster (5 lots)", "owner_key": "NYCHA", "owner_label": "NYC Housing Authority", "lot_count": 5, "bldg_area_sqft": 136095, "derivation": "contiguous lots, owner=NYCHA, snap=0.0003deg", "kind": "campus", "owner_kind": "public"}}, {"type": "Feature", "geometry": {"type": "MultiPolygon", "coordinates": [[[[-74.2316989951894, 40.5132237474737], [-74.2317146062037, 40.5132760476987], [-74.231746088601, 40.5133815192942], [-74.2318414674379, 40.5137010479855], [-74.2318745283287, 40.5138118025711], [-74.231907348338, 40.5139217533013], [-74.2319390783312, 40.5140280510936], [-74.2319709267713, 40.5141347466187], [-74.2320015885775, 40.5142374650414], [-74.2320042484086, 40.5142463767498], [-74.2320507474454, 40.5144021504386], [-74.2317967876828, 40.5144648462759], [-74.2316571447623, 40.514499319657], [-74.2313183789622, 40.5145829508583], [-74.2312745195304, 40.5144772475023], [-74.2312310706657, 40.5143725301863], [-74.2311672030194, 40.5142186047893], [-74.2311007930092, 40.5140585500873], [-74.2310569187925, 40.5139528106182], [-74.2309915610947, 40.5137952904644], [-74.2309263440864, 40.5136381077355], [-74.2308828582928, 40.5135333003348], [-74.2307967675597, 40.5133258098298], [-74.2307096399541, 40.5131158152308], [-74.2306677920035, 40.5130149533253], [-74.2306231446199, 40.512907344795], [-74.2305588287837, 40.5127523320857], [-74.2308989868458, 40.5126683561942], [-74.2310354834406, 40.5126346600877], [-74.2311806553735, 40.5125988210645], [-74.2314896866437, 40.5125225291062], [-74.2315208770909, 40.5126270234258], [-74.2315371957176, 40.512681692407], [-74.2315531455076, 40.5127351266856], [-74.2315701756407, 40.5127921797799], [-74.2316180348009, 40.5129525202242], [-74.2316341756997, 40.5130065942907], [-74.2316989951894, 40.5132237474737]]], [[[-74.2321725650669, 40.5148933857643], [-74.232187134224, 40.5149478285318], [-74.2322016111967, 40.515001919433], [-74.2322307578318, 40.5151108311281], [-74.2320048791755, 40.5151656152735], [-74.2307023537178, 40.5154815187818], [-74.2306107178915, 40.5152676023146], [-74.2305660118898, 40.5151632412543], [-74.2304791148439, 40.5149603836249], [-74.2308215237097, 40.514876415192], [-74.230958487828, 40.5148428280993], [-74.2310954516957, 40.5148092399233], [-74.2313008966953, 40.5147588582332], [-74.2315063413854, 40.5147084762576], [-74.2316433036068, 40.5146748874297], [-74.2318500965007, 40.514624174244], [-74.2320850962614, 40.5145665424896], [-74.2321142782842, 40.5146755892605], [-74.2321288484425, 40.5147300321177], [-74.2321579948406, 40.5148389438334], [-74.2321725650669, 40.5148933857643]]], [[[-74.232381112939, 40.5156726525006], [-74.2323919463963, 40.5157131248075], [-74.2324152675599, 40.5157753727685], [-74.2322125932332, 40.5158271295145], [-74.2320079509714, 40.5158793896796], [-74.2319397352008, 40.515896808792], [-74.2318033060835, 40.5159316486479], [-74.2315986631786, 40.5159839071614], [-74.2314880132369, 40.5157256182753], [-74.2313515829162, 40.5157604575135], [-74.2314622311817, 40.5160187456967], [-74.231325801565, 40.5160535849834], [-74.2309847254222, 40.5161406815338], [-74.2309400194613, 40.5160363214597], [-74.2308740787967, 40.5158823920563], [-74.2308059022084, 40.5157232430553], [-74.2307581705272, 40.5156118170858], [-74.2312376142245, 40.5154944169665], [-74.2315800737136, 40.515410557865], [-74.231854041145, 40.5153434698958], [-74.2319910247069, 40.5153099247043], [-74.2322660169347, 40.5152425841984], [-74.2322949032179, 40.5153505202285], [-74.2323372505508, 40.5155087499067], [-74.232381112939, 40.5156726525006]]], [[[-74.2325069640202, 40.5160245606245], [-74.2326418173931, 40.516330700608], [-74.2326465167024, 40.5163414046522], [-74.232566958326, 40.5164163595725], [-74.2323858263916, 40.5165870135131], [-74.2322952612881, 40.5166723412525], [-74.2321594102327, 40.5168003313505], [-74.2320235610683, 40.5169283212817], [-74.2319782762204, 40.5169709854796], [-74.2319139556101, 40.5169326023506], [-74.2318993490747, 40.5169238859529], [-74.231760464807, 40.5168410095505], [-74.2316916973431, 40.5167999733023], [-74.2316714559098, 40.5167519509766], [-74.2316524531411, 40.5167068690601], [-74.2316340178628, 40.5166631314558], [-74.231619725253, 40.5166292228574], [-74.231590573929, 40.5165600622608], [-74.2315606492848, 40.5164890697527], [-74.2315411290381, 40.5164427578503], [-74.2315165049279, 40.5163843404877], [-74.2315012523593, 40.516348153675], [-74.2314494521343, 40.5162252572039], [-74.2318758733267, 40.5161189495708], [-74.2320819094381, 40.5160675837717], [-74.2323092193742, 40.5160109126757], [-74.2324819816184, 40.515967842542], [-74.2325069640202, 40.5160245606245]]], [[[-74.2303516449622, 40.5122854484355], [-74.2302233794883, 40.5119648092584], [-74.2306171320958, 40.5118703408037], [-74.2306397323414, 40.5119272684788], [-74.23072559872, 40.5121945413752], [-74.2303516449622, 40.5122854484355]]], [[[-74.2309354750169, 40.5142111628312], [-74.2309781391284, 40.5143139870514], [-74.2310204678886, 40.5144160050881], [-74.2311103884392, 40.5146327208646], [-74.2307650746157, 40.514717966587], [-74.2304207961506, 40.514802955358], [-74.23035416716, 40.5146423710904], [-74.2302680922171, 40.5144349153112], [-74.2301817024413, 40.5142266982667], [-74.2300742526094, 40.513967721658], [-74.2299659885322, 40.5137067834372], [-74.2299224150046, 40.5136017624305], [-74.2298790271843, 40.5134971841097], [-74.2297698426714, 40.5132340240431], [-74.2296614751879, 40.5129728299761], [-74.2300057462917, 40.5128878435532], [-74.2303510516304, 40.5128026000203], [-74.230415174275, 40.512957153089], [-74.2304594215353, 40.5130637943594], [-74.2308264398062, 40.5139483718374], [-74.2308915914475, 40.5141053980522], [-74.2309354750169, 40.5142111628312]]], [[[-74.2307153351097, 40.5160739131129], [-74.2307631864393, 40.5161884861556], [-74.2304217748397, 40.516272078586], [-74.2300827354798, 40.5163550880574], [-74.2299694377487, 40.5160829213333], [-74.2299040978137, 40.5159259634316], [-74.2297952000616, 40.5156643662527], [-74.2301343599692, 40.5155816563048], [-74.2301125807218, 40.5155293367865], [-74.2300908004107, 40.515477017181], [-74.2297516397744, 40.5155597270032], [-74.2296863032732, 40.5154027689654], [-74.2300254606699, 40.5153200584215], [-74.2299819026579, 40.5152154192507], [-74.229642743325, 40.5152981295888], [-74.2296209645547, 40.5152458099749], [-74.2295937391942, 40.5151804110834], [-74.2299328991944, 40.515097700887], [-74.23027297676, 40.515014766224], [-74.2303658163631, 40.5152370564171], [-74.2304095046728, 40.5153416636401], [-74.2304531943251, 40.515446270927], [-74.2304968841139, 40.5155508781129], [-74.230540575247, 40.5156554853625], [-74.2305842628948, 40.5157600915982], [-74.2306279543028, 40.5158646997332], [-74.2306716446321, 40.515969305009], [-74.2307153351097, 40.5160739131129]]], [[[-74.2310973188034, 40.516818511382], [-74.2311494677985, 40.5169208382935], [-74.2308111736919, 40.5170228054907], [-74.2308896566958, 40.5171762180063], [-74.2305503612799, 40.5172784845323], [-74.2304718777289, 40.5171250717883], [-74.2304195586694, 40.5170227971191], [-74.2303149163151, 40.5168182468787], [-74.2302364350472, 40.5166648330461], [-74.2301732171475, 40.5165412546385], [-74.2305205329935, 40.5164546730421], [-74.2308666997281, 40.5163659898488], [-74.230940871685, 40.5165115314217], [-74.2309930212939, 40.5166138574843], [-74.2310451688721, 40.5167161844482], [-74.2310973188034, 40.516818511382]]], [[[-74.230838637019, 40.5182856183527], [-74.2307404657976, 40.5183995925383], [-74.2307197942534, 40.5183591857914], [-74.230555343276, 40.5180377283217], [-74.2304881424997, 40.5180573156496], [-74.2306718154159, 40.5184163435491], [-74.2306882172387, 40.5184484046856], [-74.2306344822329, 40.518494311019], [-74.2306190736564, 40.5184641921123], [-74.2304209428868, 40.5180769020993], [-74.2303537408244, 40.5180964893522], [-74.2303799030674, 40.5181476284945], [-74.2304583876141, 40.5183010431301], [-74.2303911889591, 40.5183206313174], [-74.2305135899252, 40.5185598928447], [-74.2305270098175, 40.5185861262896], [-74.2304732747, 40.5186320325469], [-74.2304715980729, 40.5186334659561], [-74.2303034259253, 40.5187528637497], [-74.2302841742308, 40.518715232174], [-74.2301223843868, 40.5183989774137], [-74.230043900493, 40.5182455616293], [-74.2299915789006, 40.5181432841001], [-74.2299392562627, 40.5180410065488], [-74.2298869337862, 40.517938729893], [-74.2298346125643, 40.5178364522902], [-74.2301706134928, 40.5177385180084], [-74.2301182909009, 40.5176362414558], [-74.2297822904069, 40.5177341747488], [-74.2297038080742, 40.5175807587244], [-74.2296253260985, 40.5174273417245], [-74.2295468444893, 40.5172739265081], [-74.2294945244146, 40.517171647825], [-74.2293898834396, 40.5169670931493], [-74.229339556039, 40.5168687115934], [-74.2292852753296, 40.5167626013901], [-74.2296277031801, 40.5166772416087], [-74.2299719350952, 40.5165914305147], [-74.2300133202489, 40.5166723306186], [-74.2300636484917, 40.5167707119643], [-74.2302206121713, 40.5170775434873], [-74.2302729344825, 40.5171798199975], [-74.2304037403681, 40.5174355138423], [-74.2305607082653, 40.5177423448831], [-74.2306130304147, 40.5178446221558], [-74.2306915152564, 40.5179980383917], [-74.2308170197886, 40.5182433629939], [-74.230838637019, 40.5182856183527]]], [[[-74.2292504080317, 40.5095363164413], [-74.2304400150241, 40.5092878904895], [-74.230991532211, 40.5108684913025], [-74.2299060300863, 40.511128470819], [-74.2292504080317, 40.5095363164413]]], [[[-74.2301109154693, 40.5116836661996], [-74.2300698323762, 40.5115809635507], [-74.2300278376784, 40.5114759817371], [-74.2299648031023, 40.5113184050402], [-74.2303069342485, 40.5112336957168], [-74.230369967137, 40.5113912713128], [-74.2304119635229, 40.5114962530818], [-74.2304530472007, 40.5115989555249], [-74.2305171459935, 40.5117591927121], [-74.2301739234339, 40.5118411771085], [-74.2301109154693, 40.5116836661996]]], [[[-74.2301185671476, 40.512269504678], [-74.2301605755439, 40.5123745224846], [-74.2302708426952, 40.512650167658], [-74.2299283567294, 40.5127340048769], [-74.2295858711105, 40.5128178411546], [-74.2295386089259, 40.5126996967129], [-74.229496600095, 40.5125946786834], [-74.2294545901894, 40.5124896598052], [-74.2293915892651, 40.5123321592882], [-74.2293495798035, 40.5122271421258], [-74.2293095042375, 40.5121269569443], [-74.2292679472349, 40.5120230681236], [-74.2292259392592, 40.5119180509115], [-74.2291867435843, 40.5118200612398], [-74.2291438135505, 40.5117127395133], [-74.229074363883, 40.5115391159528], [-74.2294168448016, 40.5114552821115], [-74.2297593236497, 40.5113714454938], [-74.2298103365656, 40.5114989722082], [-74.2298717059443, 40.5116523891933], [-74.229934719291, 40.511809916369], [-74.2300765564705, 40.5121644868614], [-74.2301185671476, 40.512269504678]]], [[[-74.2301285415599, 40.5146376348707], [-74.2301721708007, 40.5147427871162], [-74.2302168246617, 40.5148504120254], [-74.2298728160076, 40.5149353319293], [-74.2295301292487, 40.5150199229591], [-74.2294854751807, 40.5149122996267], [-74.2294418493205, 40.5148071471167], [-74.2293975096696, 40.5147002785935], [-74.2288811707366, 40.5134557501851], [-74.2288355824418, 40.5133458653838], [-74.2287706886067, 40.5131894480599], [-74.2291133669409, 40.513104858365], [-74.2294573659384, 40.51301994165], [-74.2295222612123, 40.5131763576661], [-74.22962996816, 40.5134359620053], [-74.2296946489199, 40.5135918587227], [-74.2297606186016, 40.5137508633109], [-74.2298027617589, 40.513852436415], [-74.2298481092495, 40.5139617350907], [-74.2299116868911, 40.5141149719181], [-74.2299775528117, 40.5142737226701], [-74.2300407883793, 40.5144261326031], [-74.2300842020227, 40.5145307675281], [-74.2301285415599, 40.5146376348707]]], [[[-74.2295637573747, 40.5108540775911], [-74.2296302268746, 40.5110107606493], [-74.2296967786898, 40.5111676388546], [-74.2293551224788, 40.5112533278571], [-74.2290133639743, 40.5113390413115], [-74.2289690520175, 40.511234586043], [-74.2289025862587, 40.5110779035197], [-74.2288361184022, 40.5109212209624], [-74.2287681557051, 40.5107610103674], [-74.2287222589851, 40.5106528173561], [-74.2286557931776, 40.5104961346872], [-74.2285018247491, 40.5101331800778], [-74.2284353599767, 40.5099764973592], [-74.2283910522381, 40.509872042689], [-74.2283260367767, 40.5097187753867], [-74.228672420744, 40.509643989934], [-74.2290187026201, 40.5095692252216], [-74.2290541758142, 40.5096528454044], [-74.229098486748, 40.5097573007357], [-74.2291649528536, 40.5099139822363], [-74.2292314192785, 40.5100706654545], [-74.2292978872191, 40.5102273487137], [-74.229364354261, 40.5103840300937], [-74.2294308216188, 40.5105407131911], [-74.2294972904925, 40.5106973954083], [-74.2295637573747, 40.5108540775911]]], [[[-74.2292715658879, 40.5125921297266], [-74.2293345727312, 40.5127496410874], [-74.2293818344868, 40.5128677873707], [-74.2290393462917, 40.5129516220191], [-74.2286968572377, 40.5130354556451], [-74.2286495988782, 40.5129173099129], [-74.2286075901015, 40.5128122915634], [-74.2285655826672, 40.5127072741155], [-74.2285235741516, 40.5126022548961], [-74.2284815729469, 40.5124972508732], [-74.2284413652973, 40.5123967333488], [-74.2283993583823, 40.5122917150006], [-74.2283573505015, 40.5121866965533], [-74.2282775107337, 40.511987090297], [-74.2282355020273, 40.5118820709702], [-74.2281858354421, 40.5117579007742], [-74.2285283185941, 40.5116740686655], [-74.2288707996771, 40.5115902346991], [-74.2289429753295, 40.5117706726942], [-74.2290030887344, 40.5119209524523], [-74.2290651922304, 40.5120762098917], [-74.2291263366403, 40.5122290657539], [-74.2291665453318, 40.5123295839607], [-74.2292715658879, 40.5125921297266]]], [[[-74.2293274903359, 40.5150640866888], [-74.2289827590806, 40.5151491809708], [-74.2286384467718, 40.5152341706423], [-74.2285733860917, 40.5150773528145], [-74.228529519952, 40.5149716222489], [-74.2284451182637, 40.5147681836103], [-74.2283844037239, 40.5146077359406], [-74.228313118274, 40.5144500226091], [-74.2282684915057, 40.514342452795], [-74.2282264371327, 40.514241086943], [-74.2281831038358, 40.5141366348835], [-74.2281183095841, 40.5139804592058], [-74.2280747030661, 40.513875347549], [-74.2280089479449, 40.5137168521672], [-74.2279653120404, 40.5136116693291], [-74.228309615643, 40.5135266815857], [-74.2282669359143, 40.5134238086368], [-74.2279226338817, 40.5135087953305], [-74.2278805817725, 40.513407432105], [-74.2282248833335, 40.5133224446167], [-74.2285696072257, 40.5132373508411], [-74.2286116591798, 40.5133387147378], [-74.2290021545796, 40.5142799388427], [-74.2290681314696, 40.5144389627121], [-74.2291107215608, 40.514541615756], [-74.2291539076772, 40.5146457075941], [-74.2291969013757, 40.5147493342168], [-74.2292856551942, 40.5149632548898], [-74.2293274903359, 40.5150640866888]]], [[[-74.2292855325318, 40.515904227315], [-74.2292637503378, 40.5158519084789], [-74.2289213118367, 40.5159358110634], [-74.2288124026893, 40.5156742165807], [-74.2291548399811, 40.515590312563], [-74.2291330579944, 40.5155379945373], [-74.2291112748337, 40.5154856757583], [-74.2287688392257, 40.5155695787241], [-74.2286980489108, 40.5153995409145], [-74.229040484942, 40.5153156380727], [-74.2293861340349, 40.5152309470469], [-74.2294779712025, 40.5154534830767], [-74.2295211890395, 40.5155582059418], [-74.2295644070122, 40.5156629288722], [-74.2296292342806, 40.5158200131526], [-74.2292855325318, 40.515904227315]]], [[[-74.2293290970252, 40.5160088658092], [-74.2296724514959, 40.5159247360438], [-74.2297156699454, 40.5160294597522], [-74.2293726604495, 40.5161135043723], [-74.2293290970252, 40.5160088658092]]], [[[-74.2295295267293, 40.5164902767911], [-74.2291874684046, 40.5165751006915], [-74.2291173493384, 40.516406683606], [-74.2290302207452, 40.5161974072802], [-74.2293726604495, 40.5161135043723], [-74.2294162263086, 40.5162181419934], [-74.2297588897327, 40.5161341825196], [-74.2298237178024, 40.51629126585], [-74.2298709110162, 40.5164056190392], [-74.2295295267293, 40.5164902767911]]], [[[-74.2294937611692, 40.5189539325219], [-74.2284664351522, 40.5169914176887], [-74.2291400802019, 40.516822174251], [-74.2297800894074, 40.5180392549852], [-74.2297283591179, 40.5180529259944], [-74.229730337, 40.5189121032361], [-74.2294937611692, 40.5189539325219]]], [[[-74.2288103382943, 40.5113949559197], [-74.228466019524, 40.5114814743314], [-74.2281227138097, 40.5115677356949], [-74.2280727765733, 40.511450244346], [-74.2280061959505, 40.5112935904031], [-74.2279618090412, 40.5111891537198], [-74.2279174222692, 40.5110847171037], [-74.2278730356359, 40.5109802804696], [-74.2278064548533, 40.5108236264065], [-74.2277620685684, 40.5107191897276], [-74.2277176824204, 40.5106147530308], [-74.2276732964139, 40.5105103171523], [-74.2276289093427, 40.5104058813421], [-74.2275845236076, 40.5103014436713], [-74.2275401368087, 40.5101970069037], [-74.2274205694699, 40.5099156726548], [-74.2277685313054, 40.5098403879274], [-74.228117521625, 40.5097648794813], [-74.2281833622952, 40.5099197959205], [-74.2282277487044, 40.5100242315223], [-74.2282943297881, 40.5101808854334], [-74.2283609111867, 40.5103375401405], [-74.2283942007981, 40.5104158679407], [-74.22842749169, 40.5104941948097], [-74.2284718788667, 40.5105986312329], [-74.2285162661803, 40.5107030676382], [-74.2287160120134, 40.5111730294818], [-74.2287604000914, 40.5112774657884], [-74.2288103382943, 40.5113949559197]]], [[[-74.2284940678846, 40.5130850943498], [-74.2281515785617, 40.5131689271833], [-74.2278090872813, 40.5132527581587], [-74.227699881241, 40.5129797362999], [-74.227618414648, 40.5127760660756], [-74.227297908218, 40.5119747692521], [-74.2276403935895, 40.5118909388742], [-74.2279828770065, 40.5118071075585], [-74.2280542816635, 40.5119856223107], [-74.2280962878441, 40.5120906407888], [-74.2281382953673, 40.5121956602509], [-74.2282007850526, 40.5123518846056], [-74.2282632678603, 40.5125080954696], [-74.2283243799934, 40.5126608770222], [-74.228406650726, 40.512866552465], [-74.2284468098501, 40.5129669485345], [-74.2284940678846, 40.5130850943498]]], [[[-74.2285157635991, 40.5155130575919], [-74.2290386437741, 40.5166411482831], [-74.2283552426582, 40.5168119972843], [-74.2278323702676, 40.5156839034986], [-74.2285157635991, 40.5155130575919]]], [[[-74.2274934001362, 40.5172117293782], [-74.2281764518166, 40.5170438426846], [-74.229215775321, 40.5190196864883], [-74.2289861549805, 40.5190635900564], [-74.2289149849004, 40.5190723077542], [-74.2288720230143, 40.5190744610605], [-74.2288318311295, 40.5190774264631], [-74.2287806834992, 40.5190785397326], [-74.2284715920912, 40.5190713972842], [-74.2274934001362, 40.5172117293782]]], [[[-74.2276949082131, 40.5087719146239], [-74.22775705192, 40.5089220649486], [-74.2273748790613, 40.5090048315294], [-74.2264806905006, 40.5091984769645], [-74.226272400108, 40.5092435839403], [-74.2261570863218, 40.5092685551815], [-74.2260073001743, 40.5089066056533], [-74.2258562796737, 40.5085416686715], [-74.2260294975643, 40.5085233827035], [-74.2261669520576, 40.5085088727069], [-74.2263110949345, 40.5084936550412], [-74.2265936696495, 40.5084638238609], [-74.2266695752787, 40.5084558105237], [-74.2268118568641, 40.5084407894999], [-74.2269561314825, 40.50842555721], [-74.2270949100626, 40.5084109047696], [-74.2271718168298, 40.5084027855454], [-74.227526640149, 40.5083653238255], [-74.227627929953, 40.5086100723092], [-74.2276949082131, 40.5087719146239]]], [[[-74.2278227852477, 40.5090809027422], [-74.2280385466017, 40.5096022372665], [-74.2276884090646, 40.5096780656684], [-74.227271673292, 40.5097683154679], [-74.2271322592103, 40.5097985080138], [-74.2269964102684, 40.509827927909], [-74.2268548313598, 40.5098585882231], [-74.2264385684899, 40.5099487323226], [-74.2263296379152, 40.5096855135721], [-74.2262228184904, 40.5094273938831], [-74.2266022871394, 40.5093452181937], [-74.2267449473543, 40.5093143237203], [-74.2268817833358, 40.509284690586], [-74.2272990388652, 40.5091943294753], [-74.2275098491544, 40.5091486753462], [-74.2278227852477, 40.5090809027422]]], [[[-74.227695101917, 40.5110938557808], [-74.2277393893393, 40.5111983170249], [-74.2277836733944, 40.5113027790958], [-74.2278279598848, 40.5114072393865], [-74.2278722465197, 40.5115117014158], [-74.2279165332883, 40.5116161625923], [-74.2275748521774, 40.5117018004018], [-74.2272320998343, 40.5117877068676], [-74.2271878129239, 40.5116832454305], [-74.227530565889, 40.5115973400155], [-74.22748628094, 40.5114928787727], [-74.227464137311, 40.5114406476445], [-74.2274419949221, 40.5113884165093], [-74.2273977078388, 40.5112839552356], [-74.2273755655568, 40.5112317250084], [-74.2270328153655, 40.5113176307969], [-74.2269442463228, 40.5111087069024], [-74.2268113918836, 40.5107953213493], [-74.2267449657876, 40.5106386284692], [-74.226711752256, 40.5105602829767], [-74.2266785400064, 40.5104819365529], [-74.2266342559216, 40.5103774748917], [-74.226518342213, 40.5101040418685], [-74.226865731388, 40.5100290959982], [-74.2272120362907, 40.5099543835526], [-74.2272743926655, 40.5101014719084], [-74.2269327173834, 40.5101871096591], [-74.2269770030108, 40.5102915702841], [-74.2273186775676, 40.5102059333247], [-74.227362962611, 40.5103103955607], [-74.2274072466893, 40.5104148560233], [-74.227473674118, 40.5105715493588], [-74.227540101852, 40.5107282408977], [-74.2275843875845, 40.5108327022068], [-74.2276286734533, 40.5109371634155], [-74.227695101917, 40.5110938557808]]], [[[-74.2276285259082, 40.5133573908457], [-74.2276042518069, 40.5133027541614], [-74.2269293652165, 40.5134747647254], [-74.2267069592045, 40.5129443270996], [-74.22642535291, 40.5129936045357], [-74.2266563702698, 40.5135445812379], [-74.2259651472553, 40.5137207482954], [-74.2257125706629, 40.5131183309828], [-74.2255108832055, 40.5131536212371], [-74.2257683934386, 40.5137678064534], [-74.225462376218, 40.5138457961527], [-74.225190481143, 40.5132096852752], [-74.2248970215732, 40.5125231024982], [-74.2248870805497, 40.5124998450606], [-74.2248263462487, 40.5123577484194], [-74.225174543642, 40.5122748994315], [-74.2251304728912, 40.512171790279], [-74.2250858564632, 40.5120674016405], [-74.225018929621, 40.5119108205365], [-74.2249520044032, 40.5117542375489], [-74.2248795018895, 40.5115846058983], [-74.2248170392409, 40.5114384629466], [-74.2247568067705, 40.511297538643], [-74.2246965744425, 40.5111566143066], [-74.2246321040187, 40.511005773517], [-74.2246192770515, 40.510975761354], [-74.2245587148446, 40.5108340622881], [-74.2244974904512, 40.5106908146373], [-74.2244372592194, 40.5105498910788], [-74.2243725664629, 40.5103985273485], [-74.2243043206091, 40.510238847778], [-74.2242262452362, 40.5100561679637], [-74.2241593225271, 40.5098995854157], [-74.2240812479407, 40.5097169037419], [-74.2240031725844, 40.5095342246915], [-74.2239585632163, 40.509429845461], [-74.2239139457055, 40.5093254474035], [-74.2238526027628, 40.5091819132528], [-74.2237912576677, 40.5090383781524], [-74.2237522213863, 40.5089470385724], [-74.2237138665209, 40.5088572942654], [-74.2236730502387, 40.5087617867967], [-74.2237772124069, 40.508750971902], [-74.2238752393449, 40.5087407937561], [-74.2256335866019, 40.5085582091605], [-74.2259336195192, 40.5092876129175], [-74.2258557237933, 40.5093019702973], [-74.2258832930163, 40.5093643949612], [-74.2259260046355, 40.5094611073403], [-74.2260076464166, 40.5094446433597], [-74.2262235340762, 40.5099694705731], [-74.2261564670071, 40.509982944166], [-74.2262265506875, 40.5101416347331], [-74.2262925361276, 40.510127836365], [-74.2268261470072, 40.5114250100777], [-74.2269553836317, 40.5113921255345], [-74.2270681535543, 40.5116558511856], [-74.2269349046629, 40.5116893848923], [-74.2269952335447, 40.5118360361566], [-74.2269613621959, 40.5118443231518], [-74.2270231044263, 40.5119915812545], [-74.2270467594613, 40.5120479969516], [-74.227077312854, 40.512040720529], [-74.2276313292859, 40.5133570358279], [-74.2276285259082, 40.5133573908457]], [[-74.225152424405, 40.5116766049725], [-74.2252138970959, 40.5118203767644], [-74.2252726253385, 40.5119577295481], [-74.225298267018, 40.5120176978611], [-74.2253268975428, 40.512084660176], [-74.2253559858582, 40.512152687778], [-74.2253864491483, 40.5122239330115], [-74.2257298125358, 40.51214223106], [-74.2256993502324, 40.512070985916], [-74.2256702614962, 40.5120029592372], [-74.2256416295621, 40.5119359961733], [-74.2256159887063, 40.5118760287709], [-74.2255572599371, 40.5117386753255], [-74.2254957853754, 40.5115949036353], [-74.2254360758748, 40.5114552574414], [-74.2253710602007, 40.5113032015168], [-74.2253096970239, 40.5111596844259], [-74.2252480380217, 40.5110154780835], [-74.2251857799046, 40.5108698697791], [-74.2251835286613, 40.5108646016179], [-74.2251079252303, 40.5106877800389], [-74.2252006311793, 40.5106657215051], [-74.2250834940436, 40.5103917591131], [-74.2248706148707, 40.5104424125796], [-74.224647432912, 40.5104955173023], [-74.2247645684429, 40.510769480221], [-74.2248409488741, 40.5109481249295], [-74.2248424222759, 40.510951569273], [-74.2249046786266, 40.5110971786013], [-74.2249663381663, 40.5112413842886], [-74.2250277006841, 40.5113849024823], [-74.2250927144481, 40.5115369576828], [-74.225152424405, 40.5116766049725]], [[-74.2249260536085, 40.5102618813751], [-74.2248933521575, 40.5101877893479], [-74.2248630287619, 40.510119085956], [-74.2247895310405, 40.509952566588], [-74.2247160373069, 40.5097860481678], [-74.2246161301046, 40.5095596859778], [-74.22456675045, 40.5094478050135], [-74.2244898099793, 40.5092734810339], [-74.2244266526774, 40.509130378503], [-74.2243634945519, 40.5089872759381], [-74.2240200866618, 40.5090689874871], [-74.224083244241, 40.50921209024], [-74.2241464019791, 40.5093551929582], [-74.2242233404477, 40.5095295180894], [-74.2242727184893, 40.5096413982829], [-74.2243726257449, 40.5098677607684], [-74.2244461199234, 40.5100342803253], [-74.2245196144635, 40.5102007989969], [-74.2245499388602, 40.5102695024765], [-74.2245826410695, 40.5103435955192], [-74.2249260536085, 40.5102618813751]]], [[[-74.2276985986144, 40.5135163299113], [-74.2284541126699, 40.5153312683576], [-74.227774877533, 40.5155043867091], [-74.2270193799653, 40.5136894447346], [-74.2276985986144, 40.5135163299113]]], [[[-74.2275555739081, 40.5157492881956], [-74.2280807482567, 40.5168733533167], [-74.227402086974, 40.5170393296852], [-74.2268769203231, 40.5159152624798], [-74.2275555739081, 40.5157492881956]]], [[[-74.2277767196377, 40.5190597548251], [-74.2271453284229, 40.5190299035111], [-74.2271030290363, 40.5190273269941], [-74.2270819557683, 40.5190254298937], [-74.2270539691648, 40.5190222748782], [-74.2270192055479, 40.5190173285764], [-74.2269977140693, 40.5190135626821], [-74.2269622999358, 40.5190060673661], [-74.2269413368631, 40.5190008461122], [-74.2269206163351, 40.5189950894357], [-74.2268926497251, 40.5189863527996], [-74.2267910153056, 40.5189513645542], [-74.2267802380114, 40.5189679987886], [-74.2267360007085, 40.5190362789579], [-74.226623474006, 40.5189968877579], [-74.2266436252186, 40.5189245253636], [-74.226753684062, 40.518529310448], [-74.226743708878, 40.5185260090043], [-74.2265848489586, 40.5184734281195], [-74.2263295749739, 40.5183889359618], [-74.2264474318644, 40.5178417223559], [-74.2260857088081, 40.5169883701241], [-74.2267687858208, 40.5168213211885], [-74.2263979358498, 40.5160324020869], [-74.2266753562742, 40.5159645577739], [-74.2272021911532, 40.5170922076934], [-74.2269276833603, 40.5171593414799], [-74.2270076005291, 40.5173380443776], [-74.2272868261579, 40.5172697573931], [-74.2282393072588, 40.5190816229853], [-74.2277767196377, 40.5190597548251]]], [[[-74.2272430809876, 40.5078092161396], [-74.2272722329326, 40.5079924140855], [-74.2272914354013, 40.5081130887974], [-74.2269425998473, 40.5081488368413], [-74.2256494931796, 40.5082813425071], [-74.2256525153606, 40.5078938635911], [-74.2268523332367, 40.5075815421158], [-74.2271927511048, 40.5074929272441], [-74.2272290819212, 40.5077212374783], [-74.2272430809876, 40.5078092161396]]], [[[-74.2267455776214, 40.5137573430834], [-74.2274944192225, 40.5155767126414], [-74.2268067739851, 40.5157521688251], [-74.2260551877506, 40.5139354973534], [-74.2267455776214, 40.5137573430834]]], [[[-74.2258597643439, 40.5139857292088], [-74.2266319695514, 40.515801114075], [-74.22633100201, 40.5158779073314], [-74.2255556683436, 40.5140640567149], [-74.2258597643439, 40.5139857292088]]]]}, "properties": {"campus_name": "NYC Parks cluster (365 lots)", "owner_key": "PARKS", "owner_label": "NYC Parks", "lot_count": 365, "bldg_area_sqft": 135000, "derivation": "contiguous lots, owner=PARKS, snap=0.0003deg", "kind": "campus", "owner_kind": "public"}}, {"type": "Feature", "geometry": {"type": "MultiPolygon", "coordinates": [[[[-73.8867784390038, 40.8453187875689], [-73.8876846716119, 40.8457651070154], [-73.8866630702697, 40.8469583670476], [-73.8857585706144, 40.8465145700678], [-73.8867784390038, 40.8453187875689]]], [[[-73.8859063277134, 40.8468257826233], [-73.8859819473646, 40.8468628433173], [-73.8860548337102, 40.8468985640572], [-73.8865367498717, 40.847134740433], [-73.8863009484739, 40.8474110929529], [-73.8859895748958, 40.8477760102342], [-73.8850629350006, 40.8473218788763], [-73.8853748234947, 40.8469572148842], [-73.8854223845364, 40.8469016080624], [-73.8854656975865, 40.8468509676801], [-73.8855090094677, 40.8468003281988], [-73.8856110239518, 40.8466810573783], [-73.8859063277134, 40.8468257826233]]]]}, "properties": {"campus_name": "NYC Parks cluster (9 lots)", "owner_key": "PARKS", "owner_label": "NYC Parks", "lot_count": 9, "bldg_area_sqft": 134957, "derivation": "contiguous lots, owner=PARKS, snap=0.0003deg", "kind": "campus", "owner_kind": "public"}}, {"type": "Feature", "geometry": {"type": "MultiPolygon", "coordinates": [[[[-73.9281150699581, 40.6723201409323], [-73.9297877939755, 40.6724088525945], [-73.9297555733336, 40.6727599556053], [-73.9297228892804, 40.6731160994683], [-73.9280502935946, 40.6730258020871], [-73.9281150699581, 40.6723201409323]]], [[[-73.9287029584661, 40.6736056505107], [-73.9287347399899, 40.6732526393322], [-73.9289518945573, 40.6732642875566], [-73.9289201129678, 40.6736172997989], [-73.9288453154506, 40.6736132858602], [-73.9287774118382, 40.6736096445004], [-73.9287029584661, 40.6736056505107]]], [[[-73.9290245806692, 40.6732681866801], [-73.9290948339455, 40.6732719554189], [-73.9291689782188, 40.6732759327359], [-73.9291371977728, 40.6736289449526], [-73.9290630531082, 40.6736249666953], [-73.9289927994619, 40.6736211979372], [-73.9290245806692, 40.6732681866801]]]]}, "properties": {"campus_name": "NYC DOE schools cluster (4 lots)", "owner_key": "EDUC", "owner_label": "NYC DOE schools", "lot_count": 4, "bldg_area_sqft": 133670, "derivation": "contiguous lots, owner=EDUC, snap=0.0003deg", "kind": "campus", "owner_kind": "public"}}, {"type": "Feature", "geometry": {"type": "Polygon", "coordinates": [[[-73.9231191547856, 40.665767301925], [-73.9231660676246, 40.6658094900683], [-73.9232108646653, 40.665849775749], [-73.9232212680176, 40.6658591309787], [-73.9232548029237, 40.6658892899877], [-73.9233046446447, 40.665934111333], [-73.9233482309205, 40.6659733083089], [-73.9233981884515, 40.6660182332632], [-73.9234236109282, 40.6660410945054], [-73.9234422203351, 40.6660578303997], [-73.9234895139957, 40.6661003608363], [-73.9235358235344, 40.6661420071373], [-73.923632217635, 40.6662286909641], [-73.923658539288, 40.6662523614189], [-73.9236083599641, 40.6662726256999], [-73.9235287104325, 40.6663047924063], [-73.9234498581894, 40.6663366343979], [-73.923370208395, 40.6663688009942], [-73.9232904355249, 40.6664010150562], [-73.9232124076763, 40.6664325270574], [-73.9231505502095, 40.6664575056743], [-73.9231639501686, 40.6665091709651], [-73.9233296830464, 40.6667302943381], [-73.9232009536063, 40.6667862259801], [-73.9230380323131, 40.6668570138921], [-73.9228698382009, 40.6669300916052], [-73.9227928954196, 40.6666334243068], [-73.9227864916648, 40.6666087341466], [-73.9227759048297, 40.6665679174377], [-73.9227236038641, 40.6663662522682], [-73.9226689073433, 40.6661553541334], [-73.9226158524016, 40.6659507896274], [-73.9225623951649, 40.6657446704813], [-73.9230173927208, 40.6656757882512], [-73.9230725679757, 40.6657254076321], [-73.9231191547856, 40.665767301925]]]}, "properties": {"campus_name": "NYC Housing Authority cluster (8 lots)", "owner_key": "NYCHA", "owner_label": "NYC Housing Authority", "lot_count": 8, "bldg_area_sqft": 132970, "derivation": "contiguous lots, owner=NYCHA, snap=0.0003deg", "kind": "campus", "owner_kind": "public"}}, {"type": "Feature", "geometry": {"type": "Polygon", "coordinates": [[[-73.8996163728028, 40.6556461057662], [-73.9005520960043, 40.6555141201233], [-73.9005930566236, 40.6554625081451], [-73.9006842603914, 40.6553475881292], [-73.9007982150196, 40.6552040025896], [-73.900846801699, 40.6547562719008], [-73.9007524291212, 40.6544847339206], [-73.9020539145987, 40.653644516427], [-73.902620489445, 40.6541416016565], [-73.902677341194, 40.6541914807995], [-73.9017650855293, 40.6547587231005], [-73.9016671207073, 40.6548208030732], [-73.9015321697096, 40.6549126169463], [-73.9014038888252, 40.6550072460556], [-73.9012584547256, 40.6551158686897], [-73.9011184135742, 40.6552251198889], [-73.9009848202595, 40.6553402784274], [-73.9008929354039, 40.6554205083257], [-73.90088750697, 40.6554252484919], [-73.9007179103043, 40.6555904355199], [-73.9006524447466, 40.6556541977409], [-73.9005315320246, 40.6557800775048], [-73.9004124507773, 40.6559143974604], [-73.9003201883175, 40.6560240293695], [-73.9002586366244, 40.656102219278], [-73.900190214942, 40.6561945674446], [-73.9001690014101, 40.6562225893289], [-73.899910638429, 40.6565777784081], [-73.899777431688, 40.6567575300601], [-73.8996827457884, 40.6570594765894], [-73.8996595090306, 40.6571335806059], [-73.8996114250325, 40.6571386086002], [-73.8995846269527, 40.6571402078996], [-73.8995574714579, 40.6571404597702], [-73.8995310645992, 40.6571390471804], [-73.8995019493906, 40.6571355953194], [-73.899474616888, 40.657130912179], [-73.8994439907937, 40.6571241504359], [-73.8994161672151, 40.6571157755543], [-73.8994019655186, 40.6571104978367], [-73.8993853479275, 40.6571038239584], [-73.8989928360653, 40.6571623531436], [-73.8987627497315, 40.6563091913966], [-73.8986592529315, 40.6559254193683], [-73.8989635589947, 40.6558815302069], [-73.8992994059161, 40.6558330905052], [-73.8993383262156, 40.6559777566569], [-73.8995079391877, 40.6557582867105], [-73.8995910657955, 40.6556496749171], [-73.8996163728028, 40.6556461057662]]]}, "properties": {"campus_name": "NYC Homeless Services cluster (4 lots)", "owner_key": "DHS", "owner_label": "NYC Homeless Services", "lot_count": 4, "bldg_area_sqft": 129990, "derivation": "contiguous lots, owner=DHS, snap=0.0003deg", "kind": "campus", "owner_kind": "public"}}, {"type": "Feature", "geometry": {"type": "Polygon", "coordinates": [[[-73.8892705925586, 40.8178045245628], [-73.8892727155107, 40.8178080583627], [-73.889310221594, 40.8178704827003], [-73.8893295952877, 40.8179027264367], [-73.8893484571466, 40.8179341206184], [-73.8893859634825, 40.8179965448478], [-73.889388529662, 40.8180008174466], [-73.8894223834726, 40.8180571625702], [-73.8894467762192, 40.8180977578691], [-73.8894598899456, 40.8181195876943], [-73.8894971670847, 40.8181816289246], [-73.88950491905, 40.8181945305907], [-73.8895346737011, 40.8182440531855], [-73.8895643894133, 40.8182935098951], [-73.8895719202281, 40.8183060448338], [-73.8896094280855, 40.8183684681514], [-73.8896226943466, 40.8183905520101], [-73.8892926474798, 40.8185029310905], [-73.8892343760944, 40.8184058771301], [-73.8891749404994, 40.8183068850579], [-73.8891168301133, 40.8182101022466], [-73.8890586207368, 40.8181131509861], [-73.8889997176025, 40.8180150481268], [-73.8889407507389, 40.817916833489], [-73.8888835110869, 40.8178215021268], [-73.8888242574023, 40.8177228098735], [-73.8887658065173, 40.8176254565759], [-73.8887068002579, 40.8175271769363], [-73.8886490529552, 40.8174309967411], [-73.8885899394245, 40.8173325386571], [-73.8885343721285, 40.8172399867188], [-73.8888639800066, 40.8171277580295], [-73.8889195785188, 40.8172202998858], [-73.8889352390357, 40.8172463645519], [-73.8889719821578, 40.8173075203315], [-73.8889787268165, 40.817318745202], [-73.8890094865792, 40.8173699429309], [-73.8890365064518, 40.8174149136374], [-73.8890471565644, 40.8174326384904], [-73.8890866965352, 40.8174984506377], [-73.8890955474726, 40.8175131814295], [-73.8891234457543, 40.8175596171643], [-73.8891540332277, 40.8176105238026], [-73.8891609516694, 40.8176220406331], [-73.8891969245278, 40.8176819123467], [-73.8892133204678, 40.817709203289], [-73.889237194079, 40.8177489371974], [-73.8892705925586, 40.8178045245628]]]}, "properties": {"campus_name": "NYC Housing Authority cluster (13 lots)", "owner_key": "NYCHA", "owner_label": "NYC Housing Authority", "lot_count": 13, "bldg_area_sqft": 126720, "derivation": "contiguous lots, owner=NYCHA, snap=0.0003deg", "kind": "campus", "owner_kind": "public"}}, {"type": "Feature", "geometry": {"type": "MultiPolygon", "coordinates": [[[[-73.8773317586132, 40.8252622773023], [-73.8773624234074, 40.8253936896617], [-73.8773928106554, 40.8255239185217], [-73.8774246329635, 40.825660293749], [-73.8770634004279, 40.8257104532621], [-73.8770477282053, 40.825642749823], [-73.8770318219593, 40.8255740456525], [-73.8770167060441, 40.8255087444887], [-73.8770016677246, 40.8254437828118], [-73.8769859297401, 40.8253757965231], [-73.8769709044837, 40.8253108907397], [-73.8773317586132, 40.8252622773023]]], [[[-73.878096017994, 40.8260120972812], [-73.8777361224216, 40.826059726275], [-73.8776360800961, 40.8256388902308], [-73.8779982966182, 40.8255881879376], [-73.878096017994, 40.8260120972812]]]]}, "properties": {"campus_name": "NYC Housing Authority cluster (4 lots)", "owner_key": "NYCHA", "owner_label": "NYC Housing Authority", "lot_count": 4, "bldg_area_sqft": 115000, "derivation": "contiguous lots, owner=NYCHA, snap=0.0003deg", "kind": "campus", "owner_kind": "public"}}, {"type": "Feature", "geometry": {"type": "Polygon", "coordinates": [[[-73.8737606049889, 40.6888040998326], [-73.8738233722055, 40.6889811225274], [-73.8733323817901, 40.68907857353], [-73.8733064815585, 40.6890837139221], [-73.8733659163024, 40.6891735912845], [-73.8734570769731, 40.6894440286688], [-73.8733919612653, 40.689471730698], [-73.8726647584058, 40.6897811087782], [-73.8725797605867, 40.6894196301508], [-73.8729045789765, 40.689371440773], [-73.8728894948338, 40.6893127466424], [-73.8728767077883, 40.6892629845064], [-73.8728621662398, 40.6892064008143], [-73.8728488647193, 40.6891546416238], [-73.8728134241079, 40.6890167327845], [-73.8727960689569, 40.6889491948487], [-73.8727787632569, 40.6888818523973], [-73.8727622162465, 40.6888174625866], [-73.8727449094045, 40.688750120964], [-73.8727277517452, 40.6886833522449], [-73.8727144892797, 40.6886317399021], [-73.8727009695856, 40.6885791286128], [-73.8726885163184, 40.6885306680811], [-73.8726749978638, 40.6884780612249], [-73.8726688974621, 40.6884543268287], [-73.8728786505093, 40.688412697415], [-73.8729785090378, 40.688801281575], [-73.8732543050984, 40.688746542581], [-73.8732685271138, 40.6888070259767], [-73.8737292213953, 40.6887155890146], [-73.8737606049889, 40.6888040998326]]]}, "properties": {"campus_name": "NYC DOE schools cluster (4 lots)", "owner_key": "EDUC", "owner_label": "NYC DOE schools", "lot_count": 4, "bldg_area_sqft": 110838, "derivation": "contiguous lots, owner=EDUC, snap=0.0003deg", "kind": "campus", "owner_kind": "public"}}, {"type": "Feature", "geometry": {"type": "Polygon", "coordinates": [[[-73.7895662772472, 40.7000017280693], [-73.7894848778823, 40.6999240836218], [-73.7893386727817, 40.6997846181776], [-73.7896734906977, 40.6995777230091], [-73.7897960476587, 40.6995019903259], [-73.790009579074, 40.6993428195933], [-73.7900128362952, 40.6993474073929], [-73.7900509884882, 40.699400099453], [-73.7900873830157, 40.6994504281358], [-73.7901258968216, 40.6995036935731], [-73.7901656276444, 40.6995586407064], [-73.7902525633766, 40.6996788774124], [-73.7902960325164, 40.6997389947802], [-73.7903395018432, 40.6997991131352], [-73.7903829699277, 40.6998592314708], [-73.7904264393026, 40.699919348788], [-73.7904727115353, 40.6999833435187], [-73.7905134078331, 40.7000396268452], [-73.7905600135019, 40.7001040840387], [-73.7906034831959, 40.7001642013709], [-73.7906437120325, 40.7002198381041], [-73.7906889856176, 40.7002824512756], [-73.7907308520895, 40.7003403521427], [-73.7907743209898, 40.7004004703266], [-73.7908176132133, 40.7004603413727], [-73.7908623320972, 40.700522187132], [-73.7909058024436, 40.700582305267], [-73.7909492715514, 40.700642423299], [-73.7909931143023, 40.7007030553354], [-73.7910365835673, 40.7007631734172], [-73.7911240066671, 40.7008840758491], [-73.791210946958, 40.7010043108913], [-73.791297888877, 40.7011245467897], [-73.791358746904, 40.701208711131], [-73.7915688071077, 40.7014992132688], [-73.791402100568, 40.7016788800448], [-73.7913220703734, 40.7017290962357], [-73.7911737494385, 40.7017900730236], [-73.7909239890107, 40.7014593963956], [-73.7908805349166, 40.7014018645965], [-73.790797247976, 40.7012915946916], [-73.7906483017535, 40.7010943903301], [-73.7905555252862, 40.7009715534305], [-73.7903767416149, 40.7007348411027], [-73.7902893770377, 40.7006191701917], [-73.7901940048277, 40.7004928945681], [-73.7901445932296, 40.7004274731088], [-73.7900841578317, 40.7002988566691], [-73.7895450355493, 40.7006060949754], [-73.789490679714, 40.7005512164273], [-73.7894014572648, 40.7004661085359], [-73.7891708542112, 40.7002461408415], [-73.7891708092839, 40.7002460957492], [-73.7894542799108, 40.7000709331879], [-73.7895662772472, 40.7000017280693]]]}, "properties": {"campus_name": "NYC Transit Authority cluster (5 lots)", "owner_key": "NYCTA", "owner_label": "NYC Transit Authority", "lot_count": 5, "bldg_area_sqft": 110057, "derivation": "contiguous lots, owner=NYCTA, snap=0.0003deg", "kind": "campus", "owner_kind": "public"}}, {"type": "Feature", "geometry": {"type": "MultiPolygon", "coordinates": [[[[-73.9212893893794, 40.6656090325249], [-73.9213592977463, 40.6658810966191], [-73.9213766015808, 40.6659484382714], [-73.9213935594081, 40.6660144351669], [-73.9210307406997, 40.6660680367067], [-73.9210147405419, 40.6660055343515], [-73.921013843543, 40.6660020325212], [-73.9209966016008, 40.6659346809859], [-73.9209269417928, 40.6656625799488], [-73.9212893893794, 40.6656090325249]]], [[[-73.9219898206629, 40.6660649601941], [-73.9216333944424, 40.6661183851708], [-73.9215638031317, 40.6658470481469], [-73.9219204042191, 40.6657935965658], [-73.9219376340912, 40.6658609506328], [-73.9219720927308, 40.6659956579189], [-73.9219898206629, 40.6660649601941]]], [[[-73.9210647892741, 40.6662010366268], [-73.9214277293387, 40.6661474153181], [-73.9214966229059, 40.6664155280593], [-73.9215151547924, 40.6664876486568], [-73.9211519042685, 40.6665413159577], [-73.9211512333213, 40.6665386904658], [-73.9211334378164, 40.6664691845543], [-73.9211170925306, 40.6664053347861], [-73.9210989521649, 40.6663344805191], [-73.9210822420983, 40.6662692122731], [-73.9210647892741, 40.6662010366268]]]]}, "properties": {"campus_name": "NYC Housing Authority cluster (6 lots)", "owner_key": "NYCHA", "owner_label": "NYC Housing Authority", "lot_count": 6, "bldg_area_sqft": 109392, "derivation": "contiguous lots, owner=NYCHA, snap=0.0003deg", "kind": "campus", "owner_kind": "public"}}, {"type": "Feature", "geometry": {"type": "MultiPolygon", "coordinates": [[[[-73.7919524377585, 40.6940936257731], [-73.7910434044619, 40.6944770068889], [-73.7899988091988, 40.6930510743314], [-73.7909093720003, 40.6926623452119], [-73.7919524377585, 40.6940936257731]]], [[[-73.7914856745009, 40.6945700911639], [-73.7915296328695, 40.6946300640117], [-73.7912281329003, 40.6947579643248], [-73.7911841782397, 40.6946979904505], [-73.7911523144366, 40.6946545160265], [-73.7914537209339, 40.6945264915039], [-73.7914856745009, 40.6945700911639]]], [[[-73.7907723436967, 40.6950693975376], [-73.7907568297802, 40.69504813794], [-73.7906645084605, 40.694921620514], [-73.7906308029661, 40.6948754312289], [-73.7909807465886, 40.6947275146505], [-73.7911222880203, 40.6949214814526], [-73.7907723436967, 40.6950693975376]]]]}, "properties": {"campus_name": "NYC Parks cluster (4 lots)", "owner_key": "PARKS", "owner_label": "NYC Parks", "lot_count": 4, "bldg_area_sqft": 109240, "derivation": "contiguous lots, owner=PARKS, snap=0.0003deg", "kind": "campus", "owner_kind": "public"}}, {"type": "Feature", "geometry": {"type": "MultiPolygon", "coordinates": [[[[-73.9192551324, 40.6628534998769], [-73.919237187905, 40.6627834549259], [-73.9192218610979, 40.6627236291699], [-73.9194975269119, 40.6626823779684], [-73.9195305106005, 40.662961939395], [-73.9195627218676, 40.6632349589724], [-73.919595317431, 40.6635112153123], [-73.9193641422379, 40.663545808904], [-73.9193496814058, 40.6634893606728], [-73.9193358774484, 40.6634354812117], [-73.9193103397818, 40.6633358031369], [-73.9192974962934, 40.663285671356], [-73.9192947761504, 40.663275054112], [-73.9192848033998, 40.6632361249711], [-73.9192592670929, 40.6631364478036], [-73.9192337308652, 40.6630367697092], [-73.9192262251613, 40.6630074733567], [-73.9192081936128, 40.6629370924422], [-73.9192740256348, 40.6629272419718], [-73.9192551324, 40.6628534998769]]], [[[-73.9195370626332, 40.6637947274636], [-73.9194708094141, 40.6640890932671], [-73.9192115820692, 40.6641289655847], [-73.9191410873064, 40.6638538046688], [-73.9195370626332, 40.6637947274636]]]]}, "properties": {"campus_name": "NYC Housing Authority cluster (4 lots)", "owner_key": "NYCHA", "owner_label": "NYC Housing Authority", "lot_count": 4, "bldg_area_sqft": 107681, "derivation": "contiguous lots, owner=NYCHA, snap=0.0003deg", "kind": "campus", "owner_kind": "public"}}, {"type": "Feature", "geometry": {"type": "MultiPolygon", "coordinates": [[[[-73.9211799142514, 40.6701707115111], [-73.9213389355722, 40.6701793085918], [-73.9213078798256, 40.6705167340902], [-73.9213022334209, 40.6705780778362], [-73.9213665608078, 40.6705815275758], [-73.9214535828528, 40.6705861923072], [-73.9215424792841, 40.6705909581422], [-73.9216261887844, 40.6705954466357], [-73.9217195035351, 40.6706004495111], [-73.9218422844475, 40.6706070311036], [-73.9219286631611, 40.6706116625774], [-73.9219653352172, 40.6702131739669], [-73.9222533396905, 40.6702287435015], [-73.9223319079735, 40.6702329902436], [-73.9223154401324, 40.6704127779962], [-73.9222954238583, 40.6706313241557], [-73.9222904069315, 40.6706860856747], [-73.9222853924129, 40.6707408489525], [-73.9222803503197, 40.6707958850291], [-73.9222693975374, 40.6709154724466], [-73.9218162560962, 40.6708911802129], [-73.9216933528179, 40.6708845912316], [-73.9216000376716, 40.670879588419], [-73.9215163278164, 40.6708750999052], [-73.9214274322146, 40.6708703358087], [-73.9213404087054, 40.6708656683791], [-73.9212447354712, 40.670860539346], [-73.9211465644708, 40.6708552761703], [-73.9210422806528, 40.6708496844445], [-73.9209344015768, 40.6708439010812], [-73.9209662009131, 40.670498414799], [-73.9208583224129, 40.6704926304427], [-73.9208591312042, 40.6704838410716], [-73.92077899794, 40.6704907208326], [-73.9205439891346, 40.670510896927], [-73.9205154046965, 40.6708214335909], [-73.9202889913569, 40.6708092937624], [-73.9201998639978, 40.6708045141662], [-73.9199301667138, 40.6707900509562], [-73.9199356862741, 40.6707300875966], [-73.9199412081324, 40.6706701234016], [-73.9199467275635, 40.670610160962], [-73.9199522470951, 40.670550196764], [-73.9199629347585, 40.6704341033926], [-73.9199735195443, 40.6703191049872], [-73.9200483955738, 40.6703231201496], [-73.9201176849936, 40.6703268352265], [-73.920189603366, 40.6703306924672], [-73.9202615229562, 40.6703345488275], [-73.9203323415584, 40.6703383459027], [-73.9203518943776, 40.6701259403023], [-73.9204331585939, 40.6701303342713], [-73.9205179802586, 40.6701349207194], [-73.9206150643749, 40.6701401702137], [-73.9207096083418, 40.6701452828466], [-73.9207995045489, 40.6701501427258], [-73.9208893996704, 40.6701550042904], [-73.9210368276765, 40.6701629751434], [-73.9211799142514, 40.6701707115111]]], [[[-73.9197020170423, 40.6702909421666], [-73.9196974622415, 40.6703402260277], [-73.9196925496244, 40.6704018728105], [-73.9196872261652, 40.6704511156419], [-73.9196817558013, 40.6705103882376], [-73.9196764271122, 40.670567882464], [-73.9196718353547, 40.670617440036], [-73.9196648602783, 40.6706927066416], [-73.9196571027112, 40.6707764005401], [-73.919305246918, 40.6707571578905], [-73.91923787309, 40.6707534716127], [-73.9191665586897, 40.6707495727897], [-73.9190874922409, 40.6707452469025], [-73.919021562341, 40.6707416408235], [-73.9189530224969, 40.6707378932389], [-73.9188780857388, 40.6707337934918], [-73.9188085145689, 40.6707299883726], [-73.9187361063598, 40.6707260271864], [-73.9186646229312, 40.6707221170566], [-73.9185922478098, 40.6707181585635], [-73.9185266101053, 40.6707145676356], [-73.9185425332898, 40.670542753268], [-73.9185707925789, 40.6705379276272], [-73.9186095670308, 40.6705313020068], [-73.9186132690307, 40.6704913739807], [-73.9186873829552, 40.6704765561444], [-73.918716163752, 40.6701660209762], [-73.9188522812097, 40.6701100770742], [-73.9189508316693, 40.6700695746355], [-73.9189813986436, 40.6700711883169], [-73.9191080088954, 40.6700778719038], [-73.9192374716901, 40.6700847067703], [-73.9193669346212, 40.6700915415764], [-73.9197188491427, 40.6701101168026], [-73.9197020170423, 40.6702909421666]]], [[[-73.9202774643737, 40.6709936286016], [-73.9204190130014, 40.6710012179378], [-73.92038541229, 40.6713560385349], [-73.9203618778755, 40.6713547767853], [-73.9202892026965, 40.6713508803936], [-73.9202438641178, 40.6713484508299], [-73.9202441839517, 40.6713450678851], [-73.9198774825555, 40.6713254087651], [-73.9198839655789, 40.6712569668733], [-73.9198904461738, 40.6711885249801], [-73.9198975629767, 40.671113376426], [-73.9199037644254, 40.6710478871515], [-73.9199107661072, 40.6709739705078], [-73.9202774643737, 40.6709936286016]]]]}, "properties": {"campus_name": "NYC Housing Authority cluster (65 lots)", "owner_key": "NYCHA", "owner_label": "NYC Housing Authority", "lot_count": 65, "bldg_area_sqft": 107104, "derivation": "contiguous lots, owner=NYCHA, snap=0.0003deg", "kind": "campus", "owner_kind": "public"}}, {"type": "Feature", "geometry": {"type": "MultiPolygon", "coordinates": [[[[-73.9188458479629, 40.6758796548305], [-73.918859967237, 40.6757442488338], [-73.919209055624, 40.6757632963604], [-73.919197042722, 40.6758983922426], [-73.9188458479629, 40.6758796548305]]], [[[-73.9197785039249, 40.6761084715218], [-73.9203295334285, 40.6761389315876], [-73.9203027298776, 40.6764281621202], [-73.9197510590431, 40.6763949342279], [-73.9197377186506, 40.676534187764], [-73.9193793210312, 40.6765150417056], [-73.9194080763823, 40.6762387855566], [-73.9194236824074, 40.6760888561612], [-73.9197785039249, 40.6761084715218]]]]}, "properties": {"campus_name": "NYC Housing Authority cluster (4 lots)", "owner_key": "NYCHA", "owner_label": "NYC Housing Authority", "lot_count": 4, "bldg_area_sqft": 106480, "derivation": "contiguous lots, owner=NYCHA, snap=0.0003deg", "kind": "campus", "owner_kind": "public"}}, {"type": "Feature", "geometry": {"type": "MultiPolygon", "coordinates": [[[[-73.9851505442182, 40.6983279081246], [-73.9851668960009, 40.6979815811944], [-73.9853381556475, 40.6983361718299], [-73.9851505442182, 40.6983279081246]]], [[[-73.9851304516091, 40.699769479067], [-73.985027182066, 40.6997639320302], [-73.9849145478338, 40.6997565205506], [-73.9847918675964, 40.6997458647797], [-73.9847501279863, 40.6997433117072], [-73.9846961660485, 40.699740009571], [-73.9846244899548, 40.6997321737315], [-73.9845429911563, 40.6997233170404], [-73.9844737438111, 40.6997129392368], [-73.9844046298574, 40.6997033700741], [-73.9843292088768, 40.6996910939225], [-73.9842653948061, 40.6996808176289], [-73.9842494280189, 40.6996782471461], [-73.9841872576729, 40.6996670407262], [-73.9841161495838, 40.6996545993794], [-73.9840373017192, 40.6996390717619], [-73.9839641805069, 40.6996244643186], [-73.9838695685111, 40.6996056177454], [-73.9838285615631, 40.6997000370264], [-73.9831164168965, 40.699687252828], [-73.9830855238891, 40.6993205327115], [-73.9831291224923, 40.698745858217], [-73.9831438820224, 40.6986555263408], [-73.9831730940196, 40.6984767599595], [-73.9833220444719, 40.6984824405284], [-73.9849887001709, 40.6985459947922], [-73.9849755417911, 40.6990821222235], [-73.9850355177084, 40.6991210078192], [-73.9861143618503, 40.6998204683051], [-73.9860339533686, 40.6998186674039], [-73.9860197631427, 40.6998184270807], [-73.985980978003, 40.6998158270432], [-73.9859343243824, 40.6998130928433], [-73.9858856196556, 40.6998084069041], [-73.9858415295159, 40.699802943468], [-73.9858121226218, 40.6997997601561], [-73.9857787985882, 40.6997939072441], [-73.9857470138851, 40.6997888343133], [-73.9857069306145, 40.6997813857203], [-73.9856669430902, 40.6997739730978], [-73.9856269561033, 40.6997646109177], [-73.9855827737712, 40.6997536299503], [-73.9855335597145, 40.6997403673254], [-73.9854838325353, 40.6997251559072], [-73.9854283819649, 40.6997063264235], [-73.9853661815653, 40.6996852852381], [-73.9852411888734, 40.6997736203809], [-73.9851304516091, 40.699769479067]]], [[[-73.9843599606797, 40.6999276942299], [-73.9843609687943, 40.6999277223099], [-73.9844653389596, 40.6999334096378], [-73.984538869797, 40.6999388550552], [-73.984565635903, 40.6999413755769], [-73.9846468264711, 40.6999490209727], [-73.9847655813811, 40.6999632206615], [-73.9848810973468, 40.6999801124225], [-73.9849775447911, 40.6999965855346], [-73.9850141637462, 40.70000341434], [-73.9851481533917, 40.7000311458899], [-73.9851892527955, 40.7000405309665], [-73.9852550704805, 40.7000564397108], [-73.9853575678555, 40.7000834105171], [-73.9854162497911, 40.7001040487695], [-73.9855544224656, 40.7001535511367], [-73.9856899555817, 40.7002031547419], [-73.9857604483384, 40.7002252314082], [-73.9858082205931, 40.7002379048704], [-73.9858938416932, 40.7002562821716], [-73.9859532942018, 40.7002659222136], [-73.9860039607702, 40.7002721978311], [-73.9860236740403, 40.7002741650802], [-73.9860787034892, 40.7002792010921], [-73.9861356583454, 40.7002823796245], [-73.9862007091022, 40.7002844928447], [-73.9863405436882, 40.7002890111338], [-73.9864885953036, 40.7005589238288], [-73.9856744783813, 40.7005313903915], [-73.9852650046264, 40.700517538381], [-73.9847131959139, 40.7004988699181], [-73.9843360184725, 40.7004861076465], [-73.9843599606797, 40.6999276942299]]], [[[-73.98489131613, 40.7006309022521], [-73.9854705421409, 40.7006512743962], [-73.985938720868, 40.7006677380547], [-73.9865679871465, 40.7006898622131], [-73.986686499816, 40.7009008228039], [-73.9866835516119, 40.7009403503647], [-73.9866688139545, 40.7011379282622], [-73.9866598684216, 40.7012578223069], [-73.9865609692466, 40.7012543708454], [-73.9865441382024, 40.7014799696876], [-73.9856005580929, 40.7014437584721], [-73.9856317932724, 40.7009167754911], [-73.9848760888574, 40.7008877686643], [-73.98489131613, 40.7006309022521]]], [[[-73.9869291621328, 40.7011961518783], [-73.9869396559756, 40.7012157725795], [-73.986873084987, 40.7012136650421], [-73.9868752181075, 40.7011852369789], [-73.9868811414242, 40.7011063680815], [-73.9869291621328, 40.7011961518783]]]]}, "properties": {"campus_name": "NYC Parks cluster (5 lots)", "owner_key": "PARKS", "owner_label": "NYC Parks", "lot_count": 5, "bldg_area_sqft": 106411, "derivation": "contiguous lots, owner=PARKS, snap=0.0003deg", "kind": "campus", "owner_kind": "public"}}, {"type": "Feature", "geometry": {"type": "MultiPolygon", "coordinates": [[[[-73.90418757818, 40.8782489654338], [-73.9041793327006, 40.8782671304455], [-73.9041732253871, 40.878279318], [-73.9041679533926, 40.8782897710054], [-73.9041605018888, 40.8783044445235], [-73.9041553324505, 40.8783145527744], [-73.9041431081219, 40.8783382281534], [-73.9041291414023, 40.8783649024917], [-73.9041075952322, 40.8784052975358], [-73.9040785373903, 40.8784584049161], [-73.9040626759282, 40.8784867660659], [-73.904053354439, 40.8785032355056], [-73.9040454318384, 40.8785171234071], [-73.9040425035249, 40.878522230324], [-73.9039179383326, 40.8784760352676], [-73.9039249926316, 40.8784636819506], [-73.9039404815576, 40.8784362668546], [-73.9039660164642, 40.8783901579465], [-73.9039889286893, 40.8783477648815], [-73.9040132344429, 40.8783016729275], [-73.9040364533096, 40.8782564814831], [-73.9040457801753, 40.8782379454343], [-73.9040577867044, 40.8782139033758], [-73.9047292862018, 40.8767345265499], [-73.9048543730042, 40.8767799459161], [-73.9043386466084, 40.8779161534183], [-73.904279391045, 40.8780466938766], [-73.90418757818, 40.8782489654338]]], [[[-73.9035767032045, 40.8791687669645], [-73.9035825807098, 40.8791712265797], [-73.9031326171158, 40.879688334839], [-73.9026901799275, 40.8801967823151], [-73.9025244561064, 40.8801275075301], [-73.9034510888012, 40.8790626150809], [-73.9035274284125, 40.8789748849647], [-73.903541072864, 40.8789799822972], [-73.9036275957954, 40.8788721635389], [-73.9037831948498, 40.8786612965361], [-73.9039063226628, 40.8787072816464], [-73.9037764674038, 40.8788912511851], [-73.903588992642, 40.8791290909509], [-73.9035624252179, 40.8791627937904], [-73.9035767032045, 40.8791687669645]]], [[[-73.9023279794155, 40.8795987362995], [-73.9024214923173, 40.8795729903092], [-73.9024815749443, 40.8795541821514], [-73.902562891843, 40.8795257693361], [-73.9021457483559, 40.879971303666], [-73.901664551415, 40.8797660814195], [-73.9023279794155, 40.8795987362995]]], [[[-73.9013988370755, 40.8807970796102], [-73.9008751011585, 40.8805054529619], [-73.9013476066396, 40.8798440156247], [-73.9013743415455, 40.8798375216537], [-73.9020214918061, 40.8801091925618], [-73.9019758086112, 40.8801558809855], [-73.9017475693955, 40.8803941396087], [-73.901572943969, 40.8805911408692], [-73.9014849048762, 40.8806952233433], [-73.9013988370755, 40.8807970796102]]], [[[-73.9018906470245, 40.8810709235898], [-73.901731563511, 40.8809823451419], [-73.9023681763142, 40.8802547268943], [-73.902541208557, 40.8803273623552], [-73.9018906470245, 40.8810709235898]]], [[[-73.900206047822, 40.8829007796497], [-73.9001434736489, 40.8829723835723], [-73.9000838042019, 40.8830406663132], [-73.8992743815082, 40.883966896203], [-73.8988610427607, 40.8844398694491], [-73.8988166092919, 40.884490715168], [-73.8987344614268, 40.8844395819441], [-73.8987790727781, 40.8843888462561], [-73.8990478542721, 40.8840831520041], [-73.8992204954697, 40.8838833226982], [-73.8999750896894, 40.8830028570531], [-73.9000334892907, 40.8829341311339], [-73.9000950990843, 40.8828616286154], [-73.9004614663553, 40.8824304829986], [-73.9008737303975, 40.8819651472251], [-73.9005162348924, 40.8818063791097], [-73.8997243601034, 40.882730803134], [-73.8994077630199, 40.882619083369], [-73.8999845833428, 40.8817776037937], [-73.900769471642, 40.8806527890583], [-73.9012674504717, 40.8809293884315], [-73.9016418648894, 40.8811373506602], [-73.9017126504492, 40.8811766668076], [-73.900206047822, 40.8829007796497]]], [[[-73.8987071903039, 40.8835748068902], [-73.8988038882939, 40.8834636914836], [-73.898910772956, 40.8833331199666], [-73.8989953796202, 40.8832214669251], [-73.8991025317735, 40.8830689857626], [-73.8991520804916, 40.8829937330579], [-73.8992981083536, 40.8827719417818], [-73.899601463582, 40.8828774675592], [-73.8984737086009, 40.8841981718348], [-73.8984511984251, 40.8841841594276], [-73.8986641464429, 40.8839347819611], [-73.8984736310887, 40.8838161951085], [-73.8986049077255, 40.8836847457572], [-73.8987071903039, 40.8835748068902]]], [[[-73.8967319508972, 40.8855543114226], [-73.8967923800389, 40.885553764805], [-73.8968216115789, 40.8855297929731], [-73.8968838917028, 40.885478719023], [-73.8969521463784, 40.8854227471612], [-73.897001520759, 40.8853822576167], [-73.8970480557705, 40.8853440950683], [-73.8970900856912, 40.8853096295256], [-73.8971508436055, 40.885259803008], [-73.8972105119511, 40.8852108706314], [-73.8972542464964, 40.8851750071114], [-73.897305473859, 40.8851329955], [-73.8973525419408, 40.8850943974407], [-73.8974013052606, 40.8850544087945], [-73.8974508715823, 40.8850137589371], [-73.8975085947579, 40.8849664238884], [-73.8980193902398, 40.8845475294683], [-73.8980762336616, 40.8845827886964], [-73.8983075851374, 40.8843718151026], [-73.8983228456463, 40.8843812818526], [-73.8980788866177, 40.8846037534686], [-73.8980212014892, 40.8845679712179], [-73.8968009711099, 40.8855686467631], [-73.8965237105113, 40.885571153153], [-73.8964521515074, 40.8858019701278], [-73.8964330292308, 40.8857983393525], [-73.8965080549775, 40.8855563351134], [-73.8965237504418, 40.885556192494], [-73.896619691475, 40.8855553256792], [-73.8967319508972, 40.8855543114226]]], [[[-73.8986824961575, 40.8846109430873], [-73.8981659799498, 40.8851162803406], [-73.8981016765803, 40.8851791919338], [-73.8982292078553, 40.8852178633106], [-73.8974192777659, 40.8859706988005], [-73.8974147042732, 40.8859749513533], [-73.8972107995022, 40.886164477235], [-73.8969496809455, 40.8861176784526], [-73.8971515570262, 40.8859268140276], [-73.8972599760097, 40.8858262289236], [-73.8980783626516, 40.8850646762722], [-73.8982190745465, 40.8849291186423], [-73.8983008340032, 40.884850363009], [-73.8985889357753, 40.884552520215], [-73.8985926743941, 40.884548654972], [-73.8986866075918, 40.8846069206398], [-73.8986824961575, 40.8846109430873]]], [[[-73.8997249347812, 40.8862917402172], [-73.8997207751315, 40.8862962039547], [-73.8997164578657, 40.8863005810533], [-73.8997119900465, 40.8863048698452], [-73.8997073704634, 40.8863090656439], [-73.8997026039748, 40.8863131659448], [-73.8996976975277, 40.8863171679085], [-73.8996926488114, 40.8863210681042], [-73.8996874638925, 40.886324865448], [-73.8996821486187, 40.8863285555137], [-73.8996767040948, 40.886332136458], [-73.8996711351768, 40.8863356048589], [-73.8996654466069, 40.8863389587102], [-73.8996596408171, 40.8863421954213], [-73.8996537224356, 40.8863453140761], [-73.899647697421, 40.8863483109995], [-73.8996415669895, 40.8863511836811], [-73.8996353395207, 40.886353931962], [-73.899629016013, 40.886356551325], [-73.8996226026383, 40.8863590419443], [-73.8996161039208, 40.8863614009774], [-73.8996095248216, 40.8863636275098], [-73.8996028675521, 40.886365718948], [-73.8995961404878, 40.886367674382], [-73.8995893460571, 40.8863694937274], [-73.8995824901058, 40.8863711726402], [-73.899575577377, 40.8863727117948], [-73.89956861393, 40.8863741105261], [-73.8995616019768, 40.8863753669123], [-73.8995545486807, 40.8863764800383], [-73.8995474576817, 40.8863774491559], [-73.899540336035, 40.8863782741024], [-73.8995331896936, 40.8863789549681], [-73.8995260186616, 40.8863794889915], [-73.8995188336296, 40.8863798771858], [-73.8995116356984, 40.8863801203043], [-73.8995044332514, 40.8863802157631], [-73.8994972274978, 40.8863801644806], [-73.8994900291288, 40.8863799682252], [-73.8994828392491, 40.886379625155], [-73.8994756638103, 40.8863791362817], [-73.8994685075547, 40.8863785006043], [-73.8994613777516, 40.8863777199705], [-73.899454277711, 40.8863767953007], [-73.8994472122803, 40.8863757266031], [-73.8994401875218, 40.8863745147166], [-73.8994332079558, 40.8863731605653], [-73.899701519586, 40.8858254668511], [-73.9000089142582, 40.885911966835], [-73.8997289354917, 40.8862871936024], [-73.8997249347812, 40.8862917402172]]], [[[-73.8805826853028, 40.8931380489333], [-73.8805866310135, 40.8929768553054], [-73.880579450696, 40.8928255311162], [-73.8805574848141, 40.8926615974674], [-73.8805211508914, 40.8924991501029], [-73.8804706103638, 40.8923388995169], [-73.8804400861605, 40.8922598259613], [-73.8803845868371, 40.892131994943], [-73.8802864330656, 40.8919342329389], [-73.8794888813835, 40.8905140660244], [-73.8793275620168, 40.8902159122097], [-73.8782407470779, 40.887742261281], [-73.8780968741091, 40.8872460943623], [-73.8813111314408, 40.8828667387554], [-73.8823140620805, 40.8833503548402], [-73.8825044143992, 40.8834400545802], [-73.882578842201, 40.8834617113287], [-73.8826368809773, 40.8834726843426], [-73.882696105092, 40.8834790154932], [-73.8827758217495, 40.8834801095015], [-73.8828155592727, 40.8834774970472], [-73.8828375002044, 40.8834745701981], [-73.8836255739697, 40.8832836474893], [-73.8837165066444, 40.8832614331465], [-73.8838692244674, 40.8832409810199], [-73.8839470111247, 40.8832397220634], [-73.8839987906128, 40.8832422423712], [-73.8840502130416, 40.8832474376073], [-73.8841261859594, 40.8832601864682], [-73.884200036895, 40.8832787638027], [-73.8842937154384, 40.8833121829683], [-73.8843713352013, 40.8833495706157], [-73.8850578101471, 40.8836744452208], [-73.8863274475413, 40.8842752784898], [-73.8864464541134, 40.8841428042999], [-73.8879286753393, 40.8844227556563], [-73.894415722032, 40.8856477331763], [-73.8966165760817, 40.8860632370246], [-73.8969215648703, 40.8861208122842], [-73.8971650006282, 40.8861667669107], [-73.8985994000016, 40.8864371040375], [-73.8995332843902, 40.886613100417], [-73.8976023231825, 40.8903926920976], [-73.8975612233554, 40.8904846213559], [-73.8974256399283, 40.8907878809314], [-73.8973546062385, 40.8909896626227], [-73.8972567211924, 40.8912951112759], [-73.8971593775807, 40.8915698104874], [-73.897056704201, 40.8918068294684], [-73.8968968384532, 40.8921123017076], [-73.8967846979935, 40.892297810482], [-73.8966647522867, 40.8924879668133], [-73.8965811568478, 40.892662532086], [-73.8965279952048, 40.892792063437], [-73.8964490321851, 40.8930143720435], [-73.8963627935967, 40.8932288335271], [-73.8962882748033, 40.8934640705981], [-73.8962648107578, 40.8935858384047], [-73.89625476119, 40.8936662661145], [-73.8962492020259, 40.8937420171823], [-73.8962512877603, 40.8939248220967], [-73.8962746552486, 40.8941037596215], [-73.8963120014869, 40.8943179978716], [-73.8964235013741, 40.8949975410925], [-73.8969725542572, 40.8988951460993], [-73.8969959137615, 40.8992010714096], [-73.8969853076595, 40.8994552957402], [-73.896919307865, 40.8999198453852], [-73.8968603524794, 40.900185124904], [-73.8966910134006, 40.9009355000316], [-73.8963303691198, 40.9025819747558], [-73.8962659677087, 40.902875979792], [-73.8962403816762, 40.902985647437], [-73.8962147431928, 40.903095450136], [-73.8961991055303, 40.9031964946245], [-73.8961959134379, 40.9032623153859], [-73.896195195375, 40.9033261626193], [-73.8962231847089, 40.9037251065635], [-73.8962304746614, 40.9041391717058], [-73.8961592537308, 40.9040839097901], [-73.8954279413172, 40.9035164790518], [-73.8951999266947, 40.9036549134557], [-73.8961709259218, 40.9043987590473], [-73.8962429709791, 40.9044539487423], [-73.89625380108, 40.9047428912604], [-73.8963799489878, 40.9074675571566], [-73.8964372911164, 40.9100960764334], [-73.8964846346522, 40.9113370989927], [-73.8964067688201, 40.9113141641236], [-73.8861641691807, 40.9082966346008], [-73.8858307925871, 40.9081984003833], [-73.884897699051, 40.9079234425821], [-73.8846671112883, 40.9078523643226], [-73.8784996937707, 40.906011460992], [-73.8798176774393, 40.8980878178087], [-73.8803222000765, 40.8950541357864], [-73.88056918452, 40.8933085896725], [-73.8805826853028, 40.8931380489333]]]]}, "properties": {"campus_name": "NYC Parks cluster (16 lots)", "owner_key": "PARKS", "owner_label": "NYC Parks", "lot_count": 16, "bldg_area_sqft": 106005, "derivation": "contiguous lots, owner=PARKS, snap=0.0003deg", "kind": "campus", "owner_kind": "public"}}, {"type": "Feature", "geometry": {"type": "MultiPolygon", "coordinates": [[[[-74.189657881416, 40.5222564376805], [-74.1898384490197, 40.5224948833875], [-74.1897116392908, 40.5225407328639], [-74.1896465999245, 40.5225642487314], [-74.1895815593073, 40.5225877654004], [-74.1895165197374, 40.522611280358], [-74.1894514814419, 40.5226347969492], [-74.1893864406844, 40.5226583118348], [-74.1893214009819, 40.5226818283544], [-74.1892556634647, 40.5227055946319], [-74.1891863585729, 40.5227306535621], [-74.1890224901653, 40.5224861710421], [-74.1884159865144, 40.5215812884225], [-74.188614894268, 40.5215093722851], [-74.1884512543084, 40.5212641663028], [-74.1886460008771, 40.5211937544953], [-74.1887110345516, 40.5211702401214], [-74.1888086374385, 40.5211349507923], [-74.1889895803887, 40.5213739006241], [-74.1890981868457, 40.5215173267057], [-74.1892067949717, 40.5216607516785], [-74.189657881416, 40.5222564376805]]], [[[-74.1972888590021, 40.5214535923402], [-74.1966204398793, 40.5217395653974], [-74.1964064513086, 40.5214426332006], [-74.1962738008873, 40.521258565586], [-74.1969422153748, 40.5209725962957], [-74.1972888590021, 40.5214535923402]]], [[[-74.1973230620873, 40.5224155093072], [-74.1974114485802, 40.5223795469073], [-74.1975953033117, 40.5226346544056], [-74.1973443971589, 40.5227406380923], [-74.1971698839296, 40.5224984926103], [-74.1967270922917, 40.5218840880451], [-74.1976994976658, 40.5214680561526], [-74.197527681882, 40.5215634254647], [-74.1976947063946, 40.5217983701114], [-74.1977804669753, 40.5219190051733], [-74.1971683440284, 40.5221680661694], [-74.1973230620873, 40.5224155093072]]], [[[-74.1974323472053, 40.5228572064956], [-74.1987636867572, 40.5223004430936], [-74.1987835274672, 40.5222921463225], [-74.1989434229755, 40.5225031176655], [-74.1991461181108, 40.5227705579277], [-74.1977792530445, 40.5233421790448], [-74.1974323472053, 40.5228572064956]]], [[[-74.1995469677613, 40.524916394722], [-74.1990630404301, 40.5251026793418], [-74.1990469832361, 40.5251088623927], [-74.1984003299749, 40.52412660325], [-74.1984164285164, 40.5241204842193], [-74.1988370210562, 40.52396063271], [-74.1990004682106, 40.5242089067872], [-74.1990605976836, 40.5243002441654], [-74.1991251698321, 40.5242757025913], [-74.1992289333492, 40.5244333153029], [-74.1993879849512, 40.5246749090685], [-74.1995469677613, 40.524916394722]]], [[[-74.197787949675, 40.526963690999], [-74.1969486987374, 40.528026673738], [-74.1963445218982, 40.5286851481015], [-74.196319029243, 40.5286624487621], [-74.1957759268606, 40.529255811744], [-74.1932433044829, 40.5258541243221], [-74.1911862225391, 40.5267019744694], [-74.1886875451062, 40.5232114754032], [-74.1900158362435, 40.5227291276971], [-74.1901895028743, 40.5226660622736], [-74.1922200010233, 40.5219286719204], [-74.1923324713422, 40.5218865439952], [-74.1924570636536, 40.5218351985484], [-74.1925933956729, 40.5217729890355], [-74.1927436793974, 40.5216964744322], [-74.1928781388569, 40.5216202285081], [-74.1929959375496, 40.521546695751], [-74.1951546831158, 40.5202008948024], [-74.1961462313712, 40.5215277731017], [-74.1976146691578, 40.5234927088287], [-74.198195089663, 40.5242202482834], [-74.198211097067, 40.5242139944079], [-74.1991637762635, 40.5256482091177], [-74.199147833915, 40.5256545620699], [-74.1987213253974, 40.5258245045608], [-74.1987795585553, 40.5259060062477], [-74.1981926928048, 40.5264956401277], [-74.197787949675, 40.526963690999]]], [[[-74.1777004217304, 40.5193410201767], [-74.1777620716633, 40.5193750917545], [-74.177822599682, 40.5194074576564], [-74.1778820089758, 40.5194406780304], [-74.177944768886, 40.5194704756558], [-74.1779862032079, 40.5194789538419], [-74.1780477954671, 40.5194908164298], [-74.1781216818473, 40.5194958267838], [-74.1781809855696, 40.5194889014504], [-74.178231296572, 40.5194683227986], [-74.178281571124, 40.5194332239941], [-74.1783027951583, 40.5194178162276], [-74.1783419250515, 40.5194006724189], [-74.1784046006524, 40.5193997204097], [-74.1784516933991, 40.5194303976392], [-74.178495467805, 40.5194764538049], [-74.1785347756248, 40.5195259362665], [-74.178547141481, 40.5195464167355], [-74.1785774074796, 40.5195634518321], [-74.1786390534988, 40.5195958137242], [-74.1787029267908, 40.5196230498863], [-74.1787421023581, 40.5196238425786], [-74.1788159740227, 40.5196237275204], [-74.1788921083566, 40.5196321503978], [-74.178967127319, 40.5196422824273], [-74.1790398769748, 40.519641315284], [-74.1791036955451, 40.5196480498484], [-74.1791350242377, 40.5196445834361], [-74.179148424376, 40.519632605247], [-74.1791628276024, 40.5195770614958], [-74.1791861835516, 40.5195223565385], [-74.1792095841916, 40.5194830279772], [-74.1792454001519, 40.5194829720523], [-74.1792633757126, 40.5195077158199], [-74.1792881446379, 40.5195623438767], [-74.1793084401236, 40.5196169788338], [-74.1793376758697, 40.5196673295238], [-74.179369154745, 40.5197193850871], [-74.179415170778, 40.5197654392396], [-74.1794555854073, 40.5198114994546], [-74.1795027087448, 40.5198532814629], [-74.1795565397832, 40.519892489211], [-74.1796103718633, 40.5199325507052], [-74.1796462247983, 40.5199453073214], [-74.1796787274682, 40.5199614840166], [-74.1797134766519, 40.5199810783056], [-74.1797784670952, 40.5200074548335], [-74.1798423032647, 40.5200210212471], [-74.1799072352337, 40.5200260443983], [-74.1799733524464, 40.5200558374936], [-74.1800137113444, 40.5200796913498], [-74.1800619608809, 40.5201248862931], [-74.1801023876861, 40.5201735109306], [-74.1801338639909, 40.520223856145], [-74.180169820785, 40.5202759052969], [-74.1802180693587, 40.5203202454815], [-74.1802730186457, 40.5203585983661], [-74.1803246119101, 40.520397808347], [-74.1803840313419, 40.5204344449346], [-74.1804389761988, 40.520471085849], [-74.1805017334992, 40.5204991764556], [-74.1805532602083, 40.5205136146848], [-74.1806103768301, 40.5205254847791], [-74.1806842633425, 40.5205304943227], [-74.1807570208694, 40.5205320880718], [-74.1808297887314, 40.5205370966055], [-74.1809014461058, 40.5205455269609], [-74.1809686147663, 40.5205496914606], [-74.1809999716392, 40.5205556206142], [-74.1810548127333, 40.5205546804335], [-74.1811263961823, 40.52053492065], [-74.1811957408647, 40.520516020723], [-74.1812639680654, 40.5204979752891], [-74.1813098412032, 40.5204910696327], [-74.1813836999133, 40.520485827118], [-74.1814564145573, 40.5204711902455], [-74.1815246311426, 40.5204488752992], [-74.1815738300334, 40.5204308597726], [-74.1816129538365, 40.5204120074783], [-74.1816665787325, 40.5203743362176], [-74.1817179859581, 40.5203443599408], [-74.1817559189261, 40.5202998839525], [-74.1817469010333, 40.5202759810038], [-74.1817187725708, 40.5202222116484], [-74.181686171796, 40.5201710149561], [-74.1816625541534, 40.5201291974801], [-74.1816423088535, 40.5200933532579], [-74.1816198238429, 40.5200566588868], [-74.1815962423193, 40.5200285105148], [-74.181568121044, 40.5199773049438], [-74.1815411196637, 40.5199260957543], [-74.1815253445445, 40.5198876833694], [-74.181533137063, 40.5198722962458], [-74.1815611096869, 40.5198688372394], [-74.1815868856474, 40.5198798981262], [-74.1816261889351, 40.5199276694799], [-74.1816576500324, 40.5199720383842], [-74.1817047784039, 40.5200155260271], [-74.1817530231672, 40.5200581581923], [-74.1818046193929, 40.5200982230372], [-74.1818539818135, 40.520139998779], [-74.1818999952185, 40.5201851964943], [-74.1819515916321, 40.5202252612728], [-74.1819897174694, 40.520250825356], [-74.1820345077199, 40.5202575884598], [-74.1820814980615, 40.5202506798014], [-74.1821474733675, 40.5202275125922], [-74.1822123125761, 40.5201983666278], [-74.1822805286323, 40.5201760512332], [-74.1823476213276, 40.5201520284423], [-74.1824147245247, 40.5201322740508], [-74.1824773540204, 40.5201142394676], [-74.1825455734319, 40.5200927749224], [-74.1826584569954, 40.5200328046121], [-74.1826919693751, 40.520008834133], [-74.1828910183668, 40.5199418904501], [-74.1829424048006, 40.519905079528], [-74.1830217321846, 40.5198528483976], [-74.1830754564715, 40.5198527627218], [-74.1831313665401, 40.5198330284387], [-74.1832197297426, 40.5198106794185], [-74.1833507006162, 40.5198164498008], [-74.1834368907812, 40.5198188741682], [-74.1835621276051, 40.5197734024094], [-74.1838348636642, 40.5196397153642], [-74.1839219784101, 40.5195712408036], [-74.1839945127197, 40.5194916869694], [-74.1839528872918, 40.5194148798487], [-74.1839023255125, 40.5193432110996], [-74.1838439214831, 40.5192707002783], [-74.1838338089758, 40.5192561945278], [-74.1837866081632, 40.5191862286457], [-74.1837786859931, 40.5191546372006], [-74.1838457841072, 40.519134029205], [-74.1839151854223, 40.5191364800176], [-74.1839801814062, 40.5191645633821], [-74.184044055254, 40.519191795656], [-74.1840878004263, 40.5192258916289], [-74.1841237221161, 40.5192642722701], [-74.1841596121048, 40.519290692997], [-74.1842156508407, 40.5193179359884], [-74.1842660469244, 40.5193281058283], [-74.1843387842728, 40.5193228632094], [-74.1843846551933, 40.5193159572455], [-74.1844517486244, 40.5192927868263], [-74.184515471894, 40.5192653514921], [-74.1845769496049, 40.5192362096742], [-74.1846429183261, 40.5192113326515], [-74.1847044029625, 40.5191839017332], [-74.1847613810428, 40.5191462245431], [-74.1848217316655, 40.51911366956], [-74.1848642084727, 40.5190931023688], [-74.1849122679269, 40.5190682531956], [-74.1849469141901, 40.5190502588239], [-74.1849960532375, 40.5190108867659], [-74.1850552849903, 40.5189783334627], [-74.1851022114727, 40.5189483637246], [-74.1851424354774, 40.5189235261699], [-74.1851982920996, 40.51888499964], [-74.185254153388, 40.5188481795365], [-74.1853133859668, 40.5188156260992], [-74.1853703669239, 40.5187796578217], [-74.1854228674722, 40.5187419902923], [-74.1854764853132, 40.5187034663226], [-74.1855300995562, 40.5186632331117], [-74.1855725343434, 40.5186281446129], [-74.1856351201844, 40.518594728297], [-74.1856808930882, 40.5185528012353], [-74.1857333872148, 40.5185134234301], [-74.1857892455303, 40.5184757511347], [-74.1858216255079, 40.5184475103537], [-74.1858148448696, 40.5184236050176], [-74.1857892455464, 40.5183726475425], [-74.1857878325362, 40.5183698348412], [-74.1857585842851, 40.5183169246454], [-74.1857259919701, 40.5182682902334], [-74.1856956262849, 40.5182153809094], [-74.1856708598066, 40.5181641699852], [-74.1856450161305, 40.5181283364387], [-74.1856382498193, 40.5181095559746], [-74.1856516425307, 40.5180958678954], [-74.185678508708, 40.5180975308988], [-74.1857244710888, 40.5181239366846], [-74.1857704809781, 40.5181674253974], [-74.1857892455274, 40.5181820022267], [-74.1858209559503, 40.5182066356466], [-74.1858680869888, 40.5182501207487], [-74.1859085086601, 40.5182961804474], [-74.1859545140357, 40.5183379607908], [-74.185991440802, 40.5183344861123], [-74.1860450556078, 40.5182951064325], [-74.1861009124619, 40.51825743131], [-74.1861277251175, 40.518239451037], [-74.1861578925561, 40.5182206098695], [-74.1861880265674, 40.5181898123058], [-74.1862438820787, 40.5181512835084], [-74.1862952498063, 40.5181093470358], [-74.1863354537382, 40.518076822109], [-74.1863890848919, 40.518044277206], [-74.1864438166742, 40.5180040417487], [-74.1864963051795, 40.5179620998518], [-74.1865465468384, 40.5179176031016], [-74.1865979177811, 40.5178765193427], [-74.1866481688406, 40.5178354373805], [-74.1867062299208, 40.5177849456488], [-74.1867430752941, 40.5177532815732], [-74.186775444977, 40.5177216247689], [-74.1868223172862, 40.5176728612437], [-74.1868725668741, 40.5176309254936], [-74.1869138674423, 40.5175915653673], [-74.1869540469895, 40.5175505005917], [-74.1870210218515, 40.5174863295185], [-74.1870667991098, 40.5174461083512], [-74.1871159249633, 40.517403319714], [-74.1871728883204, 40.5173613710457], [-74.187218678552, 40.517326276544], [-74.1872722905348, 40.5172860434344], [-74.1873258918929, 40.5172423936295], [-74.1873716556196, 40.517197900308], [-74.1874151700027, 40.5171491420204], [-74.1874642907318, 40.5171046440176], [-74.1875122913907, 40.517059295889], [-74.1875614191781, 40.5170173607467], [-74.1876060627985, 40.5169728727601], [-74.1876529495624, 40.5169292310977], [-74.1876964683621, 40.516882181079], [-74.1877377715892, 40.5168436761805], [-74.1877902583832, 40.5168017372026], [-74.1878348944959, 40.5167546825423], [-74.1878784143598, 40.5167084870642], [-74.1879253031574, 40.5166665563493], [-74.1879677043047, 40.5166203616646], [-74.1880157103825, 40.5165775753903], [-74.1880704471925, 40.5165399011353], [-74.1881173526838, 40.5165039479927], [-74.1881318559558, 40.5164868411959], [-74.1881563940993, 40.5164569042153], [-74.1881931911693, 40.5164081567225], [-74.1882400699382, 40.5163628092063], [-74.1882903248696, 40.5163234348126], [-74.1883372131424, 40.5162806493173], [-74.1883818509405, 40.5162344526475], [-74.1884242454728, 40.5161865477429], [-74.188453250504, 40.5161523322321], [-74.1885268751413, 40.516065942255], [-74.1885670262692, 40.5160163326783], [-74.1886127931601, 40.5159735506675], [-74.1886652738961, 40.515929901235], [-74.1887166432136, 40.5158896702097], [-74.1887635152332, 40.515841759656], [-74.1888047870464, 40.5157921490731], [-74.1888449450483, 40.5157451040585], [-74.1888795015406, 40.5156955044969], [-74.1889218979028, 40.5156484558538], [-74.1889598257165, 40.5156039773835], [-74.188983184333, 40.5155526879215], [-74.189014378975, 40.5155022401628], [-74.1890500586236, 40.5154543478374], [-74.1890795728911, 40.515402621371], [-74.1891335748711, 40.5153047292864], [-74.1891334975462, 40.5152773974077], [-74.1888061948026, 40.5151019779358], [-74.1888050291913, 40.515085749598], [-74.1888083511231, 40.5150729314024], [-74.1888161810988, 40.5150712102196], [-74.1888307310374, 40.5150711862826], [-74.1890066772971, 40.5151528962923], [-74.1891007822466, 40.5151860555726], [-74.1891254428183, 40.5151988258306], [-74.1891500984686, 40.515210744323], [-74.189175871595, 40.5152218062735], [-74.1892027596738, 40.5152320108477], [-74.1892296488583, 40.5152413635644], [-74.1892598926627, 40.5152507089854], [-74.189353972463, 40.5152744709717], [-74.1893931707908, 40.5152829487296], [-74.1894312409875, 40.5152888645866], [-74.1894704212916, 40.5152913636656], [-74.1895073523636, 40.5152913026941], [-74.1895342064991, 40.5152886946009], [-74.1895610546958, 40.5152843798818], [-74.1895878942951, 40.5152766477274], [-74.1896158477249, 40.515267206346], [-74.1896426777287, 40.5152560575904], [-74.1896706152839, 40.515241490309], [-74.1896963133751, 40.5152260731149], [-74.189722005275, 40.5152080929281], [-74.1897465714386, 40.5151884054556], [-74.1897722475572, 40.5151653003747], [-74.1897979164941, 40.5151396333053], [-74.1898280439151, 40.5151079794213], [-74.1898603937492, 40.5150694876379], [-74.1899339862643, 40.5149736988335], [-74.1899540633418, 40.5149488937531], [-74.1899741502458, 40.5149283617949], [-74.1900120976988, 40.5148915690049], [-74.1900545144989, 40.5148522068083], [-74.1902130391007, 40.5147101510524], [-74.1902766645938, 40.5146511094366], [-74.1905702146452, 40.5143713082412], [-74.190753252707, 40.5141933356622], [-74.1908190960045, 40.5141266004752], [-74.1908860429804, 40.5140547384223], [-74.1909540974029, 40.513979459639], [-74.1910254903085, 40.5138973402886], [-74.191048905221, 40.5138665517788], [-74.1910845545874, 40.51380926282], [-74.1911001593143, 40.5137870278965], [-74.1911157700077, 40.513766500427], [-74.1911325077768, 40.513748535751], [-74.1912396629782, 40.5136492735915], [-74.1913110978316, 40.5135816751097], [-74.1913512747411, 40.5135423152396], [-74.1913668950824, 40.513525205163], [-74.1913825069937, 40.5135055358637], [-74.1913958719471, 40.5134833047178], [-74.1914214966866, 40.5134422617069], [-74.1914381989467, 40.5134123361624], [-74.1914593409692, 40.5133695940738], [-74.1914693526931, 40.5133482212838], [-74.1914760150812, 40.5133302742848], [-74.191480445164, 40.5133140366343], [-74.1914837615993, 40.5132995091452], [-74.1914848385494, 40.5132849872327], [-74.1914836833133, 40.5132721763441], [-74.1914802910374, 40.5132602238828], [-74.1914746640255, 40.5132491296771], [-74.1914701678953, 40.5132423048857], [-74.1914645556684, 40.5132363338082], [-74.1914567051998, 40.5132312219944], [-74.1914488583508, 40.5132261101752], [-74.1914275646249, 40.5132158957906], [-74.1913793883313, 40.5131980375713], [-74.1913592181611, 40.5131895296881], [-74.1913512746867, 40.5131846256739], [-74.191341281243, 40.5131784559995], [-74.1913345481953, 40.5131724867843], [-74.191327811238, 40.5131643851855], [-74.1913241466912, 40.5131549942482], [-74.1913235507578, 40.5131421833444], [-74.1913321619004, 40.5131203878961], [-74.1913433045018, 40.5131032862067], [-74.1913512747321, 40.5130936057252], [-74.1913566864958, 40.5130870327159], [-74.1913734362564, 40.5130733392009], [-74.1913901910391, 40.5130622068325], [-74.1913991331198, 40.5130579216232], [-74.1914080776408, 40.5130544891801], [-74.1914170221967, 40.5130519113476], [-74.191425970408, 40.5130501899611], [-74.1914349211669, 40.5130493194993], [-74.1914438742657, 40.5130493045655], [-74.191455071741, 40.5130509959473], [-74.1914662680003, 40.5130526828957], [-74.1914774680657, 40.5130560817371], [-74.1914897938558, 40.5130611852452], [-74.191511087437, 40.5130714012912], [-74.1915615264258, 40.5130977972774], [-74.1915861805989, 40.5131088596351], [-74.1915973817732, 40.5131122576266], [-74.1916097002422, 40.5131147998931], [-74.1916208929735, 40.5131156331411], [-74.1916337670243, 40.5131164671775], [-74.1916497141873, 40.5131162982399], [-74.1916589363155, 40.5131125807772], [-74.1916611562323, 40.5131061724616], [-74.1916603849225, 40.5130976322335], [-74.1916521345632, 40.5130822703632], [-74.1916420200923, 40.5130677652962], [-74.1916038408035, 40.5130234129945], [-74.1915914819403, 40.5130063487548], [-74.1915746147646, 40.5129790458183], [-74.1915689889636, 40.5129679506949], [-74.1915650325276, 40.5129542908736], [-74.1915666821753, 40.5129444633075], [-74.1915722539652, 40.5129354865663], [-74.1915856298475, 40.5129166719013], [-74.1915923189712, 40.5129081183], [-74.1916012451252, 40.5128987081927], [-74.1916101761344, 40.5128901516827], [-74.1916213443522, 40.5128824461332], [-74.191648159465, 40.5128661711007], [-74.1916828007062, 40.5128481764443], [-74.191691185955, 40.5128455986056], [-74.1917034909143, 40.5128434447447], [-74.1917163613646, 40.5128434232463], [-74.1917331563379, 40.5128463831102], [-74.1917477215858, 40.5128514836858], [-74.1917634127224, 40.5128591462137], [-74.1918295466361, 40.5128957639201], [-74.1918441180535, 40.5129034283084], [-74.1918586857696, 40.5129093816369], [-74.1918743660709, 40.512914482174], [-74.1918889239833, 40.5129170180724], [-74.1918989968017, 40.512917001231], [-74.1919124216272, 40.5129152703975], [-74.1919437316439, 40.5129058237527], [-74.1919716812931, 40.5128955262673], [-74.1919985086368, 40.5128843768776], [-74.1920242089871, 40.512870668376], [-74.1920901294991, 40.5128321207021], [-74.1921538103093, 40.5127927221285], [-74.1921716734896, 40.5127781701794], [-74.1921884145411, 40.512761913728], [-74.192275440372, 40.5126678074473], [-74.1924617349926, 40.5124573714845], [-74.1925420614617, 40.5123701103655], [-74.1926156963251, 40.5122905473228], [-74.1926871099013, 40.5122169702449], [-74.1927551802282, 40.5121485208858], [-74.1927819689404, 40.5121237058718], [-74.1928118722842, 40.5120983259167], [-74.1929510169305, 40.5122167935849], [-74.1929660668672, 40.5122296061989], [-74.1930552906058, 40.5123055718126], [-74.1932223599723, 40.5124478114565], [-74.1932904804147, 40.5125058080075], [-74.1933824229563, 40.5125840858201], [-74.1934029439958, 40.5126151456379], [-74.1934077235039, 40.512622377898], [-74.193566530293, 40.5128546624485], [-74.1935920808325, 40.5128920346141], [-74.1936244278083, 40.5132394680963], [-74.1936258015263, 40.5152900302249], [-74.1936260998248, 40.5157352127359], [-74.1936261195894, 40.5157628157769], [-74.1936218731066, 40.5158020113351], [-74.1936158941147, 40.5158410828993], [-74.1936052227954, 40.5158928957971], [-74.1935915128803, 40.5159442708269], [-74.193579230468, 40.5159824776616], [-74.1935652186843, 40.5160204749077], [-74.1935469963348, 40.5160673143372], [-74.1931584585162, 40.5170685525102], [-74.1931432993925, 40.5171384276773], [-74.1931371009443, 40.5172090973645], [-74.1931377181255, 40.5172515933123], [-74.1931415729309, 40.5172940018239], [-74.1931517473619, 40.5173501346394], [-74.1931631116936, 40.5173917416588], [-74.1931724491337, 40.517419180431], [-74.1931890484581, 40.5174597412238], [-74.193215960914, 40.5175125606886], [-74.1932427797386, 40.517552581045], [-74.193296165818, 40.5176271739839], [-74.1950191460069, 40.5199580799817], [-74.1949565398421, 40.519997082066], [-74.1927883667712, 40.5213477292419], [-74.1927513060863, 40.5213711070976], [-74.1926853187628, 40.5214109447989], [-74.192587974502, 40.5214657991787], [-74.1925012392508, 40.5215110225434], [-74.1924339889596, 40.521543873229], [-74.1923377726268, 40.5215877147008], [-74.1922823187709, 40.5216113754649], [-74.1921715674785, 40.5216552978662], [-74.1920690858487, 40.5216921786], [-74.1900139909225, 40.5224332443306], [-74.1877054726182, 40.5193708095167], [-74.1839034639413, 40.5207148130289], [-74.1834302107202, 40.5200885362623], [-74.1821150045884, 40.5204813031007], [-74.1817452353671, 40.5205917251353], [-74.180856413678, 40.5206267620386], [-74.1785425202789, 40.5203720457181], [-74.1783624933527, 40.5200032125655], [-74.1783393147172, 40.519955722172], [-74.1778940925646, 40.5194682111583], [-74.1777389137974, 40.5195082612832], [-74.177576807873, 40.5193383360075], [-74.1775906628311, 40.5193147117475], [-74.177609637296, 40.5192941818488], [-74.1776308990728, 40.5192924406448], [-74.1776398507421, 40.5192915731008], [-74.1776734939506, 40.5193162910278], [-74.1777004217304, 40.5193410201767]]], [[[-74.1882851269246, 40.5207760055481], [-74.1884656856342, 40.521014453357], [-74.1883388083385, 40.5210603275391], [-74.1880182968155, 40.5211762091671], [-74.1880890188466, 40.5212752147196], [-74.1890882948794, 40.5227661096151], [-74.1889916033885, 40.5228010689627], [-74.1873700669839, 40.5233873259797], [-74.1872358504927, 40.5234358494493], [-74.1862416561057, 40.5220630321104], [-74.1863812287063, 40.5220125712588], [-74.1863045233121, 40.5219203859969], [-74.1862812381428, 40.5218924019995], [-74.185659560494, 40.5211452520165], [-74.1855026516807, 40.5209566698746], [-74.1859286956777, 40.520801701638], [-74.185841815019, 40.5206817268534], [-74.1854058338483, 40.5208403102272], [-74.1853535179066, 40.5207774331845], [-74.1853045171467, 40.5207185402042], [-74.1851593378292, 40.5205091534095], [-74.1870528340216, 40.5198245807453], [-74.1872682958806, 40.5201262286718], [-74.1874592841054, 40.5203936104899], [-74.1874708680133, 40.520409827174], [-74.1875581230901, 40.5205319830388], [-74.1875643439249, 40.5205406918322], [-74.1877868287036, 40.5208521638199], [-74.1878970502225, 40.5208123609473], [-74.1879622937108, 40.5207888007224], [-74.1880252136996, 40.5207660781283], [-74.1880965034288, 40.5207403349592], [-74.1880698852697, 40.520705182234], [-74.1879615524871, 40.5205621131369], [-74.1880267767878, 40.5205385304006], [-74.188286036131, 40.5204447933447], [-74.1883943694203, 40.5205878629731], [-74.1884827345169, 40.5207045591017], [-74.1882851269246, 40.5207760055481]]], [[[-74.1860529650375, 40.522126100603], [-74.1870383913893, 40.5235059300317], [-74.1861447854267, 40.5238306081474], [-74.1851601190514, 40.5224518163248], [-74.1860529650375, 40.522126100603]]], [[[-74.1847553227007, 40.52318774535], [-74.185211412674, 40.5230222663913], [-74.1858396506199, 40.5239301095758], [-74.1849148481791, 40.5242656467153], [-74.1848967930015, 40.5242721982822], [-74.1839387837064, 40.5228877725047], [-74.1839568387138, 40.5228812210877], [-74.1848816268101, 40.5225456916315], [-74.1850840994623, 40.5228382863144], [-74.1846280104298, 40.5230037656059], [-74.1847553227007, 40.52318774535]]], [[[-74.1853935111456, 40.5246979720845], [-74.1859869751158, 40.5255321683669], [-74.1861735999941, 40.5257944884448], [-74.1858483193883, 40.5259125788436], [-74.1855230399359, 40.526030669236], [-74.1853460678941, 40.5257819116731], [-74.1851016402769, 40.5254383323115], [-74.1854173033442, 40.5253067290996], [-74.185348658051, 40.5252102382366], [-74.1852078386753, 40.5250122939588], [-74.1851391939868, 40.5249158029684], [-74.1848235310099, 40.525047404585], [-74.1847548868376, 40.5249509124449], [-74.1845699592545, 40.5246909647601], [-74.184765393529, 40.5246204891988], [-74.1848956816086, 40.5245735049743], [-74.1850259707133, 40.5245265215187], [-74.1852041146249, 40.5247769337134], [-74.1853935111456, 40.5246979720845]]], [[[-74.1849389091115, 40.5255993023289], [-74.1851153682485, 40.5258421259227], [-74.1853034761966, 40.5261009716875], [-74.1849780264046, 40.5262191202072], [-74.1846494970269, 40.526338386717], [-74.1839424012446, 40.5253641207156], [-74.1838726947718, 40.5252680737495], [-74.1836837064336, 40.5250076719305], [-74.183880586469, 40.5249365525384], [-74.1840115995472, 40.5248892268155], [-74.1841416254727, 40.5248422546611], [-74.1843373822076, 40.5247715415456], [-74.1845157228799, 40.5250169601782], [-74.1845854984604, 40.5251129778658], [-74.1842713391558, 40.5252466602383], [-74.1844108913911, 40.5254386966149], [-74.184517169198, 40.525584946631], [-74.1846247471311, 40.5257329847468], [-74.1849389091115, 40.5255993023289]]], [[[-74.1810287507826, 40.5208027836056], [-74.1810531617641, 40.5208016527257], [-74.1816237103507, 40.5207752231363], [-74.1817580121245, 40.5209629602961], [-74.1819314041014, 40.521205343417], [-74.182063974635, 40.5213906560815], [-74.1820887594344, 40.5214253024272], [-74.1816000254523, 40.5216013667947], [-74.1810287507826, 40.5208027836056]]], [[[-74.1799654208433, 40.522190204527], [-74.1799401906786, 40.5221541805069], [-74.1798550802721, 40.5220326594731], [-74.1797532291821, 40.5218872338154], [-74.1795525112352, 40.5216006425813], [-74.1795417763646, 40.5215853143593], [-74.1810072789684, 40.5210573964926], [-74.1814309333641, 40.5216622812752], [-74.1799654208433, 40.522190204527]]], [[[-74.1822605028302, 40.5215157637707], [-74.1826475424617, 40.5213753952032], [-74.1826720399197, 40.5214105759803], [-74.1832876731072, 40.5222946584761], [-74.1833890479119, 40.522440234787], [-74.1836346987836, 40.5227929940597], [-74.1836588571677, 40.5228276853239], [-74.1827028079328, 40.5231744167296], [-74.1816915087478, 40.5217221173034], [-74.1820166127776, 40.5216042145132], [-74.1820411098802, 40.5216393963445], [-74.1822700392126, 40.5219681570659], [-74.1825139314634, 40.5218797057867], [-74.1822850012319, 40.5215509446282], [-74.1822605028302, 40.5215157637707]]], [[[-74.1838692504283, 40.5227417908712], [-74.1838526946022, 40.5227180163706], [-74.1835671878999, 40.5223080259794], [-74.1840244389759, 40.5221410288821], [-74.1840808352075, 40.5222226759887], [-74.1845353952116, 40.5220566591802], [-74.1847626657376, 40.5223856742854], [-74.1847791144744, 40.5224094884831], [-74.1838692504283, 40.5227417908712]]], [[[-74.1825421926165, 40.5232296180892], [-74.1815644971686, 40.523584186459], [-74.1815399996044, 40.5235490046148], [-74.1805784333785, 40.5221680919576], [-74.1805530909407, 40.5221316972058], [-74.1812055788107, 40.5218950713371], [-74.1812309203083, 40.5219314659474], [-74.1814590019329, 40.5222590157563], [-74.1817679367915, 40.5221469782861], [-74.1817841950671, 40.5221410819527], [-74.1825421926165, 40.5232296180892]]], [[[-74.1837716498953, 40.5246804080931], [-74.1837563755091, 40.5246859501598], [-74.1827918713099, 40.523292103896], [-74.1837503782789, 40.5229443538321], [-74.1837591125418, 40.522956975207], [-74.1837760051994, 40.5229508461668], [-74.1847317903661, 40.5243320628983], [-74.1847148986503, 40.5243381911565], [-74.1837716498953, 40.5246804080931]]], [[[-74.1815129193419, 40.5254965891047], [-74.1807965300512, 40.5244737141442], [-74.1805420368037, 40.5241103355554], [-74.1813327218889, 40.523816633912], [-74.1814945452059, 40.5237565235363], [-74.1818338721119, 40.5242410247835], [-74.1824698092566, 40.5251490072673], [-74.1824375023655, 40.525160742982], [-74.1815375148759, 40.5254876556511], [-74.1815129193419, 40.5254965891047]]], [[[-74.1816514008841, 40.5237058556472], [-74.1826332317971, 40.523349657163], [-74.1835977336285, 40.5247435047549], [-74.1835790390945, 40.5247502867895], [-74.1826158861757, 40.5250997113682], [-74.181657912261, 40.5237152666428], [-74.1816514008841, 40.5237058556472]]], [[[-74.1800687591361, 40.525419856452], [-74.1800013261333, 40.5254481839384], [-74.1799013703198, 40.525297791783], [-74.1799697781071, 40.5252690548895], [-74.1802461834074, 40.5251529390542], [-74.180561315536, 40.5250205549128], [-74.1808773658837, 40.5248877829395], [-74.1809814737065, 40.5250364305407], [-74.1800687591361, 40.525419856452]]], [[[-74.1802302132008, 40.5257925639447], [-74.1801234536706, 40.5256319364571], [-74.1801896973734, 40.5256041087249], [-74.181108675613, 40.5252180515075], [-74.1813461753545, 40.5255571566152], [-74.1803874533399, 40.5259053901901], [-74.1803072318046, 40.5259345277232], [-74.1802302132008, 40.5257925639447]]]]}, "properties": {"campus_name": "NYC Parks cluster (61 lots)", "owner_key": "PARKS", "owner_label": "NYC Parks", "lot_count": 61, "bldg_area_sqft": 104396, "derivation": "contiguous lots, owner=PARKS, snap=0.0003deg", "kind": "campus", "owner_kind": "public"}}, {"type": "Feature", "geometry": {"type": "Polygon", "coordinates": [[[-73.8551108871096, 40.7409589913441], [-73.8550453797149, 40.7410116057944], [-73.8549781998893, 40.7410656345529], [-73.854927029013, 40.7411066648906], [-73.8548076628348, 40.7412025374359], [-73.8547532051911, 40.7412462758205], [-73.8547019854002, 40.741287415757], [-73.8546522467886, 40.7413273635414], [-73.8546013791407, 40.7413682201867], [-73.8545529190094, 40.7414071420255], [-73.8545044410816, 40.7414460782102], [-73.8544520277738, 40.7414881756101], [-73.8544009167025, 40.7415292255312], [-73.8546624018946, 40.7417174540923], [-73.8545591358997, 40.7418003938159], [-73.854429649758, 40.7419043929955], [-73.8543768932476, 40.7419467654187], [-73.854310712496, 40.7418187762412], [-73.8542313946997, 40.7416653814183], [-73.8539293664043, 40.7410812729001], [-73.8542262730024, 40.7405527570017], [-73.8552167959893, 40.7408739265406], [-73.8551792159039, 40.7409041112016], [-73.8551108871096, 40.7409589913441]]]}, "properties": {"campus_name": "NYC DOE schools cluster (4 lots)", "owner_key": "EDUC", "owner_label": "NYC DOE schools", "lot_count": 4, "bldg_area_sqft": 102750, "derivation": "contiguous lots, owner=EDUC, snap=0.0003deg", "kind": "campus", "owner_kind": "public"}}, {"type": "Feature", "geometry": {"type": "MultiPolygon", "coordinates": [[[[-73.9567237783642, 40.6465004911696], [-73.9567110745292, 40.6465010060081], [-73.9565376276969, 40.6465080303788], [-73.9561777793117, 40.646522604651], [-73.9561478367401, 40.6461112428567], [-73.9565076817035, 40.6460966686784], [-73.9566797384465, 40.6460896996307], [-73.9566452387907, 40.6457677117597], [-73.9567447953901, 40.6457621272957], [-73.9568470583073, 40.6457563925025], [-73.9568467739551, 40.6457536565905], [-73.9570594562992, 40.6457417277983], [-73.9574952037698, 40.6457172884149], [-73.9574943590251, 40.6457090096587], [-73.957945616618, 40.6456912291308], [-73.9579521817783, 40.645782964633], [-73.957955788112, 40.6458235919209], [-73.9579580022368, 40.646037918706], [-73.9579579585227, 40.6460379196115], [-73.95759152408, 40.6460527652038], [-73.9575986849853, 40.6461830358812], [-73.9575843081914, 40.6461837231279], [-73.9575279818056, 40.6462262526837], [-73.9573926346197, 40.6462769261636], [-73.9574007268409, 40.6462885872672], [-73.9572652028197, 40.6463382212926], [-73.9572755325395, 40.6464781403883], [-73.9572194265882, 40.6464804131882], [-73.957212633132, 40.6463569991664], [-73.9568927450765, 40.6463699578846], [-73.9568891460785, 40.6463701024411], [-73.9567105790007, 40.6463773304579], [-73.9567237783642, 40.6465004911696]]], [[[-73.9555284261834, 40.64613632759], [-73.9559679118911, 40.6461185304435], [-73.955997854457, 40.6465298914471], [-73.9557344330948, 40.646540558732], [-73.9555284261834, 40.64613632759]]]]}, "properties": {"campus_name": "NYC Economic Development Corp cluster (4 lots)", "owner_key": "EDC", "owner_label": "NYC Economic Development Corp", "lot_count": 4, "bldg_area_sqft": 101970, "derivation": "contiguous lots, owner=EDC, snap=0.0003deg", "kind": "campus", "owner_kind": "public"}}, {"type": "Feature", "geometry": {"type": "Polygon", "coordinates": [[[-73.9055087688832, 40.653033773859], [-73.9051669353575, 40.6533083891253], [-73.9051957308579, 40.6534193629851], [-73.9052078160909, 40.6534659396812], [-73.9056237080891, 40.6532070378461], [-73.9057473689609, 40.6531880860806], [-73.905883621995, 40.6537131662982], [-73.9055766193653, 40.6537602161261], [-73.9056734857007, 40.6541335116306], [-73.9057329759673, 40.6543627691811], [-73.9066653523055, 40.654219871764], [-73.9067457121463, 40.6545295331434], [-73.9029620571498, 40.6551093741614], [-73.9029683466847, 40.6551336079087], [-73.902958656247, 40.6551396755423], [-73.9029377236221, 40.6551527847359], [-73.902662364972, 40.655325219073], [-73.9023863752038, 40.6554980457552], [-73.9022614448852, 40.6553775521681], [-73.9025374909799, 40.6551943977761], [-73.9028881543845, 40.6549617313948], [-73.9028875946508, 40.6549595741368], [-73.9030755794501, 40.6548348453103], [-73.9029902379949, 40.6545059141757], [-73.9035727141405, 40.6541202699909], [-73.9053378789176, 40.6529478230665], [-73.9054648219041, 40.6528644125239], [-73.9061899655559, 40.6523879379316], [-73.9062062696271, 40.652450765055], [-73.9054792850702, 40.6529201520479], [-73.9055087688832, 40.653033773859]]]}, "properties": {"campus_name": "NYC Transit Authority cluster (4 lots)", "owner_key": "NYCTA", "owner_label": "NYC Transit Authority", "lot_count": 4, "bldg_area_sqft": 99685, "derivation": "contiguous lots, owner=NYCTA, snap=0.0003deg", "kind": "campus", "owner_kind": "public"}}, {"type": "Feature", "geometry": {"type": "Polygon", "coordinates": [[[-73.925850088498, 40.670779772437], [-73.9259400947384, 40.670784604944], [-73.9260881054566, 40.6707925526301], [-73.9263241689042, 40.6708052275069], [-73.9265553210158, 40.6708176394152], [-73.926790716408, 40.6708302778542], [-73.9267576063032, 40.6711678133195], [-73.9265222455091, 40.6711548084015], [-73.926291127024, 40.6711420379621], [-73.9260551007058, 40.6711289956866], [-73.9258171171353, 40.6711158453316], [-73.9258259204121, 40.6710261181531], [-73.925850088498, 40.670779772437]]]}, "properties": {"campus_name": "NYC Housing Authority cluster (4 lots)", "owner_key": "NYCHA", "owner_label": "NYC Housing Authority", "lot_count": 4, "bldg_area_sqft": 98800, "derivation": "contiguous lots, owner=NYCHA, snap=0.0003deg", "kind": "campus", "owner_kind": "public"}}, {"type": "Feature", "geometry": {"type": "Polygon", "coordinates": [[[-73.905208456663, 40.8275750223446], [-73.9052546239147, 40.8276044083258], [-73.9053007924184, 40.8276337942893], [-73.9053741964797, 40.8276805155906], [-73.9059354209086, 40.8280377322216], [-73.9052101090817, 40.82867615709], [-73.9049449028125, 40.8285020855304], [-73.9048612397896, 40.8284471709589], [-73.9047928874369, 40.8284023067248], [-73.9047245352853, 40.8283574434538], [-73.904651289269, 40.8283093666803], [-73.9046948283122, 40.8282710451278], [-73.9047911576059, 40.8281862566111], [-73.9047111867188, 40.828133766407], [-73.904851745451, 40.8280100462869], [-73.9050000735111, 40.8278794894958], [-73.9049658602669, 40.8278570326293], [-73.9049202912039, 40.8278271229865], [-73.9048740317268, 40.8277967597417], [-73.9051615883032, 40.8275451900321], [-73.905208456663, 40.8275750223446]]]}, "properties": {"campus_name": "NYC Homeless Services cluster (5 lots)", "owner_key": "DHS", "owner_label": "NYC Homeless Services", "lot_count": 5, "bldg_area_sqft": 97000, "derivation": "contiguous lots, owner=DHS, snap=0.0003deg", "kind": "campus", "owner_kind": "public"}}, {"type": "Feature", "geometry": {"type": "MultiPolygon", "coordinates": [[[[-73.8890697358392, 40.8341660603498], [-73.8890367882842, 40.8342212352682], [-73.8889962400113, 40.8342891404556], [-73.8889673276083, 40.834337559252], [-73.8889394710108, 40.8343842095833], [-73.888910545384, 40.8344326481774], [-73.8885670572103, 40.8343149039279], [-73.8885959829257, 40.8342664654188], [-73.8886238397161, 40.834219814332], [-73.8886527535294, 40.8341713955395], [-73.888726249861, 40.8340483166526], [-73.8888052006537, 40.8339161001279], [-73.8891486873003, 40.8340338435925], [-73.8890697358392, 40.8341660603498]]], [[[-73.8888180545525, 40.8345875368689], [-73.888810300287, 40.8346005218121], [-73.888704698399, 40.834777366299], [-73.8886663881985, 40.8348415220027], [-73.8885997107569, 40.8349531811018], [-73.8885967251974, 40.8349581804429], [-73.8885277361891, 40.8350737094242], [-73.8884805167384, 40.835152785743], [-73.8883729917799, 40.83533284466], [-73.8880299255085, 40.8352143878865], [-73.888137449994, 40.8350343284495], [-73.8882566459307, 40.8348347240748], [-73.8883616356142, 40.8346589095834], [-73.8884745656309, 40.8344697933508], [-73.8888180545525, 40.8345875368689]]], [[[-73.8881981620832, 40.8339145578914], [-73.8882277604641, 40.8338652565092], [-73.8878886832119, 40.8337481907986], [-73.8880003653845, 40.8335621634011], [-73.8886686242636, 40.8337928787831], [-73.8884055800825, 40.8342363660385], [-73.8880737428548, 40.8341218005085], [-73.8881149109017, 40.8340532272221], [-73.8881416534608, 40.834008684047], [-73.888169960703, 40.833961531885], [-73.8881981620832, 40.8339145578914]]], [[[-73.8877765473714, 40.8346168316476], [-73.8878109817684, 40.8345594747848], [-73.887850038743, 40.8344944205032], [-73.8878883882757, 40.8344305424354], [-73.8879266616311, 40.834366791274], [-73.8879651488652, 40.8343026846731], [-73.8882984419462, 40.8344169970963], [-73.8877758679385, 40.8352980238822], [-73.8870978317684, 40.835065470311], [-73.8873151548237, 40.8347034911858], [-73.8876546187813, 40.8348199222915], [-73.8876846994546, 40.8347698183155], [-73.8877127183863, 40.8347231476993], [-73.8877411629791, 40.834675768815], [-73.8877765473714, 40.8346168316476]]]]}, "properties": {"campus_name": "NYC Housing Authority cluster (11 lots)", "owner_key": "NYCHA", "owner_label": "NYC Housing Authority", "lot_count": 11, "bldg_area_sqft": 88137, "derivation": "contiguous lots, owner=NYCHA, snap=0.0003deg", "kind": "campus", "owner_kind": "public"}}, {"type": "Feature", "geometry": {"type": "MultiPolygon", "coordinates": [[[[-73.8040446347263, 40.7014090519074], [-73.8036894430945, 40.70150725289], [-73.8033021580796, 40.7016143229613], [-73.8031918540157, 40.7013832109521], [-73.8031797614875, 40.7013578768415], [-73.8035367960064, 40.7012586702031], [-73.8038913959902, 40.7011601399786], [-73.8040446347263, 40.7014090519074]]], [[[-73.8030295286406, 40.7015568919796], [-73.803046070201, 40.7015641973575], [-73.8030805744957, 40.7016340308857], [-73.8030708356303, 40.7016458739873], [-73.8026746898783, 40.701670622493], [-73.8026675543785, 40.7016579841633], [-73.8030295286406, 40.7015568919796]]], [[[-73.8043011921677, 40.7020708089428], [-73.8040329499456, 40.7021449592971], [-73.8038463110378, 40.7017585197898], [-73.8038039386474, 40.7017702334619], [-73.8037648315219, 40.7016892628181], [-73.8040955361208, 40.7015993073731], [-73.8043011921677, 40.7020708089428]]]]}, "properties": {"campus_name": "NYC DOT cluster (4 lots)", "owner_key": "DOT", "owner_label": "NYC DOT", "lot_count": 4, "bldg_area_sqft": 88000, "derivation": "contiguous lots, owner=DOT, snap=0.0003deg", "kind": "campus", "owner_kind": "public"}}, {"type": "Feature", "geometry": {"type": "Polygon", "coordinates": [[[-73.8354885804249, 40.7707298017805], [-73.8354414387317, 40.7706955954155], [-73.8358380124007, 40.7704699190747], [-73.8358260957081, 40.7704799094194], [-73.8358176142256, 40.7704892986262], [-73.8358127323753, 40.7704996430027], [-73.8358108064037, 40.7705092945379], [-73.8358105555099, 40.7705183100502], [-73.83581107031, 40.7705295473235], [-73.8358138026926, 40.7705502817442], [-73.8358181733552, 40.7705834337251], [-73.8358280295802, 40.7706098073568], [-73.8358416318922, 40.7706430400864], [-73.835865488672, 40.7706813653331], [-73.8359007236596, 40.7707287703341], [-73.8359388815611, 40.7707677156902], [-73.8360585731901, 40.7708585327331], [-73.8360989399069, 40.7708947535262], [-73.8361110516884, 40.7709056209523], [-73.8361563645997, 40.7709443629106], [-73.8361993487712, 40.7709840760123], [-73.8362058632471, 40.7709903950765], [-73.8362438324412, 40.7710272301562], [-73.8362949597172, 40.7710776987429], [-73.8363414198373, 40.7711302272468], [-73.8363449610712, 40.7711342304709], [-73.8364143261989, 40.7712169079794], [-73.8364543258706, 40.7712672084347], [-73.8365330111686, 40.7713777561979], [-73.8365816693903, 40.7714552038359], [-73.8366641050962, 40.7716015428799], [-73.8368305974628, 40.7719185547419], [-73.8372470770564, 40.7727115429117], [-73.8380201758641, 40.7727381463239], [-73.8384397800889, 40.772752583403], [-73.8384563913375, 40.7727849131558], [-73.8384562834715, 40.7727879162302], [-73.8384579652632, 40.7727879734685], [-73.8384867834516, 40.7728440631087], [-73.8381298087237, 40.7729021994444], [-73.8381354471341, 40.77291482613], [-73.8382633515228, 40.7729189949742], [-73.8382637285134, 40.772943744962], [-73.8385312882402, 40.7728986924371], [-73.8385460799632, 40.7729282092376], [-73.8386537947409, 40.7729317216559], [-73.8386667789098, 40.7729568810749], [-73.8391148446125, 40.7738250869701], [-73.8390997371936, 40.7740241070946], [-73.8391746447454, 40.7741639005907], [-73.8381388943775, 40.7743976900244], [-73.8380855267557, 40.774397918482], [-73.8381414767001, 40.7744975964976], [-73.8380224897892, 40.7744993968977], [-73.8379675379101, 40.7745002273485], [-73.8378915053195, 40.7745013793227], [-73.8378389003706, 40.7743989692917], [-73.8379164803195, 40.7743986389788], [-73.8379701097458, 40.7743984109677], [-73.8373162996214, 40.7731378684785], [-73.8365770485357, 40.7717125327673], [-73.836166820811, 40.7709892724869], [-73.8358226008693, 40.7709793731271], [-73.8358118822328, 40.7709713271641], [-73.8357758270625, 40.7709442606345], [-73.8357281961207, 40.7709085057319], [-73.8356781240299, 40.7708703528944], [-73.8356585021313, 40.770855400804], [-73.8355950919295, 40.7708070856348], [-73.8354885804249, 40.7707298017805]]]}, "properties": {"campus_name": "NYC DOT cluster (5 lots)", "owner_key": "DOT", "owner_label": "NYC DOT", "lot_count": 5, "bldg_area_sqft": 86830, "derivation": "contiguous lots, owner=DOT, snap=0.0003deg", "kind": "campus", "owner_kind": "public"}}, {"type": "Feature", "geometry": {"type": "MultiPolygon", "coordinates": [[[[-73.9132835328905, 40.8285098375802], [-73.9133047126266, 40.8285165909912], [-73.9136473613008, 40.8286258476916], [-73.913589296183, 40.8287237987997], [-73.9135118977536, 40.8288543702977], [-73.9131539744248, 40.8287402435299], [-73.9131763922059, 40.8287003765983], [-73.9132127483638, 40.8286357195755], [-73.9132280008766, 40.8286085963865], [-73.913246203755, 40.8285762228776], [-73.9132835328905, 40.8285098375802]]], [[[-73.9130723939456, 40.8288853248487], [-73.9130815911194, 40.828868968896], [-73.9134362147755, 40.8289820443228], [-73.9133591176418, 40.8291121026059], [-73.9132849179305, 40.8292372733068], [-73.9132074388334, 40.8293679777975], [-73.9128627902021, 40.8292580825694], [-73.9128913825229, 40.8292073234282], [-73.9129291010767, 40.8291401560827], [-73.9129368902334, 40.8291263014908], [-73.9129633436502, 40.8290792597811], [-73.9130002158773, 40.8290136856456], [-73.9130078553071, 40.8290000993133], [-73.9130348136801, 40.828952158297], [-73.9130723939456, 40.8288853248487]]]]}, "properties": {"campus_name": "NYC Housing Authority cluster (5 lots)", "owner_key": "NYCHA", "owner_label": "NYC Housing Authority", "lot_count": 5, "bldg_area_sqft": 85478, "derivation": "contiguous lots, owner=NYCHA, snap=0.0003deg", "kind": "campus", "owner_kind": "public"}}, {"type": "Feature", "geometry": {"type": "MultiPolygon", "coordinates": [[[[-73.9228168827465, 40.6715749609836], [-73.9228218292567, 40.6715234782414], [-73.9230058148082, 40.6715333847462], [-73.9230729212823, 40.6715369974422], [-73.9231643883673, 40.6715269836053], [-73.9232619768404, 40.6715163001398], [-73.9232741213422, 40.6715169539352], [-73.9233231109301, 40.6715195917984], [-73.9233662228544, 40.671521912332], [-73.9234569561527, 40.6715267967917], [-73.9234846370009, 40.6715282866335], [-73.9234510453295, 40.6718779111613], [-73.9232895184192, 40.6718692153593], [-73.9231323177486, 40.6718607527904], [-73.9229751726048, 40.6718522926366], [-73.9227911850779, 40.6718423861662], [-73.9228018467814, 40.6717314353425], [-73.9228168827465, 40.6715749609836]]], [[[-73.9233146003188, 40.6720574623505], [-73.9232799824525, 40.6724098327131], [-73.9231960684754, 40.6724051706031], [-73.9231011346391, 40.6723998950282], [-73.9231357511382, 40.6720475247188], [-73.9233146003188, 40.6720574623505]]]]}, "properties": {"campus_name": "NYC Housing Authority cluster (5 lots)", "owner_key": "NYCHA", "owner_label": "NYC Housing Authority", "lot_count": 5, "bldg_area_sqft": 85272, "derivation": "contiguous lots, owner=NYCHA, snap=0.0003deg", "kind": "campus", "owner_kind": "public"}}, {"type": "Feature", "geometry": {"type": "MultiPolygon", "coordinates": [[[[-73.9383789946798, 40.836596282321], [-73.9384580062169, 40.8366295617172], [-73.938257168671, 40.8369000006512], [-73.9381421662547, 40.8368515654063], [-73.9383430077597, 40.8365811248296], [-73.9383789946798, 40.836596282321]]], [[[-73.9380055097236, 40.8369745796526], [-73.9380803044162, 40.8370062820733], [-73.9381592698724, 40.8370397301354], [-73.938237553948, 40.837072888653], [-73.9380456202616, 40.8373273706733], [-73.9379673359831, 40.8372942111068], [-73.9378883715336, 40.8372607639192], [-73.9378135754366, 40.8372290595346], [-73.9378164791054, 40.8372252114483], [-73.9376519490859, 40.8371555198714], [-73.9378409682162, 40.8369049036448], [-73.9380055097236, 40.8369745796526]]], [[[-73.9384685358188, 40.8374809475447], [-73.9384191493287, 40.8375464276643], [-73.938374098043, 40.8376061603646], [-73.9381927449483, 40.8375293448778], [-73.9380501599717, 40.837468949685], [-73.9380952114569, 40.8374092171086], [-73.9381299882237, 40.83736310705], [-73.9381445969517, 40.8373437362053], [-73.9384685358188, 40.8374809475447]]]]}, "properties": {"campus_name": "NYC Housing Authority cluster (7 lots)", "owner_key": "NYCHA", "owner_label": "NYC Housing Authority", "lot_count": 7, "bldg_area_sqft": 80410, "derivation": "contiguous lots, owner=NYCHA, snap=0.0003deg", "kind": "campus", "owner_kind": "public"}}, {"type": "Feature", "geometry": {"type": "Polygon", "coordinates": [[[-73.9102898427415, 40.8327334064812], [-73.9102338903223, 40.8328328595814], [-73.9101756226685, 40.8329364269589], [-73.91011965578, 40.8330359015723], [-73.9100620793802, 40.8331382393054], [-73.9100051078552, 40.8332395014574], [-73.9099476928549, 40.8333415520544], [-73.9098907815988, 40.8334427043491], [-73.9096251466832, 40.8333560579685], [-73.9096259953085, 40.8333545494237], [-73.9096631309669, 40.833288546095], [-73.9096820571662, 40.8332549058026], [-73.9097006588483, 40.8332218425001], [-73.9097375780617, 40.8331562244769], [-73.909739473713, 40.8331528535809], [-73.9097737117453, 40.8330919979136], [-73.9097964455674, 40.8330515933987], [-73.9098116588489, 40.8330245534728], [-73.9098482796276, 40.8329594637368], [-73.9098540234044, 40.8329492538738], [-73.9099099870908, 40.8328497812252], [-73.9099682562931, 40.8327462130612], [-73.9100242101392, 40.8326467601731], [-73.9102898427415, 40.8327334064812]]]}, "properties": {"campus_name": "NYC Housing Authority cluster (7 lots)", "owner_key": "NYCHA", "owner_label": "NYC Housing Authority", "lot_count": 7, "bldg_area_sqft": 79415, "derivation": "contiguous lots, owner=NYCHA, snap=0.0003deg", "kind": "campus", "owner_kind": "public"}}, {"type": "Feature", "geometry": {"type": "MultiPolygon", "coordinates": [[[[-73.912670635648, 40.8170285836877], [-73.9126712181129, 40.817027371152], [-73.9128762208077, 40.8162754119248], [-73.9139797144118, 40.8163804271213], [-73.9128451826794, 40.8183509996066], [-73.9127954685325, 40.8184373466403], [-73.912307737986, 40.8183606020415], [-73.9123192616168, 40.818318336946], [-73.9123311866924, 40.8182745962376], [-73.9126708666823, 40.8170286630873], [-73.912670635648, 40.8170285836877]]], [[[-73.9114881309209, 40.8174628023401], [-73.9122198755123, 40.8175818329509], [-73.9123831297733, 40.8176083894295], [-73.9121972909308, 40.8182994048226], [-73.9120927454205, 40.8186881382395], [-73.9120791159203, 40.81868592075], [-73.9120628874603, 40.8186832824776], [-73.9119899972063, 40.818671424973], [-73.9119294898365, 40.8186615822755], [-73.9110498575609, 40.8185184943416], [-73.9114881309209, 40.8174628023401]]]]}, "properties": {"campus_name": "NYC DOE schools cluster (4 lots)", "owner_key": "EDUC", "owner_label": "NYC DOE schools", "lot_count": 4, "bldg_area_sqft": 75577, "derivation": "contiguous lots, owner=EDUC, snap=0.0003deg", "kind": "campus", "owner_kind": "public"}}, {"type": "Feature", "geometry": {"type": "MultiPolygon", "coordinates": [[[[-73.9771656317373, 40.7152697961195], [-73.9767372555536, 40.7151399467414], [-73.9766781419954, 40.7151220281738], [-73.9767690039671, 40.7149422785329], [-73.9767921369019, 40.714896516554], [-73.9773629244707, 40.7150695326865], [-73.9773393467122, 40.715116176306], [-73.9772489301021, 40.7152950448661], [-73.9771656317373, 40.7152697961195]]], [[[-73.9774879943061, 40.7151841093474], [-73.9781491225024, 40.715384504886], [-73.9780383312449, 40.7156036878549], [-73.9773772012053, 40.7154032935274], [-73.9774879943061, 40.7151841093474]]], [[[-73.9788613183591, 40.7159185000445], [-73.9782297507394, 40.7157270724863], [-73.9782365187389, 40.7157136813943], [-73.9783691921706, 40.7154512084618], [-73.9790007576849, 40.7156426361821], [-73.9788672727589, 40.7159067197328], [-73.9788613183591, 40.7159185000445]]], [[[-73.9806130205973, 40.7161312927386], [-73.9804797341594, 40.7163949927497], [-73.9804735870307, 40.7164071585345], [-73.9790560731158, 40.7159775298328], [-73.9790616437382, 40.7159665113368], [-73.9791955116507, 40.715701665738], [-73.9806130205973, 40.7161312927386]]], [[[-73.9813689180677, 40.7166785099953], [-73.9807485748051, 40.7164905020708], [-73.9807534193144, 40.7164809168949], [-73.9808880074085, 40.7162146341034], [-73.9815083497061, 40.7164026412838], [-73.9813742823131, 40.7166678974442], [-73.9813689180677, 40.7166785099953]]], [[[-73.982220039021, 40.7169364534545], [-73.9815709611204, 40.7167397420768], [-73.9815771484517, 40.7167275042079], [-73.9817103920503, 40.7164638740429], [-73.9823594676761, 40.7166605837216], [-73.982226450015, 40.7169237671657], [-73.982220039021, 40.7169364534545]]], [[[-73.9825225086731, 40.7166912673907], [-73.9825828935478, 40.7165747379078], [-73.9832536994495, 40.7167727767819], [-73.9831930531502, 40.7168878423482], [-73.9831769390048, 40.7169184158923], [-73.9830462119715, 40.7171664423335], [-73.9830398628472, 40.7171784875028], [-73.9823721777871, 40.7169813690578], [-73.9823784500616, 40.7169692653508], [-73.9825066296585, 40.716721910231], [-73.9825225086731, 40.7166912673907]]], [[[-73.983474241773, 40.7167478528085], [-73.9841488565622, 40.7169527425638], [-73.9841049808972, 40.7170383714633], [-73.9840873323662, 40.7170728126303], [-73.9839509788454, 40.7173389124878], [-73.9839474514185, 40.7173457982572], [-73.9832817879141, 40.7171402421913], [-73.9832858601315, 40.7171319391467], [-73.9834150123013, 40.7168686143838], [-73.9834318031141, 40.7168343784997], [-73.983474241773, 40.7167478528085]]], [[[-73.9857827748495, 40.7175379733445], [-73.9857782316925, 40.7175471282498], [-73.985631067032, 40.7178436002557], [-73.9856278961113, 40.7178499880894], [-73.9841213810466, 40.7174007336773], [-73.9841260912345, 40.7173915166998], [-73.9842770509681, 40.7170961745263], [-73.9842825012175, 40.7170855096479], [-73.9857827748495, 40.7175379733445]]]]}, "properties": {"campus_name": "NYC DOT cluster (9 lots)", "owner_key": "DOT", "owner_label": "NYC DOT", "lot_count": 9, "bldg_area_sqft": 75318, "derivation": "contiguous lots, owner=DOT, snap=0.0003deg", "kind": "campus", "owner_kind": "public"}}, {"type": "Feature", "geometry": {"type": "Polygon", "coordinates": [[[-73.915795664918, 40.8213671270355], [-73.9158489775879, 40.8212627425258], [-73.915849144692, 40.821262794015], [-73.9159865573895, 40.8209937348311], [-73.9172425228171, 40.8213201708359], [-73.9168180008407, 40.822117829631], [-73.9156022303953, 40.8217458713978], [-73.915510780458, 40.8217178917026], [-73.9154411994981, 40.8216966033924], [-73.915337601918, 40.8216649064575], [-73.9154683461282, 40.8214090128107], [-73.9155311017777, 40.8212861833278], [-73.915795664918, 40.8213671270355]]]}, "properties": {"campus_name": "NYC Parks cluster (5 lots)", "owner_key": "PARKS", "owner_label": "NYC Parks", "lot_count": 5, "bldg_area_sqft": 75000, "derivation": "contiguous lots, owner=PARKS, snap=0.0003deg", "kind": "campus", "owner_kind": "public"}}, {"type": "Feature", "geometry": {"type": "Polygon", "coordinates": [[[-74.2381216047254, 40.5282437691922], [-74.2382591958482, 40.5282519819726], [-74.2382655562862, 40.5287308335774], [-74.2379153809897, 40.5287099308342], [-74.2379168672044, 40.528821774642], [-74.2382670418815, 40.528842677383], [-74.2382758785441, 40.5295079148578], [-74.2384885211412, 40.5295226653165], [-74.2384718070314, 40.5282646720811], [-74.2387531515244, 40.5282814648213], [-74.2387641890722, 40.5285604427165], [-74.2388385991678, 40.5285648842618], [-74.2392483081627, 40.5285893369265], [-74.2392960877052, 40.5285921892864], [-74.239302576921, 40.528756175141], [-74.2392547984717, 40.5287533237015], [-74.2389145337985, 40.5287330157601], [-74.2389189032964, 40.5288434046083], [-74.2392591555899, 40.5288637108071], [-74.2393069446482, 40.528866563143], [-74.2393352324311, 40.5295813918263], [-74.2392768098891, 40.5299166589586], [-74.2391764718338, 40.5304924687429], [-74.239117951082, 40.5309155377647], [-74.2389787808998, 40.531921621868], [-74.238930441093, 40.531915209866], [-74.2368771241324, 40.5316428585973], [-74.2358240498612, 40.5315031632564], [-74.2359468826806, 40.5299798281033], [-74.2368932713881, 40.5300932479306], [-74.2369443323839, 40.5296169110098], [-74.2366289709248, 40.5295972293274], [-74.2359910251011, 40.5296726877412], [-74.2334199212964, 40.529512451807], [-74.2336333813237, 40.5293156648982], [-74.2356375352706, 40.5294405688588], [-74.2356472016189, 40.5293255503279], [-74.2363665883905, 40.5293754638121], [-74.23730103251, 40.5294402923865], [-74.2374496258779, 40.5294506006423], [-74.2375749340876, 40.5294592935205], [-74.2375583536002, 40.5282101458709], [-74.2379823208263, 40.5282354543413], [-74.2381216047254, 40.5282437691922]]]}, "properties": {"campus_name": "NYC DCAS (citywide municipal) cluster (5 lots)", "owner_key": "DCAS", "owner_label": "NYC DCAS (citywide municipal)", "lot_count": 5, "bldg_area_sqft": 75000, "derivation": "contiguous lots, owner=DCAS, snap=0.0003deg", "kind": "campus", "owner_kind": "public"}}, {"type": "Feature", "geometry": {"type": "Polygon", "coordinates": [[[-73.9497398566399, 40.6866965512679], [-73.9496694287511, 40.6867046629446], [-73.9495970004364, 40.6867130023459], [-73.9495256958517, 40.6867212135241], [-73.9494543937744, 40.6867294255806], [-73.94934743931, 40.6867417416985], [-73.9492404835949, 40.6867540586366], [-73.9491752978735, 40.6867615644426], [-73.9491695906552, 40.6867622220055], [-73.9491011397381, 40.6867701045587], [-73.9490508904731, 40.6867758915618], [-73.949029837448, 40.686778316267], [-73.9489584050027, 40.6867865414274], [-73.9489325533971, 40.6867895179046], [-73.9488867549144, 40.686794791712], [-73.9488155365435, 40.6868029934537], [-73.9488139334649, 40.6868031782173], [-73.9487441585632, 40.6868112130673], [-73.9487235101053, 40.6868135902102], [-73.9486732513228, 40.6868193779655], [-73.948634661328, 40.6868238218762], [-73.9486005683086, 40.6868277481656], [-73.948573997291, 40.686830807065], [-73.9485299402119, 40.6868358806391], [-73.9485199171373, 40.6868370342727], [-73.9484562538769, 40.6868443665897], [-73.9484549477811, 40.6868445163424], [-73.9483894259903, 40.6868520594519], [-73.9483873295072, 40.6868523016295], [-73.9483131379768, 40.6868608448194], [-73.9483118957462, 40.6868609784537], [-73.9482455409928, 40.6868686281926], [-73.9482446216789, 40.6868687349484], [-73.9481733180781, 40.686876945289], [-73.9481675611593, 40.686877607214], [-73.9481024804927, 40.6868851016685], [-73.9480477497219, 40.68661019514], [-73.9481185858139, 40.6866020377895], [-73.9481898892368, 40.6865938284026], [-73.948257164129, 40.6865860755381], [-73.9483325976983, 40.6865773960717], [-73.9484002157012, 40.68656960906], [-73.9484752066204, 40.6865609743117], [-73.9485458343226, 40.6865528418715], [-73.9486185171525, 40.6865444716219], [-73.9486894252076, 40.6865363067576], [-73.9487592010369, 40.6865282719411], [-73.9488320209836, 40.6865198863897], [-73.948903670894, 40.6865116353026], [-73.9489751018419, 40.6865034092552], [-73.9490464049438, 40.6864951993375], [-73.9491205616819, 40.686486659256], [-73.9498303387073, 40.6864049223694], [-73.9498850777598, 40.6866798272212], [-73.949813774453, 40.6866880384947], [-73.9497398566399, 40.6866965512679]]]}, "properties": {"campus_name": "NYC Housing Authority cluster (16 lots)", "owner_key": "NYCHA", "owner_label": "NYC Housing Authority", "lot_count": 16, "bldg_area_sqft": 74140, "derivation": "contiguous lots, owner=NYCHA, snap=0.0003deg", "kind": "campus", "owner_kind": "public"}}, {"type": "Feature", "geometry": {"type": "MultiPolygon", "coordinates": [[[[-73.9121597871681, 40.6870633989214], [-73.9121182087882, 40.6871054887371], [-73.9120710439648, 40.6871532330881], [-73.912029071051, 40.6871957206271], [-73.9119869642637, 40.6872383439131], [-73.9119464079299, 40.6872793988938], [-73.9118692919606, 40.6873574612642], [-73.9118322466761, 40.6873949608811], [-73.9117901182866, 40.6874376057463], [-73.9117505958675, 40.687477612342], [-73.9117112570791, 40.6875174335057], [-73.911672396748, 40.6875567705424], [-73.9116335908476, 40.6875960518064], [-73.9116057815413, 40.6876242030679], [-73.911677879214, 40.6876653921139], [-73.9116681277089, 40.6876752641375], [-73.9116218553458, 40.6877221031072], [-73.9118408512609, 40.6878472129315], [-73.9116923534184, 40.6879975307887], [-73.9111183173595, 40.6876724472671], [-73.9119148670825, 40.6868575324525], [-73.9122014329521, 40.6870212443062], [-73.9121597871681, 40.6870633989214]]], [[[-73.912311551335, 40.688100742195], [-73.912601072809, 40.6882653980489], [-73.9124435587977, 40.6884256347027], [-73.9118603794215, 40.688093970536], [-73.912055784873, 40.6878948533178], [-73.9123496112062, 40.6880619590064], [-73.912311551335, 40.688100742195]]], [[[-73.9117585405295, 40.6886364368873], [-73.9114704729778, 40.6884704121019], [-73.9116861082364, 40.6882504146962], [-73.9122896619956, 40.68859826398], [-73.9119875648166, 40.6889075174752], [-73.9116716117981, 40.6887254228796], [-73.9117155055753, 40.6886804894548], [-73.9117585405295, 40.6886364368873]]], [[[-73.9124626977473, 40.6886850459228], [-73.9130355225605, 40.6890153987598], [-73.9128159912124, 40.6892390059342], [-73.9125274244758, 40.6890725853757], [-73.9122431679839, 40.6889086528532], [-73.9124626977473, 40.6886850459228]]]]}, "properties": {"campus_name": "NYC Housing Authority cluster (4 lots)", "owner_key": "NYCHA", "owner_label": "NYC Housing Authority", "lot_count": 4, "bldg_area_sqft": 74012, "derivation": "contiguous lots, owner=NYCHA, snap=0.0003deg", "kind": "campus", "owner_kind": "public"}}, {"type": "Feature", "geometry": {"type": "MultiPolygon", "coordinates": [[[[-73.9839684558344, 40.7195536259175], [-73.9839691489891, 40.7195504913406], [-73.9839705609904, 40.7195407138065], [-73.9839708616177, 40.7195310954894], [-73.9839699775343, 40.7195206935288], [-73.9839689776104, 40.7195151030305], [-73.983967328176, 40.7195085678324], [-73.9839652738009, 40.7195023630363], [-73.9839627554968, 40.7194962445973], [-73.9839577879549, 40.719486698499], [-73.9839534517723, 40.7194799584598], [-73.9839469797422, 40.7194715746975], [-73.9839400789842, 40.7194641292936], [-73.9839333874995, 40.7194579543858], [-73.9839239384823, 40.7194505436803], [-73.9839141105449, 40.7194440956011], [-73.9839043178728, 40.7194386902694], [-73.9838939593259, 40.7194338980884], [-73.9838839508749, 40.7194300478896], [-73.9838767281507, 40.7194276974413], [-73.983869449714, 40.7194256639758], [-73.9838618007731, 40.7194238700605], [-73.9838546631418, 40.7194224975307], [-73.9838475927329, 40.7194214141402], [-73.9838419769556, 40.7194207451558], [-73.9837324367564, 40.7196401822159], [-73.9835588906084, 40.7195871346638], [-73.9832228656848, 40.7194844235313], [-73.9830524328778, 40.7194323274733], [-73.9834513845891, 40.7186547212559], [-73.9843763405043, 40.7189374467933], [-73.9842389471408, 40.7192052522866], [-73.9843213713715, 40.7192304463393], [-73.9844064122266, 40.7192564403125], [-73.9844912981208, 40.7192823846756], [-73.9844596768065, 40.7193440211823], [-73.9843584018894, 40.7195355585261], [-73.984325979915, 40.7195987582472], [-73.9842923772785, 40.7196642549465], [-73.9842596318673, 40.7197280813046], [-73.9842265769395, 40.7197939067592], [-73.9841418313425, 40.7197680027977], [-73.9841189009328, 40.7198126937245], [-73.9838738280111, 40.7197377849882], [-73.9838967573503, 40.7196930931881], [-73.983963175925, 40.7195636316407], [-73.9839684558344, 40.7195536259175]]], [[[-73.984005400436, 40.72003392517], [-73.9839444473193, 40.7200152942079], [-73.9840317564032, 40.7198451162423], [-73.9840927093885, 40.7198637481625], [-73.984005400436, 40.72003392517]]], [[[-73.9845718266916, 40.7198994329575], [-73.9844354576263, 40.7201652397232], [-73.9843458969433, 40.7201379997894], [-73.9844823256049, 40.7198720770172], [-73.9845718266916, 40.7198994329575]]]]}, "properties": {"campus_name": "NYC Parks cluster (4 lots)", "owner_key": "PARKS", "owner_label": "NYC Parks", "lot_count": 4, "bldg_area_sqft": 73956, "derivation": "contiguous lots, owner=PARKS, snap=0.0003deg", "kind": "campus", "owner_kind": "public"}}, {"type": "Feature", "geometry": {"type": "MultiPolygon", "coordinates": [[[[-73.8551558488165, 40.9055022008574], [-73.8566946059134, 40.9036783624506], [-73.8570139789107, 40.903299804046], [-73.8576515895627, 40.9025440202223], [-73.8577795807044, 40.9026081844169], [-73.8576315622941, 40.9028280920743], [-73.8576131030439, 40.9028366302074], [-73.8575159220503, 40.9029860006797], [-73.8574869230446, 40.9030446656627], [-73.8567958183531, 40.9040707930356], [-73.8566203701602, 40.9043312807162], [-73.8564733803028, 40.9045495159456], [-73.8556715373535, 40.9057399755784], [-73.8556409024597, 40.9057854540231], [-73.8552984212902, 40.9056275414967], [-73.8551196457114, 40.9055451112403], [-73.8551558488165, 40.9055022008574]]], [[[-73.8555063314722, 40.9049283257423], [-73.8552560091188, 40.9051731419668], [-73.855091331737, 40.9053446999928], [-73.8550516633705, 40.9053966675941], [-73.8550251495962, 40.905441935801], [-73.854997663594, 40.9054888660685], [-73.8547808757824, 40.905388909118], [-73.8548170659168, 40.905345990708], [-73.8550019989242, 40.9051266689404], [-73.8554824736027, 40.9045580203567], [-73.8558714051247, 40.9041284956968], [-73.8562737914455, 40.9037018066452], [-73.8568193995603, 40.9031415170871], [-73.8569707663409, 40.9032147826206], [-73.8557831186832, 40.9046120525451], [-73.8555063314722, 40.9049283257423]]], [[[-73.8539382012569, 40.9072316759992], [-73.8545443840671, 40.9063795435289], [-73.854604348753, 40.9062952464295], [-73.8548398266682, 40.9061257627778], [-73.8551301083861, 40.9057060939663], [-73.8552046757239, 40.9057402573189], [-73.8555700672222, 40.9059076692049], [-73.8555413697008, 40.9059513031284], [-73.8548797014565, 40.906957386308], [-73.8546376788395, 40.9069666062433], [-73.8544171972756, 40.9070132022882], [-73.854218677807, 40.9072513836586], [-73.8539869889859, 40.9077611464642], [-73.8539844499033, 40.9078736361554], [-73.8541051360717, 40.9079584404823], [-73.8538681975399, 40.908302591096], [-73.8532779090504, 40.9080186539316], [-73.8532076715624, 40.9079848677181], [-73.8536265267118, 40.9074863730526], [-73.8537021970763, 40.9075133735367], [-73.8538858772522, 40.9073052261657], [-73.8539382012569, 40.9072316759992]]]]}, "properties": {"campus_name": "NYPD cluster (4 lots)", "owner_key": "NYPD", "owner_label": "NYPD", "lot_count": 4, "bldg_area_sqft": 72000, "derivation": "contiguous lots, owner=NYPD, snap=0.0003deg", "kind": "campus", "owner_kind": "public"}}, {"type": "Feature", "geometry": {"type": "Polygon", "coordinates": [[[-73.9480409091154, 40.7880926580769], [-73.9481218992228, 40.7881266965946], [-73.9482023411123, 40.7881605051645], [-73.948282997321, 40.7881944038739], [-73.9484380268838, 40.7882595597719], [-73.9486029760797, 40.7883288855492], [-73.9485084528967, 40.7884571683601], [-73.9484194931334, 40.7885778992846], [-73.9483373261586, 40.7885433643503], [-73.948254544612, 40.7885085732492], [-73.9481785213921, 40.7884766226103], [-73.9480995135469, 40.7884434171064], [-73.9480188570213, 40.7884095183523], [-73.9479384150344, 40.7883757095733], [-73.9478574258182, 40.7883416710123], [-73.9480409091154, 40.7880926580769]]]}, "properties": {"campus_name": "NYC Homeless Services cluster (5 lots)", "owner_key": "DHS", "owner_label": "NYC Homeless Services", "lot_count": 5, "bldg_area_sqft": 71115, "derivation": "contiguous lots, owner=DHS, snap=0.0003deg", "kind": "campus", "owner_kind": "public"}}, {"type": "Feature", "geometry": {"type": "Polygon", "coordinates": [[[-73.9124077914213, 40.6841524916309], [-73.9124688150465, 40.6841870763673], [-73.9125200644475, 40.6842161209815], [-73.9126348259365, 40.6842811586174], [-73.9126893271817, 40.6843120453259], [-73.9127426725341, 40.6843422782439], [-73.9125187329419, 40.6845701284202], [-73.9124689295326, 40.6846208011633], [-73.9125962451984, 40.6846929535325], [-73.9125438962664, 40.6847462170244], [-73.9124901056407, 40.6848009463048], [-73.9121948504166, 40.6846336174355], [-73.9121398027438, 40.6846896261074], [-73.9121134871378, 40.6847163999093], [-73.9120822106811, 40.6847482226978], [-73.912067760571, 40.6847629251759], [-73.9120263609041, 40.6848050466455], [-73.9120206881679, 40.6848108181709], [-73.9119772274667, 40.6848550371818], [-73.9119283344105, 40.6849047828389], [-73.9118738312498, 40.68496023537], [-73.9118189772744, 40.6850160450055], [-73.9117659155659, 40.6850700325168], [-73.91147332887, 40.6849042149287], [-73.9115258197458, 40.6848499029266], [-73.9115800791668, 40.6847937579108], [-73.911633995024, 40.6847379719287], [-73.9116823598455, 40.6846879269873], [-73.9117309650502, 40.6846376363301], [-73.9117862108368, 40.6845804698887], [-73.9118431824362, 40.6845215208411], [-73.9118976355604, 40.6844651759564], [-73.9122734189548, 40.6840763381088], [-73.9124077914213, 40.6841524916309]]]}, "properties": {"campus_name": "NYC Homeless Services cluster (16 lots)", "owner_key": "DHS", "owner_label": "NYC Homeless Services", "lot_count": 16, "bldg_area_sqft": 64889, "derivation": "contiguous lots, owner=DHS, snap=0.0003deg", "kind": "campus", "owner_kind": "public"}}, {"type": "Feature", "geometry": {"type": "MultiPolygon", "coordinates": [[[[-73.8975466250068, 40.8363841024198], [-73.8975467568576, 40.8363923996713], [-73.8975460769554, 40.8364012320377], [-73.8975432344523, 40.8364115798067], [-73.8975393141081, 40.8364188649485], [-73.8975362197328, 40.8364233907458], [-73.8975312683174, 40.8364281401031], [-73.8975239148891, 40.8364320084049], [-73.8975129074443, 40.8364350152852], [-73.8975067622315, 40.8364358220697], [-73.8974996357946, 40.836436274941], [-73.8974910881062, 40.8364365015063], [-73.8974815031361, 40.8364358662131], [-73.8974725803696, 40.836434100522], [-73.895320359861, 40.8354099608784], [-73.8955564690455, 40.8351682101569], [-73.8956063288616, 40.8351185246008], [-73.8956365590138, 40.8350941052813], [-73.8956875590785, 40.8350574166502], [-73.8957244437273, 40.8350340074033], [-73.8957721931149, 40.83500990648], [-73.8958166940654, 40.8349910291194], [-73.896827473683, 40.8345173076061], [-73.897027580055, 40.8347845236786], [-73.8970996708851, 40.8348928788748], [-73.8972039935459, 40.8350546494359], [-73.8972707479069, 40.8351772220513], [-73.8973015804666, 40.8352307001876], [-73.8973475656203, 40.8353131850121], [-73.8973823732863, 40.8353846288432], [-73.8974404565921, 40.835509576413], [-73.8974657169874, 40.8355715006987], [-73.8974924422349, 40.8356614938004], [-73.8975047658425, 40.8357014542818], [-73.8975155488235, 40.8357355395233], [-73.8975307096259, 40.8357824029694], [-73.8975392255551, 40.8358350742267], [-73.897549571493, 40.8358942737674], [-73.8975605280566, 40.8359558025816], [-73.8975641376388, 40.8359970952802], [-73.8975683309336, 40.8360365127791], [-73.8975726507693, 40.8360877520777], [-73.8975362246395, 40.8361992711654], [-73.8975466250068, 40.8363841024198]]], [[[-73.8974000943252, 40.8347076418774], [-73.8973965375049, 40.8347029579073], [-73.8973935288917, 40.8346980574118], [-73.8973910932174, 40.834692975551], [-73.8973892469378, 40.8346877528309], [-73.8973880043159, 40.8346824279988], [-73.8973873759693, 40.8346770416376], [-73.8973873653631, 40.8346716350792], [-73.897387972434, 40.834666247057], [-73.8973891922742, 40.8346609189776], [-73.8973910178769, 40.8346556923298], [-73.897393433765, 40.8346506057507], [-73.8973964219248, 40.8346456971214], [-73.8973999599378, 40.834641004235], [-73.8974040204315, 40.8346365638794], [-73.8974085736181, 40.8346324058081], [-73.8974135851883, 40.8346285652122], [-73.8974190158915, 40.8346250679918], [-73.8974248266893, 40.8346219430571], [-73.8974309735966, 40.8346192137096], [-73.8974374066866, 40.8346168997317], [-73.8974440822074, 40.8346150173158], [-73.8974509467091, 40.8346135835635], [-73.8974579492913, 40.8346126073815], [-73.8974650377328, 40.834612095834], [-73.8974721573923, 40.8346120553979], [-73.8974792537469, 40.8346124840171], [-73.897486275917, 40.8346133781322], [-73.9009950855828, 40.8355401233015], [-73.8998752988868, 40.8375450928179], [-73.8983953006384, 40.8368279271138], [-73.8983553673898, 40.8368010859931], [-73.8983316432646, 40.8367835126689], [-73.8983154541331, 40.8367665906611], [-73.8982929830161, 40.8367422314289], [-73.8982542594266, 40.8367075399409], [-73.8981032872427, 40.8366432301597], [-73.8980514051089, 40.8366196021745], [-73.898021282025, 40.8366013882425], [-73.8979926963985, 40.8365787488452], [-73.897974670178, 40.8365553047801], [-73.8979619141026, 40.8365295771318], [-73.8979581912417, 40.8365032866703], [-73.8979650693417, 40.8364173324454], [-73.8979750672827, 40.8362028263471], [-73.8979711617359, 40.8361301808441], [-73.8979616188953, 40.836067268431], [-73.8979550410916, 40.8360239560154], [-73.8979452720981, 40.8359701941074], [-73.8979297488572, 40.8358942074362], [-73.8979116785565, 40.8358192991301], [-73.897858083048, 40.8356371410343], [-73.8977781586576, 40.8354248613991], [-73.8977371191071, 40.8353370781555], [-73.8975519256227, 40.8350068185081], [-73.8975454131125, 40.8349983112087], [-73.8975416781781, 40.8349884627278], [-73.8975397735607, 40.8349711139152], [-73.8975409146895, 40.8349568835235], [-73.8975386376543, 40.834939610928], [-73.8975379586874, 40.8349246729194], [-73.8975344059068, 40.8349066229194], [-73.8975293403025, 40.8348947606705], [-73.8975193278239, 40.8348777658105], [-73.8975101428567, 40.8348616522802], [-73.8975010885144, 40.8348445465013], [-73.8974087430988, 40.8347162204406], [-73.8974041718693, 40.834712075001], [-73.8974000943252, 40.8347076418774]]], [[[-73.8907449516629, 40.8368951446942], [-73.8908475649504, 40.8368613175311], [-73.8909603356916, 40.8368259572915], [-73.8910644508682, 40.8368001493189], [-73.8911451224077, 40.8367843147095], [-73.8912283319704, 40.8367694458532], [-73.8913097041145, 40.8367572452682], [-73.8913941873777, 40.8367523045558], [-73.8914434549453, 40.8367499916689], [-73.8929567083972, 40.8366681057206], [-73.8931400657054, 40.8366575617008], [-73.8932556873782, 40.8366460028498], [-73.8933450758939, 40.8366326240534], [-73.8934523750054, 40.8366101558688], [-73.8935455931594, 40.8365900267461], [-73.8936436982902, 40.8365641208815], [-73.8937843699379, 40.8365184099703], [-73.8938701344176, 40.8364911688112], [-73.8939804031622, 40.8364449586795], [-73.8940924100647, 40.8363985915893], [-73.8942644184992, 40.8363128043157], [-73.8943822178336, 40.8362434345995], [-73.8945110461484, 40.8361566142924], [-73.8946357279837, 40.8360592884167], [-73.8947625992129, 40.8359560526389], [-73.895165114101, 40.8355693973877], [-73.8970210739832, 40.8364318360337], [-73.8970640435886, 40.8364505290972], [-73.8971043337109, 40.8364692151526], [-73.89713901554, 40.8365087778172], [-73.8971788307077, 40.8365386809254], [-73.8974400190612, 40.8366717427393], [-73.8974826678545, 40.8366926486429], [-73.8974996685722, 40.836702060417], [-73.8975111131027, 40.8367108765346], [-73.8975225075876, 40.8367221500903], [-73.897532732271, 40.8367332100281], [-73.8975418710382, 40.8367479520045], [-73.8975461599031, 40.8367630976768], [-73.897546671694, 40.836781104396], [-73.8975444840563, 40.8368011573587], [-73.8974977526946, 40.8369220693674], [-73.8974409442459, 40.8370645185224], [-73.8973997513723, 40.8371735047155], [-73.8973457559352, 40.8372714476373], [-73.8972917674054, 40.8373702359965], [-73.8971918930292, 40.837533076189], [-73.897111789986, 40.8376516124796], [-73.8969386659162, 40.8378722248972], [-73.8963286069225, 40.8385880763207], [-73.8961650176569, 40.838808031614], [-73.8960364465646, 40.8390129168682], [-73.8948379611158, 40.8410271622592], [-73.8947826888794, 40.8411184156476], [-73.8946559442985, 40.8412949894292], [-73.8940887576519, 40.8419916801044], [-73.8894832871131, 40.8392682645976], [-73.8886166901015, 40.8389488253646], [-73.8881471236656, 40.8397318144551], [-73.8868588219863, 40.8392553482212], [-73.8874749338614, 40.8382059141463], [-73.8884741570958, 40.8386022881154], [-73.888871448217, 40.8379658383423], [-73.8905188098147, 40.8370097145319], [-73.8906385406168, 40.8369426916748], [-73.8907449516629, 40.8368951446942]]], [[[-73.895009805643, 40.8412994443951], [-73.8951165560554, 40.8411382945698], [-73.8953217112654, 40.8407988803697], [-73.8955113251767, 40.84047174439], [-73.895641034264, 40.8402608616958], [-73.8957791707132, 40.84002184685], [-73.8959706268996, 40.8396875401591], [-73.8963168267664, 40.8391118004247], [-73.8964671796045, 40.8388816980136], [-73.8965878146967, 40.8387248014922], [-73.896710681416, 40.8385803686824], [-73.8969381228906, 40.838311509846], [-73.8971966301745, 40.8380016094581], [-73.8972385883142, 40.8379466356189], [-73.8973212278481, 40.8378401708217], [-73.8974123804133, 40.837713674863], [-73.8974741047153, 40.8376176713098], [-73.8975465108168, 40.8374984426807], [-73.8976430841937, 40.837328180957], [-73.8976927755111, 40.8372223512253], [-73.8977107385888, 40.8371989371985], [-73.8977351847934, 40.8371717612484], [-73.8977576138075, 40.8371502242146], [-73.897784891969, 40.8371272073635], [-73.8978606388484, 40.8368954817878], [-73.8978674607476, 40.8368865009269], [-73.8978783475244, 40.836877107628], [-73.8978903205367, 40.8368699862971], [-73.8979047519291, 40.8368671517381], [-73.8979227259197, 40.8368674566884], [-73.8979414665336, 40.8368704376459], [-73.8979623306447, 40.8368764327066], [-73.899775302966, 40.8377241278338], [-73.8965911927612, 40.8434244991095], [-73.8963563022178, 40.8432832169372], [-73.8961958782857, 40.8431892610821], [-73.8960678801619, 40.8431138492798], [-73.8957797113015, 40.8429517894843], [-73.8954584587421, 40.8427868048035], [-73.8953653855449, 40.8427465322533], [-73.8943446735462, 40.8421430014246], [-73.8949182027645, 40.8414287844718], [-73.895009805643, 40.8412994443951]]]]}, "properties": {"campus_name": "NYC Parks cluster (4 lots)", "owner_key": "PARKS", "owner_label": "NYC Parks", "lot_count": 4, "bldg_area_sqft": 62700, "derivation": "contiguous lots, owner=PARKS, snap=0.0003deg", "kind": "campus", "owner_kind": "public"}}, {"type": "Feature", "geometry": {"type": "MultiPolygon", "coordinates": [[[[-73.9017887009723, 40.6728140445023], [-73.9018021615908, 40.6728654862555], [-73.9018162491971, 40.6729193239217], [-73.9018304073023, 40.6729734308674], [-73.9014507301621, 40.6730297666934], [-73.9014365734514, 40.6729756597024], [-73.9014224862497, 40.6729218219888], [-73.9014090258028, 40.6728703801927], [-73.9013808514022, 40.6727627039203], [-73.9013086540021, 40.6724867842585], [-73.9016883281714, 40.6724304488139], [-73.9017605247757, 40.6727063673172], [-73.9017887009723, 40.6728140445023]]], [[[-73.9016462847694, 40.6733374106839], [-73.9016321961105, 40.6732835739174], [-73.9017096886762, 40.6732720748503], [-73.9019011208135, 40.6732436702616], [-73.9019712021221, 40.6735114956113], [-73.9017798915161, 40.6735403669134], [-73.9016851228149, 40.6735546698898], [-73.9016289454831, 40.6733399839128], [-73.9016462847694, 40.6733374106839]]], [[[-73.901591765486, 40.6735687578987], [-73.9015033600385, 40.6735820999661], [-73.9013230120406, 40.6736093174663], [-73.9012266165358, 40.6736238636283], [-73.9011573926627, 40.673354023169], [-73.9011228386162, 40.6732193303199], [-73.9011041105454, 40.6731463256115], [-73.9014671355511, 40.6730924620708], [-73.9014862237267, 40.6731654112261], [-73.9015038334906, 40.6732327092348], [-73.9015214421916, 40.673300007238], [-73.901591765486, 40.6735687578987]]]]}, "properties": {"campus_name": "NYPD cluster (12 lots)", "owner_key": "NYPD", "owner_label": "NYPD", "lot_count": 12, "bldg_area_sqft": 60000, "derivation": "contiguous lots, owner=NYPD, snap=0.0003deg", "kind": "campus", "owner_kind": "public"}}, {"type": "Feature", "geometry": {"type": "Polygon", "coordinates": [[[-73.9202811815138, 40.6631297673012], [-73.9202825997504, 40.6631354666908], [-73.920315073213, 40.6632658624235], [-73.9203476975629, 40.6633968796007], [-73.9203926573412, 40.6635774211121], [-73.920435145911, 40.6637480425376], [-73.9200773271273, 40.6637984864143], [-73.9200348394397, 40.663627865694], [-73.919989880597, 40.6634473231237], [-73.9199572546168, 40.663316305928], [-73.9199247841374, 40.6631859100967], [-73.9199070848682, 40.6631148334641], [-73.9198913039504, 40.663051459418], [-73.9202491200757, 40.6630010162001], [-73.9202649001127, 40.6630643892766], [-73.9202811815138, 40.6631297673012]]]}, "properties": {"campus_name": "NYC Housing Authority cluster (6 lots)", "owner_key": "NYCHA", "owner_label": "NYC Housing Authority", "lot_count": 6, "bldg_area_sqft": 59734, "derivation": "contiguous lots, owner=NYCHA, snap=0.0003deg", "kind": "campus", "owner_kind": "public"}}, {"type": "Feature", "geometry": {"type": "Polygon", "coordinates": [[[-73.9534596329764, 40.8137376105298], [-73.9534720690604, 40.8138249466429], [-73.9534943383581, 40.813981344113], [-73.9535106549365, 40.8140959389815], [-73.9535277736789, 40.8142161551515], [-73.9532099128081, 40.8142092746281], [-73.9532154040959, 40.8140895467031], [-73.9532206757143, 40.8139754189223], [-73.9532277605548, 40.813819288136], [-73.9532357729241, 40.8136436034511], [-73.9534596329764, 40.8137376105298]]]}, "properties": {"campus_name": "NYC HPD cluster (4 lots)", "owner_key": "HPD", "owner_label": "NYC HPD", "lot_count": 4, "bldg_area_sqft": 57500, "derivation": "contiguous lots, owner=HPD, snap=0.0003deg", "kind": "campus", "owner_kind": "public"}}, {"type": "Feature", "geometry": {"type": "Polygon", "coordinates": [[[-73.9411116762218, 40.8184469640468], [-73.9410520090221, 40.8185277954751], [-73.9410026734, 40.8185946294448], [-73.9409534789142, 40.8186612707975], [-73.9409050961261, 40.8187268147677], [-73.9408572722279, 40.8187916034776], [-73.9405446836454, 40.8186596145241], [-73.9405918537717, 40.8185945491117], [-73.9406191807518, 40.8185568422456], [-73.9406395590141, 40.8185287203131], [-73.9406880640695, 40.8184617888594], [-73.9407367102635, 40.8183946620281], [-73.9407955424472, 40.8183134782104], [-73.9411116762218, 40.8184469640468]]]}, "properties": {"campus_name": "NYC Housing Authority cluster (5 lots)", "owner_key": "NYCHA", "owner_label": "NYC Housing Authority", "lot_count": 5, "bldg_area_sqft": 56695, "derivation": "contiguous lots, owner=NYCHA, snap=0.0003deg", "kind": "campus", "owner_kind": "public"}}, {"type": "Feature", "geometry": {"type": "Polygon", "coordinates": [[[-73.9009878268903, 40.6734881235619], [-73.9009107500203, 40.673499804465], [-73.9009522405993, 40.6736615808938], [-73.90087510714, 40.6736730483041], [-73.9007979746457, 40.6736845147435], [-73.9007208410247, 40.6736959811301], [-73.9006465383349, 40.6737070275051], [-73.9005793124681, 40.6737170209668], [-73.9005085481571, 40.6737275409035], [-73.9004377837134, 40.6737380598766], [-73.9003726812811, 40.6737477380634], [-73.9003082696978, 40.6737573133229], [-73.9002542782745, 40.6735461126318], [-73.9002405029401, 40.673492229118], [-73.9001018575843, 40.6729498776553], [-73.9002857120934, 40.6729220166513], [-73.9003741038055, 40.6729086215447], [-73.9004616769076, 40.6728953498997], [-73.9005500674479, 40.6728819564146], [-73.9006384591652, 40.6728685601849], [-73.9007268507357, 40.6728551647247], [-73.9008218044756, 40.6728407753544], [-73.9009608826637, 40.6733830606508], [-73.9009747010903, 40.6734369386788], [-73.9009878268903, 40.6734881235619]]]}, "properties": {"campus_name": "NYC Homeless Services cluster (13 lots)", "owner_key": "DHS", "owner_label": "NYC Homeless Services", "lot_count": 13, "bldg_area_sqft": 55976, "derivation": "contiguous lots, owner=DHS, snap=0.0003deg", "kind": "campus", "owner_kind": "public"}}, {"type": "Feature", "geometry": {"type": "Polygon", "coordinates": [[[-73.8868699545524, 40.6778282145416], [-73.886888894482, 40.6779018197548], [-73.8869058191844, 40.6779675955799], [-73.8865710868978, 40.6780158336154], [-73.8865543199083, 40.6779500371481], [-73.886457615492, 40.6779639727077], [-73.8863821164555, 40.6776677284977], [-73.8865560585882, 40.6776225600664], [-73.8868006921773, 40.6775590327736], [-73.8868699545524, 40.6778282145416]]]}, "properties": {"campus_name": "NYC DOE schools cluster (4 lots)", "owner_key": "EDUC", "owner_label": "NYC DOE schools", "lot_count": 4, "bldg_area_sqft": 55464, "derivation": "contiguous lots, owner=EDUC, snap=0.0003deg", "kind": "campus", "owner_kind": "public"}}, {"type": "Feature", "geometry": {"type": "MultiPolygon", "coordinates": [[[[-73.9509047227682, 40.6484720693437], [-73.9508846653836, 40.6481663862802], [-73.9509793184433, 40.6481622617567], [-73.9510608476683, 40.6481587096715], [-73.9510809058561, 40.6484643927871], [-73.9509993763697, 40.648467945724], [-73.9509047227682, 40.6484720693437]]], [[[-73.9509249218638, 40.6487799200307], [-73.9508349771189, 40.6487838916646], [-73.9498503874028, 40.6488273469476], [-73.9498301523009, 40.6485188854959], [-73.9498364731465, 40.6485186090762], [-73.9499289370372, 40.6485145817596], [-73.950007701214, 40.6485111516961], [-73.9500819984803, 40.6485079151573], [-73.9501529105786, 40.6485048256004], [-73.9502319170481, 40.6485013829394], [-73.9504082149674, 40.6484937028612], [-73.9504585874891, 40.6484915083845], [-73.950512554311, 40.6484891569794], [-73.9505665211273, 40.6484868055476], [-73.9507248271445, 40.6484799079323], [-73.950814774961, 40.6484759895933], [-73.9509047227682, 40.6484720693437], [-73.9509249218638, 40.6487799200307]]]]}, "properties": {"campus_name": "NYPD cluster (4 lots)", "owner_key": "NYPD", "owner_label": "NYPD", "lot_count": 4, "bldg_area_sqft": 54056, "derivation": "contiguous lots, owner=NYPD, snap=0.0003deg", "kind": "campus", "owner_kind": "public"}}, {"type": "Feature", "geometry": {"type": "MultiPolygon", "coordinates": [[[[-73.9267558864778, 40.7389090597458], [-73.9270713312921, 40.7387699261159], [-73.9270166994588, 40.7390416656908], [-73.9269566949216, 40.7393401181366], [-73.9265863800219, 40.7392972940074], [-73.9265754160963, 40.7393518236279], [-73.9265644889793, 40.739406172147], [-73.9265515250983, 40.7394706519606], [-73.9265370527645, 40.7395426356348], [-73.9265262244591, 40.7395964907836], [-73.9265167913265, 40.7396433994238], [-73.9265069642153, 40.7396922835306], [-73.9264962417028, 40.739745612854], [-73.9268665602468, 40.7397884381087], [-73.9268104840398, 40.7400673419627], [-73.9251511366109, 40.7398754399795], [-73.9252087064772, 40.7395967089767], [-73.9252099539461, 40.7395906691824], [-73.9255074606602, 40.7394600110092], [-73.9256502068538, 40.7396477708364], [-73.9259254261717, 40.739679599277], [-73.9261394801991, 40.739704354782], [-73.9262549635095, 40.7391299975268], [-73.9265217565373, 40.7390123248869], [-73.9266692839688, 40.7392077148209], [-73.9268406352467, 40.7390213051905], [-73.9267558864778, 40.7389090597458]]], [[[-73.926014336051, 40.7392374007481], [-73.925958157851, 40.739516807613], [-73.925785576415, 40.7394968483895], [-73.9256949643037, 40.7393776636271], [-73.926014336051, 40.7392374007481]]]]}, "properties": {"campus_name": "NYC DOE schools cluster (4 lots)", "owner_key": "EDUC", "owner_label": "NYC DOE schools", "lot_count": 4, "bldg_area_sqft": 53979, "derivation": "contiguous lots, owner=EDUC, snap=0.0003deg", "kind": "campus", "owner_kind": "public"}}, {"type": "Feature", "geometry": {"type": "MultiPolygon", "coordinates": [[[[-73.8223773022341, 40.8808083232715], [-73.8224070008732, 40.8807222534463], [-73.8224424562161, 40.8807280521547], [-73.8224456011783, 40.8807334806569], [-73.8224680254163, 40.8807798975871], [-73.8224819415279, 40.8808122222066], [-73.8224971653632, 40.8808528405619], [-73.8225037904806, 40.8808759257672], [-73.8225083831294, 40.8808972951052], [-73.8225387764788, 40.8812661001072], [-73.8223887586357, 40.8811235795039], [-73.8222982055081, 40.8810375505561], [-73.8223773022341, 40.8808083232715]]], [[[-73.8218249068531, 40.8814722774282], [-73.8219013694174, 40.8812567770314], [-73.8219987280046, 40.8812762544227], [-73.8221406576817, 40.8813046504046], [-73.8222467748237, 40.8813258808449], [-73.8227820629846, 40.8818465461583], [-73.8229017499495, 40.881948649884], [-73.8220017314125, 40.8822354946083], [-73.8219361222424, 40.8826346952026], [-73.8219351946759, 40.8826403353626], [-73.8222063528907, 40.8831221842285], [-73.8236741383715, 40.8826475038824], [-73.8238375550869, 40.8827986122677], [-73.8242923174139, 40.8830862055688], [-73.8245126758429, 40.8832251917128], [-73.8226139043581, 40.8838466876721], [-73.8214341944596, 40.8842351726365], [-73.8213841168395, 40.8842564349097], [-73.8213329286751, 40.8842781691168], [-73.8212580165438, 40.8843143923445], [-73.8212016698214, 40.8843461022167], [-73.8211555628342, 40.8843750759853], [-73.8211279317799, 40.8843935256115], [-73.8211021379068, 40.8844118141915], [-73.8210565524325, 40.8844461961576], [-73.821026874045, 40.8844710639552], [-73.8209988858837, 40.8844960622804], [-73.8209683642631, 40.8845242596146], [-73.8209322077918, 40.8845622248576], [-73.8209023349877, 40.8845962106703], [-73.8208770360751, 40.884628019838], [-73.8208603954541, 40.8846499542645], [-73.8208430680505, 40.884674969013], [-73.8208303266281, 40.8846936991786], [-73.8208067031265, 40.8847320602149], [-73.8207915666679, 40.884760289584], [-73.82077727985, 40.884787621529], [-73.8207568517902, 40.8848329230496], [-73.8207448221654, 40.8848640063087], [-73.8207296233395, 40.8849087622102], [-73.8207187676637, 40.8849471556893], [-73.8207111985505, 40.8849824700365], [-73.8207053639271, 40.8850139375361], [-73.8207019191635, 40.8850382318599], [-73.8206994620697, 40.8850597461578], [-73.8206974042155, 40.8850858444702], [-73.8206967843715, 40.8850974571362], [-73.8206965191752, 40.8851034170511], [-73.8205188027123, 40.8845348391615], [-73.8205186816276, 40.8845344499617], [-73.820445596631, 40.8841657868722], [-73.820446792398, 40.8841466870872], [-73.8204485305209, 40.8841189248139], [-73.8204516674375, 40.8840798226396], [-73.8208214857969, 40.8824269618363], [-73.8209686981494, 40.8817355547503], [-73.8217090450063, 40.8818812084799], [-73.8218249068531, 40.8814722774282]]], [[[-73.8209381260379, 40.8852137785916], [-73.8209438326449, 40.8851439005459], [-73.8209472116014, 40.8851197799549], [-73.8209519226215, 40.8850931499221], [-73.8209619720748, 40.8850527065449], [-73.8209757679826, 40.8850059016526], [-73.8209881349284, 40.8849759697817], [-73.8210079457566, 40.8849355577686], [-73.8210339311326, 40.8848885151049], [-73.8210631381836, 40.8848444626136], [-73.8211067503957, 40.8847894608084], [-73.8211396998806, 40.884751481592], [-73.8211832896498, 40.884708752579], [-73.8212209645659, 40.8846770686772], [-73.8212645984108, 40.8846413193236], [-73.8213372451971, 40.8845955933418], [-73.8214111520742, 40.8845546950143], [-73.8214847636657, 40.8845225804023], [-73.8215626116493, 40.8844910873487], [-73.8226476398552, 40.884135358665], [-73.8227165145263, 40.8841127766442], [-73.8242856177585, 40.8835983165842], [-73.8242952742239, 40.8836155036001], [-73.8246815324371, 40.8834878289467], [-73.8247168243828, 40.8834788497801], [-73.8247631005982, 40.883472667083], [-73.8247933331185, 40.8834709768152], [-73.8248218915963, 40.8834710435877], [-73.8248693407881, 40.8834771443549], [-73.8249009346845, 40.883485645138], [-73.8249109344444, 40.883488765207], [-73.8249232618781, 40.8834960373433], [-73.8250564929229, 40.8835932048352], [-73.8251728057333, 40.883689633357], [-73.8252609641918, 40.8837681957955], [-73.8253724536784, 40.8838748940806], [-73.8230154097939, 40.8846332447207], [-73.8229439328071, 40.8846562407152], [-73.8222045150948, 40.8848941260556], [-73.8213050333044, 40.8851374815288], [-73.8212827667485, 40.8851018724011], [-73.8209381260379, 40.8852137785916]]]]}, "properties": {"campus_name": "MTA cluster (6 lots)", "owner_key": "MTA", "owner_label": "MTA", "lot_count": 6, "bldg_area_sqft": 52795, "derivation": "contiguous lots, owner=MTA, snap=0.0003deg", "kind": "campus", "owner_kind": "public"}}, {"type": "Feature", "geometry": {"type": "MultiPolygon", "coordinates": [[[[-73.9131645583426, 40.6711845303778], [-73.9129357216091, 40.6702980776677], [-73.9132898432555, 40.67024231323], [-73.9136548980821, 40.6701848268848], [-73.9138398520586, 40.6708922469947], [-73.9131645583426, 40.6711845303778]]], [[[-73.9140725681453, 40.6712093116787], [-73.914064762092, 40.6712848060528], [-73.9140564588831, 40.6713651159148], [-73.9137459190018, 40.6713481735752], [-73.913728228067, 40.6713472093358], [-73.9136418277541, 40.6713424943034], [-73.9135479634658, 40.6713377753528], [-73.9132697903838, 40.6713221977169], [-73.9134722434449, 40.671236132978], [-73.9135408617666, 40.6712069628636], [-73.9136038128366, 40.6711802009022], [-73.9136667650634, 40.6711534397435], [-73.9137297172407, 40.6711266777139], [-73.9138589344763, 40.6713001301662], [-73.9139142895682, 40.6712765960966], [-73.9140539078682, 40.6712172430259], [-73.9139246903933, 40.671043791711], [-73.9139830331261, 40.6710189891984], [-73.9140789347855, 40.6711477220264], [-73.9140725681453, 40.6712093116787]]]]}, "properties": {"campus_name": "NYPD cluster (9 lots)", "owner_key": "NYPD", "owner_label": "NYPD", "lot_count": 9, "bldg_area_sqft": 50420, "derivation": "contiguous lots, owner=NYPD, snap=0.0003deg", "kind": "campus", "owner_kind": "public"}}, {"type": "Feature", "geometry": {"type": "Polygon", "coordinates": [[[-73.7698165104591, 40.6840947221142], [-73.769825200181, 40.6839967524156], [-73.769935357598, 40.6840598450448], [-73.7717328346334, 40.685089325291], [-73.7721012137512, 40.6853003009826], [-73.7756092954045, 40.6877497774852], [-73.7756144364471, 40.6877533661949], [-73.7754104288038, 40.68799848417], [-73.7754382959311, 40.6880444531661], [-73.7755448528186, 40.6882202284739], [-73.7752094831087, 40.688336405945], [-73.7751756418984, 40.6882805807428], [-73.7749891301214, 40.6883451893975], [-73.7749478962022, 40.688277171968], [-73.7748577512576, 40.6883004739469], [-73.774774187977, 40.688319381556], [-73.7746855938177, 40.6883366934573], [-73.7745989536372, 40.6883509798357], [-73.7744944762977, 40.6883648186643], [-73.7743578355376, 40.688377459726], [-73.7743057112259, 40.6883881492854], [-73.7742493475992, 40.6884025073249], [-73.7742114276823, 40.6884138965039], [-73.7741638208164, 40.6884302906744], [-73.7741143205677, 40.6884499958442], [-73.7740763978826, 40.6884670853032], [-73.7740375597365, 40.6884865520224], [-73.773996811594, 40.6885093325554], [-73.7735399195296, 40.68875639428], [-73.773877969731, 40.6891026061289], [-73.7740162381491, 40.6890751121337], [-73.7740791907477, 40.6891026429324], [-73.7742613670001, 40.6890919744899], [-73.7743533203518, 40.6890601207597], [-73.7743574250156, 40.6890668889554], [-73.77380874542, 40.6892569492221], [-73.7737934025535, 40.6892911584377], [-73.7737276336992, 40.6892850461204], [-73.7736621528929, 40.6893077274544], [-73.7735105298993, 40.689360248968], [-73.773562760218, 40.689451008542], [-73.7735068190948, 40.6895307976896], [-73.7735917485105, 40.6895013800875], [-73.7744387935278, 40.6909732210325], [-73.7722769851764, 40.6917034922704], [-73.7716079063892, 40.6905408280795], [-73.7718938704534, 40.6903564886092], [-73.7718451995454, 40.6899098674197], [-73.7713804067065, 40.6895380484355], [-73.7704069569137, 40.6884543423399], [-73.7702769633262, 40.6879159701179], [-73.769903716967, 40.6876967374889], [-73.7694602816115, 40.6875666636377], [-73.7681142773194, 40.6868034105749], [-73.769409538078, 40.6855236276742], [-73.7694946448214, 40.6854190374146], [-73.7695402397785, 40.6853584564491], [-73.769587819041, 40.6852860393855], [-73.7696385082648, 40.6852037021355], [-73.7696413443426, 40.6851990962455], [-73.7696675013388, 40.6851345284311], [-73.7697035509098, 40.6850361893529], [-73.7697258290298, 40.6849681620724], [-73.769741901616, 40.6848959547062], [-73.7697546636631, 40.68479203901], [-73.7698165104591, 40.6840947221142]]]}, "properties": {"campus_name": "NYC Parks cluster (6 lots)", "owner_key": "PARKS", "owner_label": "NYC Parks", "lot_count": 6, "bldg_area_sqft": 50400, "derivation": "contiguous lots, owner=PARKS, snap=0.0003deg", "kind": "campus", "owner_kind": "public"}}, {"type": "Feature", "geometry": {"type": "MultiPolygon", "coordinates": [[[[-73.9869396559756, 40.7012157725795], [-73.9869291621328, 40.7011961518783], [-73.9868811414242, 40.7011063680815], [-73.9868887791344, 40.7010046155977], [-73.9868897139778, 40.7009921679187], [-73.9869106741683, 40.7007129952897], [-73.9871905239202, 40.7007224254575], [-73.9872888544845, 40.7007257376056], [-73.9874791834856, 40.7010630020837], [-73.9874945710717, 40.7010902685955], [-73.9876154994455, 40.7013045566701], [-73.9876360005909, 40.7013408837414], [-73.9876300259241, 40.7014648296103], [-73.987627916323, 40.7015085951969], [-73.9871644183206, 40.7014911879641], [-73.9870853793648, 40.7014882191262], [-73.9869713942406, 40.7012751118213], [-73.9869396559756, 40.7012157725795]]], [[[-73.987466083112, 40.7017909503527], [-73.9873709585022, 40.7016207395715], [-73.9876047686528, 40.7016288605733], [-73.9875897470507, 40.7018851806923], [-73.9875888994512, 40.7018996509648], [-73.9875785450648, 40.7020763311662], [-73.9875052512207, 40.7020928350839], [-73.9874344718383, 40.7021087718434], [-73.9873299940544, 40.7019218275509], [-73.9873966552671, 40.7019011411579], [-73.9874583547681, 40.7018819957989], [-73.987466083112, 40.7017909503527]]], [[[-73.988127949363, 40.7020330285754], [-73.9882115386327, 40.7020358729259], [-73.9881924074984, 40.7023580075097], [-73.9882229637378, 40.70241343623], [-73.9881644589526, 40.7024114455484], [-73.987718395322, 40.702396269303], [-73.9877578876421, 40.7017972420791], [-73.9877582923103, 40.7017911231819], [-73.9877647958245, 40.7016924763461], [-73.9877687897287, 40.7016318921578], [-73.9877925704383, 40.7016326880359], [-73.9879527371598, 40.701638044047], [-73.9879401980092, 40.701849164132], [-73.9881319827535, 40.7018556885103], [-73.9881384680254, 40.7018559097924], [-73.988127949363, 40.7020330285754]]], [[[-73.9877138494312, 40.7025364866366], [-73.9877575504937, 40.7025378762933], [-73.9882454055636, 40.7025533744889], [-73.9883389585636, 40.7025563466772], [-73.9884549819832, 40.7027693682147], [-73.9884532607127, 40.7028010795214], [-73.9884950406592, 40.7028767519843], [-73.9885548468781, 40.7029850715235], [-73.9884939074527, 40.703004471452], [-73.9880921289202, 40.7031323753071], [-73.9880147999081, 40.7031569917852], [-73.9879889405702, 40.7031114412313], [-73.9879691611907, 40.703110820496], [-73.9877082325637, 40.7026512049291], [-73.9877138494312, 40.7025364866366]]], [[[-73.9881498452234, 40.7032397213613], [-73.9883204080947, 40.7031873136959], [-73.9883910662935, 40.703165603212], [-73.9885546849094, 40.7031153278437], [-73.9886163094252, 40.7030963926022], [-73.9886760948278, 40.7032046741741], [-73.9887232823074, 40.7032901373835], [-73.988712365264, 40.7034166060825], [-73.9886874212642, 40.7037055535409], [-73.9883952818317, 40.7036984428442], [-73.9883211672179, 40.7036966397422], [-73.9881353424804, 40.7033693215558], [-73.9880748498779, 40.7032627658859], [-73.9881498452234, 40.7032397213613]]]]}, "properties": {"campus_name": "NYC DOT cluster (6 lots)", "owner_key": "DOT", "owner_label": "NYC DOT", "lot_count": 6, "bldg_area_sqft": 50000, "derivation": "contiguous lots, owner=DOT, snap=0.0003deg", "kind": "campus", "owner_kind": "public"}}]}